route,flights,avg_arr_delay,pct_delayed
AUS-HNL,582,47.55172413793103,52.57731958762887
MRY-LAS,503,37.99801192842942,47.11729622266402
JFK-PSE,924,28.56815703380589,45.77922077922078
BDL-SJU,3516,30.624465355004276,44.59613196814562
RNO-JFK,746,54.72604588394062,43.029490616621985
SYR-FLL,554,30.072727272727274,42.96028880866426
ABQ-JFK,1053,33.95028680688336,42.07027540360874
LEX-FLL,585,39.779310344827586,42.05128205128205
SPI-PGD,552,29.361161524500908,41.84782608695652
PVD-PGD,643,26.230046948356808,41.52410575427683
LAX-CHS,536,23.93097014925373,41.23134328358209
MIA-PDX,501,24.253012048192772,41.11776447105788
SJU-BDL,3525,28.254493580599146,40.85106382978723
EWR-BQN,1406,26.26049822064057,40.82503556187766
SHV-LAS,510,23.023575638506877,40.78431372549019
EVV-SFB,515,29.988326848249027,40.0
BWI-LGA,1056,18.635071090047393,39.96212121212121
ASE-ATL,821,32.47256857855361,39.82947624847747
HTS-SFB,749,27.862115127175368,39.519359145527375
MEM-FLL,674,32.75970149253731,39.46587537091988
MYR-CVG,540,33.69016697588126,39.44444444444444
BUR-JFK,1542,30.115305422100207,39.364461738002596
SJU-DCA,1584,27.544061302681992,38.88888888888889
PSP-JFK,786,20.745849297573436,38.80407124681934
PBG-FLL,587,22.758561643835616,38.67120954003408
SNA-PVU,886,44.54648526077097,38.37471783295711
IDA-AZA,847,38.32387706855792,38.370720188902006
JFK-SMF,1262,17.802075019952113,38.35182250396196
DEN-SRQ,825,18.331713244228432,38.303030303030305
ONT-MCO,854,26.407494145199063,38.2903981264637
ANC-ATL,521,31.17658349328215,38.00383877159309
MEM-SFB,527,23.344106463878326,37.95066413662239
JFK-RNO,752,17.0421768707483,37.898936170212764
HTS-PIE,834,31.660240963855422,37.88968824940048
PBI-TTN,1197,24.31098072087175,37.761069340016704
LCK-PGD,794,25.79772439949431,37.657430730478595
EWR-SMF,1164,17.641247833622185,37.54295532646048
EGE-MIA,537,40.730550284629985,37.43016759776536
DFW-SYR,1190,26.17142857142857,37.3109243697479
SCK-LAS,2172,25.69429097605893,37.24677716390424
MSY-CVG,530,28.57547169811321,37.16981132075471
SRQ-DEN,822,23.336609336609335,37.104622871046224
JFK-BQN,2160,19.44217371110079,36.99074074074074
FWA-PGD,981,22.161389172625128,36.901121304791026
JAC-EWR,673,30.0,36.84992570579495
JFK-ABQ,1058,15.090823084200567,36.76748582230624
USA-FLL,1297,28.94049459041731,36.54587509637625
IDA-LAS,512,37.05078125,36.5234375
LAX-BDL,797,20.15994962216625,36.38644918444165
CKB-SFB,526,26.91444866920152,36.12167300380228
FLL-TYS,1468,26.418318523581682,35.967302452316076
PBI-PIT,504,19.589285714285715,35.91269841269841
DAL-PDX,553,14.605454545454545,35.62386980108499
PNS-MCO,1129,20.882196634189548,35.60673162090345
JAX-CVG,562,39.47864768683274,35.587188612099645
TRI-SFB,514,30.736842105263158,35.40856031128405
FCA-LAS,500,24.73,35.4
SFB-PIT,606,16.829752066115702,35.31353135313531
LCK-SFB,726,21.439226519337016,35.12396694214876
BLV-PGD,839,25.927884615384617,35.041716328963055
ORF-FLL,959,30.39622641509434,34.932221063607926
FNT-PGD,1175,19.154305200341007,34.72340425531915
BIL-LAS,568,21.922535211267604,34.683098591549296
PIE-BNA,649,22.94090202177294,34.66872110939907
MCO-BQN,4058,20.84168930600148,34.54903893543618
PGD-TYS,785,23.194622279129323,34.394904458598724
FLL-AVL,2710,23.080710847834137,34.391143911439116
JFK-ONT,1206,11.476627712854757,34.32835820895522
ALB-PGD,580,19.975778546712803,34.310344827586206
DFW-GEG,2731,23.95487894350697,34.30977663859392
IAH-ASE,2500,23.877824267782426,34.239999999999995
IAG-PGD,812,21.73167701863354,34.23645320197045
MCO-ONT,860,17.203271028037385,34.06976744186046
TVC-DFW,737,22.635374149659864,34.05698778833107
BQN-MCO,4056,20.409819886503826,34.048323471400394
SJC-JFK,725,28.939058171745152,33.793103448275865
LAX-BUF,796,15.626262626262626,33.54271356783919
FLL-ORF,963,23.84045881126173,33.54101765316719
SAT-BOS,1065,21.708056872037915,33.52112676056338
MFR-LAS,776,30.871134020618555,33.50515463917525
MDT-PGD,603,17.314475873544094,33.499170812603644
MIA-DAL,2033,16.601874691662555,33.49729463846533
SMF-JFK,1257,25.40159362549801,33.49244232299125
DCA-BTR,500,13.863453815261044,33.4
STL-OAK,840,11.278571428571428,33.33333333333333
CLT-ONT,1077,14.728119180633147,33.33333333333333
FLL-ALB,1617,19.64516129032258,33.33333333333333
SMX-LAS,602,31.11794019933555,33.222591362126245
ONT-JFK,1201,27.6325,33.22231473771857
FLL-SAN,1590,13.834600760456274,33.20754716981132
PGD-FNT,1175,20.031596925704527,33.191489361702125
CMH-SFO,907,19.36685082872928,33.18632855567806
ASE-IAH,2446,22.021846661170652,33.074407195421095
SAN-FLL,1593,26.935031847133757,33.01946013810421
FLL-LEX,588,20.515358361774744,32.99319727891156
HGR-SFB,555,23.82162162162162,32.972972972972975
MDW-DFW,1242,17.49717057396928,32.930756843800324
BIL-AZA,766,19.484967320261436,32.89817232375979
EYW-IAH,529,27.777142857142856,32.89224952741021
BLV-SFB,664,20.86897590361446,32.831325301204814
SRQ-CLE,678,22.15805022156573,32.743362831858406
DFW-BUF,2199,18.607843137254903,32.74215552523875
ROA-SFB,553,20.297101449275363,32.730560578661844
LEX-PGD,774,19.97922077922078,32.68733850129199
TOL-PGD,615,14.810766721044045,32.6829268292683
XNA-SFB,640,23.6890625,32.65625
MSO-LAS,527,26.9696394686907,32.63757115749525
FLL-BQN,1557,15.434362934362934,32.62684649967887
DFW-EUG,1242,21.22977346278317,32.52818035426731
SDF-SFB,645,23.28348909657321,32.4031007751938
ORH-FLL,1131,21.372881355932204,32.360742705570296
SNA-BOI,597,26.369747899159663,32.32830820770519
AVL-FLL,2712,21.998146088246198,32.30088495575221
PSC-AZA,613,16.833605220228385,32.30016313213703
SDF-FLL,1468,16.8133971291866,32.28882833787466
DFW-MDW,1242,21.303225806451614,32.2866344605475
TPA-SAN,518,14.725338491295938,32.239382239382245
MIA-SAN,1772,19.888509670079635,32.223476297968396
MDT-SFB,1270,22.695343330702446,32.20472440944882
MSY-SAN,681,11.455081001472754,32.158590308370044
CLE-SRQ,677,17.144970414201183,32.05317577548006
SFB-BNA,659,19.3531202435312,32.01820940819423
FLL-PHX,1757,11.873142857142858,31.92942515651679
DSM-PGD,712,22.22425952045134,31.88202247191011
FWA-PIE,824,16.25456760048721,31.79611650485437
MYR-ABE,631,25.524642289348172,31.695721077654515
FLL-TTN,587,19.788659793814432,31.686541737649065
BRW-ANC,1708,14.092505854800937,31.67447306791569
DEN-ECP,562,11.431127012522362,31.672597864768683
PNS-FLL,821,19.091687041564793,31.668696711327648
MEM-LAS,2278,16.67574692442882,31.65057067603161
SFB-CVG,1718,21.019801980198018,31.60651920838184
ASE-DFW,4540,25.696686680008895,31.541850220264315
DFW-ANC,1342,16.10112359550562,31.520119225037256
BUF-LAX,790,13.67432950191571,31.518987341772153
RFD-SFB,606,19.61487603305785,31.51815181518152
XNA-LAS,641,19.6140625,31.513260530421217
JAX-AUS,934,18.877813504823152,31.47751605995717
FNT-SRQ,623,17.35473515248796,31.46067415730337
DEN-ORF,2381,15.034569983136594,31.45737085258295
FNT-SFB,1116,15.004484304932735,31.451612903225808
PGD-AVL,983,18.65714285714286,31.434384537131233
BET-ANC,3284,11.792567773378009,31.394640682095005
FLL-SAT,880,12.515393386545039,31.363636363636367
DEN-BUF,1958,12.325819672131148,31.3585291113381
BOS-SJU,7544,14.105759023354565,31.336161187698835
JFK-BUR,1567,8.28031290743155,31.333758774728782
PBI-AVL,532,19.316981132075473,31.203007518796994
PIE-TYS,1709,19.90797186400938,31.187829139847867
SRQ-FNT,623,15.636655948553054,31.13964686998395
BNA-PIE,646,21.29192546583851,31.11455108359133
CHS-LAX,540,13.594444444444445,31.11111111111111
SRQ-JFK,1657,19.022397094430993,31.080265540132768
EYW-LGA,1378,19.01640566741238,31.059506531204644
ECP-DEN,557,19.060329067641682,31.05924596050269
PWM-MDW,680,15.33578792341679,31.029411764705884
IAG-PIE,558,16.915619389587075,31.00358422939068
USA-SFB,1026,20.1689453125,30.994152046783626
LAS-FLL,4336,17.219140083217752,30.973247232472325
USA-PGD,536,17.49343339587242,30.970149253731343
SDF-PGD,604,17.70149253731343,30.960264900662253
SJU-RDU,1809,18.36524626452684,30.956329463792148
GSP-SFB,504,17.76388888888889,30.952380952380953
MCO-PNS,1135,15.142100617828774,30.92511013215859
DFW-MDT,1673,24.426514697060586,30.90257023311417
ATW-PGD,670,14.28998505231689,30.895522388059703
PIE-FNT,1101,13.90419708029197,30.881017257039055
STT-MCO,1898,16.81192660550459,30.874604847207586
BQN-EWR,1397,19.91588785046729,30.851825340014315
DCA-AUS,1569,10.01594387755102,30.847673677501593
SBN-PGD,817,15.22140221402214,30.84455324357405
CVG-SAV,811,21.27351485148515,30.826140567200987
SNA-BNA,889,10.861016949152543,30.821147356580425
EGE-JFK,503,20.682,30.81510934393638
EYW-DFW,2449,23.10996705107084,30.78807676602695
PIE-CVG,1829,18.934354485776804,30.781848004373973
FLL-CHS,1956,16.890657084188913,30.725971370143153
AVL-MSP,596,14.188552188552189,30.70469798657718
RFD-PGD,818,24.42874692874693,30.684596577017114
ORH-MCO,587,17.998278829604132,30.664395229982965
PGD-BNA,698,20.84813753581662,30.659025787965614
SAN-TPA,519,12.388781431334623,30.63583815028902
LEX-SFB,1003,22.73926073926074,30.608175473579262
MCO-HPN,4624,19.949433304272013,30.579584775086506
DSM-SFB,753,20.18157543391188,30.54448871181939
JFK-SJC,724,6.777777777777778,30.52486187845304
MDW-ROC,1305,12.76840490797546,30.498084291187737
PSM-PGD,774,18.126778783958603,30.490956072351423
PGD-ATW,670,18.566066066066067,30.447761194029848
RAP-AZA,776,16.712258064516128,30.412371134020617
JFK-PBI,8307,14.850277710697899,30.408089563019143
SFB-DSM,754,17.695478723404257,30.371352785145888
SRQ-CVG,1235,18.57177615571776,30.364372469635626
SFB-TYS,2309,13.751951431049436,30.35946297098311
LAS-XNA,643,11.534267912772586,30.326594090202175
DEN-ALB,822,13.294762484774665,30.29197080291971
AZA-CVG,519,12.725338491295938,30.2504816955684
PSE-MCO,2317,14.508862948551664,30.211480362537763
LAS-PSP,2242,11.016532618409293,30.196253345227476
FLL-LAS,4354,12.010126582278481,30.179145613229213
SFB-FNT,1117,14.06199460916442,30.170098478066247
ATL-ANC,524,13.791187739463602,30.15267175572519
HOU-MKE,502,10.6686626746507,30.0796812749004
RAP-LAS,539,16.34322820037106,30.0556586270872
VPS-CVG,1767,18.737946681792398,30.050933786078097
DFW-ECP,4311,19.993254245173297,30.039434006031087
MSO-AZA,594,14.681281618887015,29.96632996632997
LAS-ATW,592,11.900169204737733,29.898648648648653
IAH-EYW,532,11.316981132075473,29.887218045112785
LAS-TYS,512,15.357563850687622,29.8828125
PGD-IND,1091,16.47426470588235,29.88084326306141
SRQ-GRR,657,14.403669724770642,29.832572298325722
PSC-LAS,597,15.88107202680067,29.81574539363484
DEN-BDL,3091,13.224781057411612,29.79618246522161
CLT-SMF,1636,13.999386503067484,29.706601466992666
MDW-ORF,2251,11.966592427616927,29.631274988893825
TOL-SFB,520,22.740384615384617,29.615384615384617
LAS-GRR,1014,18.242094861660078,29.585798816568047
HNL-JFK,2117,7.587142857142857,29.570146433632498
FNT-PIE,1100,14.957952468007313,29.545454545454547
MIA-OKC,1012,12.1441351888668,29.545454545454547
IAH-JFK,1924,19.270496083550913,29.521829521829524
DAL-SRQ,627,13.123595505617978,29.505582137161085
FLL-ISP,1249,13.57865168539326,29.46357085668535
GRI-LAS,516,13.366279069767442,29.457364341085274
BOI-SNA,595,15.559663865546218,29.411764705882355
EUG-AZA,561,18.6625,29.411764705882355
ANC-DFW,1340,25.27218045112782,29.402985074626862
TOL-PIE,592,19.857385398981325,29.39189189189189
DFW-BDL,2288,12.8638353765324,29.37062937062937
PIE-PIT,675,15.693333333333333,29.333333333333332
ECP-ORD,525,14.315487571701722,29.333333333333332
FLL-JAX,2418,15.39676616915423,29.3217535153019
HNL-ONT,1365,9.654665686994857,29.304029304029307
SGF-SFB,727,19.46831955922865,29.298486932599726
PHX-FLL,1752,13.49570692615913,29.28082191780822
BOS-PBI,7481,13.090799356223176,29.2741612083946
FLL-AUS,4902,11.886977886977887,29.27376580987352
BTV-DEN,509,20.514056224899598,29.273084479371313
MDW-VPS,513,15.302734375,29.239766081871345
DEN-AVL,821,18.190243902439025,29.232643118148598
MIA-STL,3881,13.826749289956107,29.219273383148675
EYW-PHL,1920,23.08613445378151,29.21875
FLL-PVD,2040,13.016765285996055,29.215686274509807
ORD-ASE,4046,19.48186798852074,29.21403855659911
EWR-SJU,10504,13.614834588616645,29.207920792079207
FLL-SYR,555,14.950909090909091,29.18918918918919
BDL-LAX,799,13.141752577319588,29.161451814768462
MDW-BDL,3040,11.192231731402238,29.144736842105264
DCA-CAK,1407,18.728307254623044,29.14001421464108
TPA-HPN,1493,17.11657681940701,29.13596784996651
DFW-TVC,738,12.271370420624152,29.132791327913278
TTN-ATL,1181,15.640677966101695,29.127857747671467
LCK-PIE,673,16.386904761904763,29.123328380386333
DEN-ATW,1566,13.54996776273372,29.118773946360154
LCK-SRQ,512,15.141453831041257,29.1015625
ASE-SFO,1323,18.904328018223236,29.100529100529098
AVL-PGD,983,16.904179408766566,29.094608341810783
MSP-AVL,599,13.585284280936454,29.04841402337229
BNA-SFB,661,20.76783004552352,29.046898638426626
SYR-SFB,513,16.74609375,29.0448343079922
LAS-LIH,1095,7.268151016456922,29.041095890410958
SFB-GRR,1729,17.810075275043427,29.034123770965873
HNL-PDX,3236,10.392205381998144,29.017305315203956
SYR-MCO,2982,15.87504210171775,29.007377598926894
MDW-MHT,2328,10.462166809974205,28.994845360824744
PGD-GRR,1252,18.764,28.993610223642175
MDW-SFO,1405,10.824160114367405,28.96797153024911
FLL-RIC,3479,16.081415420023013,28.945099166427134
MIA-SAT,1972,13.339776195320448,28.904665314401623
CVG-AZA,519,12.8131021194605,28.901734104046245
MCO-SYR,3007,17.075358452817607,28.899235118057863
EYW-IAD,699,21.175695461200586,28.898426323319025
RIC-MCO,3700,16.063991323210413,28.89189189189189
FLL-IND,4204,14.348333333333333,28.877259752616556
BZN-BNA,589,14.977777777777778,28.862478777589136
MIA-SFO,5680,12.92363443521301,28.8556338028169
SFB-AVL,2223,15.367088607594937,28.834907782276204
EWR-MSN,1191,10.914285714285715,28.79932829554996
AUS-SNA,2479,11.514551333872271,28.76159741831384
AUS-RNO,880,12.868119266055047,28.749999999999996
FLL-USA,1302,17.063944530046225,28.72503840245776
AZA-DSM,749,9.690860215053764,28.704939919893192
PSP-LAS,2227,11.619154676258994,28.69330938482263
ATL-ASE,865,16.66959798994975,28.670520231213874
TTN-PBI,1200,11.584448160535118,28.666666666666668
BWI-SJU,5691,10.589508889280056,28.64171498857846
PBI-JFK,8298,14.745289855072464,28.62135454326344
MIA-OMA,594,13.916949152542372,28.619528619528616
PVD-PBI,1273,12.533438237608182,28.59387274155538
DAL-MKE,1462,9.987645847632121,28.59097127222982
BLV-PIE,763,17.728346456692915,28.57142857142857
BNA-PGD,697,23.810071942446044,28.55093256814921
CLT-SFO,6445,11.319003115264797,28.549262994569435
PHX-ASE,659,14.8984375,28.528072837632777
MDW-SNA,596,8.83108108108108,28.523489932885905
RDU-SJU,1810,14.889933628318584,28.50828729281768
DFW-MCO,21038,14.67703315048891,28.49605475805685
BWI-SYR,2835,10.16590187080833,28.465608465608465
ATL-TTN,1184,16.075423728813558,28.46283783783784
AUS-LBB,1142,13.010507880910684,28.458844133099824
LAS-OKC,3936,11.192160855179434,28.455284552845526
DEN-CHS,3170,12.32774438468839,28.454258675078865
ASE-ORD,3915,19.274883960804537,28.42911877394636
FWA-SFB,686,21.965014577259474,28.425655976676385
BWI-JAN,1193,9.761583824768323,28.415758591785416
SJU-BOS,7832,13.921322398769862,28.40909090909091
BUF-RSW,613,11.176470588235293,28.38499184339315
GRR-PGD,1251,17.70152855993564,28.377298161470822
SRQ-AVL,504,13.412350597609562,28.373015873015873
MVY-JFK,1556,19.36503856041131,28.34190231362468
LEX-PIE,808,14.32960199004975,28.341584158415838
PIE-IND,1264,15.082278481012658,28.322784810126585
AVL-SRQ,505,12.746031746031745,28.316831683168314
AZA-PVU,2827,18.32707299787385,28.298549699327907
DAL-RSW,912,12.848684210526315,28.289473684210524
DFW-SMF,7427,14.73733153638814,28.261747677393295
AUS-ONT,1041,9.982708933717579,28.24207492795389
PIE-ABE,1158,14.648228176318064,28.238341968911918
PBG-SFB,702,13.914529914529915,28.205128205128204
JFK-SJU,14775,12.117766635045399,28.196277495769884
AUS-SMF,1969,9.001015744032504,28.186896901980703
JFK-MCO,19917,12.572746521476104,28.156850931365163
DEN-MLI,2029,12.72071181413742,28.14194184327255
ALB-FLL,1624,13.109665427509293,28.14039408866995
CVG-SRQ,1237,15.13484971567831,28.13257881972514
DFW-PBI,4632,12.506285218899004,28.13039723661485
MIA-SEA,2607,12.231242785686803,28.116609129267356
MCO-SAN,2199,11.532147742818058,28.10368349249659
LRD-LAS,516,16.528155339805824,28.100775193798448
DEN-JAX,3320,10.848036253776435,28.072289156626507
MCO-PSE,2327,14.043628509719223,28.061882251826386
DFW-SFO,16269,13.628690944881889,28.04720634335239
LAS-MRY,503,16.048289738430583,28.031809145129227
SFO-ASE,1370,21.742574257425744,28.029197080291972
SJU-EWR,10515,14.664153464401604,28.026628625772705
SFB-GSP,505,11.841584158415841,27.920792079207924
MCO-JFK,19882,16.906371191135733,27.919726385675485
EWR-JAC,677,11.954819277108435,27.91728212703102
LAS-SDF,2135,11.449295774647887,27.86885245901639
MDW-ALB,3140,10.629392971246006,27.86624203821656
DEN-MIA,9909,13.096512570965126,27.863558381269556
CLE-LAS,4113,10.943400829470603,27.838560661317775
EYW-ORD,2411,12.320469798657719,27.830775611779345
SAT-JFK,1884,21.04,27.81316348195329
MIA-LAS,6541,12.655325670498085,27.809203485705545
RIC-BNA,734,9.128240109140519,27.79291553133515
DFW-MSN,4930,16.205122992478145,27.768762677484787
DEN-BHM,4808,10.03665902936888,27.745424292845257
PIE-AVL,1984,13.970171890798786,27.721774193548388
SLC-OGG,671,17.567365269461078,27.719821162444113
MDW-SJU,636,10.88132911392405,27.67295597484277
PGD-CVG,1724,14.902552204176335,27.66821345707657
LCK-SAV,568,19.052816901408452,27.640845070422536
SBN-SFB,731,18.785225718194255,27.63337893296854
SRQ-DFW,2006,18.82523785678518,27.61714855433699
DCA-XNA,1362,13.217071376011774,27.606461086637296
MCO-TTN,2949,12.754529914529915,27.602577144794843
OGG-SLC,663,25.238670694864048,27.601809954751133
DFW-MSY,12777,14.088242215075692,27.596462393363076
MCO-MYR,1272,14.046420141620771,27.594339622641513
DFW-MKE,5302,15.025137025137026,27.593360995850624
MCO-OKC,805,11.74129353233831,27.577639751552795
RSW-PVD,769,11.58203125,27.568270481144342
DAL-MIA,2032,11.625863770977295,27.559055118110237
RSW-SEA,628,6.788216560509555,27.547770700636942
SGF-PIE,839,14.363636363636363,27.532777115613825
FLL-BDL,3644,13.797308431749519,27.497255762897915
AUS-PIT,622,10.21324717285945,27.491961414790993
BGR-SFB,964,16.230208333333334,27.4896265560166
MIA-JFK,24861,15.067161170684512,27.468726117211695
CLT-PDX,1635,12.944717444717444,27.46177370030581
DEN-SDF,4835,11.209119170984456,27.445708376421923
TYS-FLL,1465,13.851137146795313,27.44027303754266
FLL-HPN,3477,13.637951105937136,27.437446074201898
DFW-EYW,2453,17.05681350349938,27.435792906644924
DFW-PNS,7797,17.07850707850708,27.43362831858407
LAX-ASE,4259,18.64336521952416,27.424277999530407
MCO-MEM,3115,13.4103470437018,27.415730337078653
IAH-RIC,1292,15.412858249419054,27.39938080495356
ASE-PHX,632,16.406349206349205,27.37341772151899
SRQ-IND,1476,13.366598778004073,27.371273712737125
BOS-MCO,20573,11.567455476945597,27.34652214066981
MIA-AUS,7820,11.231311706629056,27.301790281329925
SFB-ATW,722,13.944211994421199,27.28531855955679
MCO-LAS,6005,10.141761174116077,27.277268942547877
DAL-BUR,1401,9.173007896625988,27.26623840114204
FLL-JFK,18288,15.394170182455756,27.252843394575677
BIS-AZA,1017,11.433070866141732,27.236971484759092
DFW-LAS,25974,13.524110550052038,27.231077231077233
DFW-RSW,6042,12.096399535423926,27.209533267130087
MIA-LAX,14511,12.594185885927358,27.206946454413895
BNA-DSM,691,16.539797395079596,27.206946454413895
AVL-PIE,1985,15.535189873417721,27.204030226700255
MDW-SJC,2228,6.397825101948346,27.19928186714542
SFB-LCK,728,13.679063360881543,27.197802197802197
EYW-EWR,2949,14.341278065630398,27.19565954560868
ORD-CHO,1052,9.877259752616556,27.186311787072242
FLL-PNS,824,13.001216545012165,27.184466019417474
ORD-RNO,1318,7.63677811550152,27.16236722306525
TYS-LAS,512,10.125244618395303,27.1484375
MIA-BDL,3161,13.783723875870804,27.111673521037645
MCO-OMA,1232,11.808943089430894,27.110389610389614
MCO-RSW,1280,11.407232704402515,27.109375000000004
DFW-SJU,3141,11.298083067092652,27.093282394141994
BWI-DAL,7428,7.4851190476190474,27.08669897684437
HPN-PBI,6906,11.791394097979358,27.07790327251665
BIS-LAS,654,14.05045871559633,27.06422018348624
FLL-BOS,14255,13.16758010118044,27.05015783935461
LAS-SAN,25808,9.708905437902413,27.042002479851206
FSD-LAS,980,12.2280163599182,27.040816326530614
FLL-PIT,4675,11.383626232318903,27.037433155080215
MCO-BDL,9381,13.100149317406144,27.022705468500156
DEN-RIC,3254,10.612565445026178,27.012907191149356
BWI-BDL,7130,8.982182940516275,27.012622720897618
LAS-TPA,4336,10.68361451351976,27.006457564575648
LAS-MAF,1815,9.450969529085873,26.997245179063363
GRI-AZA,541,17.20740740740741,26.98706099815157
DFW-SAN,15138,13.797470031127888,26.952041220768923
MIA-EWR,20070,13.579642696291849,26.94070752366716
SFB-TRI,516,14.452054794520548,26.937984496124027
SRQ-DAL,602,11.59567387687188,26.910299003322258
AVL-SFB,2219,14.458408679927667,26.90401081568274
DEN-ASE,10549,18.411640819452423,26.903023983315954
ORD-FAT,736,9.691562932226832,26.902173913043477
SGF-AZA,740,13.626522327469553,26.891891891891888
BZN-EWR,889,16.677382319173365,26.884139482564677
MIA-MCI,2248,12.109228711547035,26.868327402135233
MCO-SJU,28571,12.73157654974244,26.845402681040216
IAH-HNL,1643,12.753808653260208,26.84114424832623
SNA-AUS,2482,13.30359305611627,26.833199033037875
BOS-HNL,943,13.730564430244941,26.82926829268293
AUS-JAX,933,10.63469827586207,26.79528403001072
ROC-MCO,1908,10.321899736147758,26.781970649895175
CLT-SEA,4997,10.34961801367109,26.776065639383628
JFK-FLL,18315,10.438068617779239,26.775866775866774
DEN-OAK,8656,8.414431082331175,26.744454713493532
PSM-SFB,617,7.836038961038961,26.742301458670987
ISP-TPA,2124,12.325306893295561,26.741996233521657
FLL-CVG,3336,15.62533773641549,26.73860911270983
USA-PIE,1141,12.946444249341528,26.73093777388256
LAS-MCO,5984,10.496898575020955,26.72125668449198
FLL-SDF,1475,13.291242362525459,26.71186440677966
HOU-CMH,1520,10.198281559814937,26.710526315789473
BWI-BUF,7399,8.883944271608279,26.70631166373834
DFW-FSD,4211,17.643231649189705,26.69199715032059
BMI-PIE,532,14.856873822975517,26.691729323308273
CLT-SNA,570,14.296296296296296,26.666666666666668
SFB-MEM,529,11.102079395085067,26.65406427221172
BWI-MCI,3617,8.988365650969529,26.651921481891073
BNA-SFO,1859,11.791711517761033,26.627218934911244
MDW-PDX,2363,7.667233319167021,26.618705035971225
LAS-SMX,605,14.29450915141431,26.611570247933887
PGD-ABE,926,14.023835319609967,26.565874730021598
MDW-SAV,1807,9.88740987243483,26.563364692861096
DFW-GRR,4698,15.47939355114243,26.543209876543212
ORD-CAK,2231,13.072678331090176,26.535186015239802
DFW-TPA,12891,12.852817559153175,26.53013730509658
BWI-SRQ,5021,8.566946442845724,26.528579964150566
DAL-BHM,3690,10.075190010857764,26.504065040650403
HNL-BOS,940,5.652127659574468,26.489361702127663
BDL-MCO,9380,12.622110445205479,26.4818763326226
BWI-HOU,5755,6.720670391061453,26.48132059079062
DFW-SAV,4200,13.933890214797136,26.476190476190474
HDN-DFW,767,32.68289473684211,26.46675358539765
STX-FLL,1395,9.245147375988498,26.451612903225808
BOS-FLL,14270,10.221745249824068,26.44709180098108
MCO-EWR,29891,12.837533979930866,26.43939647385501
ASE-DEN,10524,14.621896699324646,26.43481565944508
MDW-SMF,2266,6.17766947275144,26.434245366284202
BMI-SFB,560,14.675,26.42857142857143
LAS-KOA,1056,5.660377358490566,26.420454545454547
MDW-PVD,2722,9.319101950680897,26.414401175606173
FLL-MEM,674,14.756676557863502,26.409495548961427
SDF-LAX,928,12.044276457883369,26.40086206896552
PWM-MCO,792,8.55766793409379,26.38888888888889
HOU-MEM,2199,8.898999090081892,26.3756252842201
TYS-PGD,785,14.856410256410257,26.369426751592357
OMA-MCO,1225,11.702702702702704,26.36734693877551
MCO-DAL,10589,9.672856466129796,26.366984606667298
ATW-SFB,721,18.157381615598887,26.352288488210817
MCO-MCI,7328,11.237782340862424,26.350982532751093
BWI-CLE,4558,8.952799121844127,26.32733655111891
MDW-MYR,1729,8.825810185185185,26.31578947368421
MIA-DEN,9912,12.273362356990988,26.311541565778857
FLL-CMH,4082,12.021328757048297,26.310632043116122
DCA-LIT,1380,13.599419448476052,26.304347826086953
HHH-EWR,654,15.077287066246058,26.299694189602445
BZN-LAS,2814,10.254538981844073,26.297085998578535
FLL-EWR,23555,12.441732685918732,26.295903205264278
DFW-FAT,5872,12.299693146948517,26.277247956403272
MDW-BUF,3971,9.680615074363498,26.265424326366155
PGD-DSM,712,14.438297872340426,26.264044943820224
DFW-SAT,16907,13.283514921837991,26.255397172768674
DFW-MIA,19264,12.045499505440159,26.245847176079735
ISP-BNA,663,11.398484848484848,26.244343891402718
PIE-GRR,1612,12.24255583126551,26.240694789081886
ATW-AZA,808,10.080645161290322,26.237623762376238
MDW-MIA,3758,11.267485317672184,26.237360298030865
DFW-PDX,9529,11.315446127946128,26.23570154265925
DFW-CHS,5357,11.658367652564582,26.227366063095015
AUS-BUR,1438,9.07267645003494,26.21696801112656
DCA-TLH,1480,11.205023761031908,26.216216216216214
MCO-ACY,3858,13.049078161516489,26.20528771384137
MIA-MSY,7065,13.370775347912526,26.199575371549894
SAV-CVG,813,16.81582200247219,26.199261992619927
MIA-MEM,2077,12.428158148505304,26.191622532498798
IAD-SYR,756,15.904635761589404,26.190476190476193
PBI-LAX,527,4.057034220532319,26.185958254269448
DFW-ELP,12992,14.206955046649703,26.185344827586203
PHL-SJU,7674,9.161117639378508,26.179306750065155
PIE-ATW,631,7.8580542264752795,26.148969889064976
LAS-MKE,5825,9.345426409903714,26.145922746781114
ICT-AZA,524,10.711832061068701,26.14503816793893
MCO-BUF,6572,11.76516306004267,26.141205112598904
DFW-JAX,8156,12.025174996929879,26.12800392349191
SFB-ROA,555,11.44122965641953,26.126126126126124
LGA-PBI,10312,9.533430656934307,26.124903025601242
GUC-DFW,613,22.122549019607842,26.101141924959215
HOU-MIA,4246,8.964108618654073,26.095148374941118
SFB-BLV,667,7.923423423423423,26.08695652173913
EWR-MIA,20058,9.912588812168519,26.084355369428657
SFB-IND,1051,13.555661274976213,26.070409134157945
PVU-AZA,2820,16.440780141843973,26.063829787234045
MIA-EGE,541,16.83551401869159,26.062846580406656
EYW-BOS,829,17.483994878361077,26.05548854041013
DFW-GSO,3950,12.379091601116468,26.05063291139241
SRQ-PIT,1194,13.392288348700754,26.046901172529314
BWI-SAV,3314,8.28994261552401,26.041038020519007
GRR-SRQ,657,10.789634146341463,26.027397260273972
BWI-PIT,4689,7.993815312433354,26.018340797611433
FLL-RDU,6242,13.04589953458514,26.017302146747838
ASE-LAX,4090,14.324503311258278,26.01466992665037
BWI-ROC,5151,8.599067599067599,26.014366142496602
DEN-RDU,8233,8.262658227848101,26.005101421110165
SGF-LAS,550,12.229090909090909,26.0
EWR-MEM,1970,6.508130081300813,25.98984771573604
LAS-FAT,6872,9.60250619262713,25.9895227008149
PGD-PIT,689,12.063860667634252,25.979680696661827
SFB-EVV,516,12.132553606237817,25.968992248062015
DFW-ONT,10123,12.146066303809995,25.960683591820604
DEN-SYR,1668,9.547418967587035,25.959232613908874
PIA-PGD,790,18.215462610899873,25.949367088607595
RAP-CLT,790,18.134615384615383,25.949367088607595
FLL-MCO,6848,11.421852176453404,25.949182242990652
RSW-JFK,5677,13.334569209039548,25.946802888849746
SFO-CMH,910,8.531353135313532,25.934065934065938
LGA-FLL,19407,9.251705955334987,25.933941361364454
SRQ-LGA,2512,22.23361479694411,25.915605095541398
MCO-BOS,20585,12.717885111143538,25.91207189701239
MDW-BUR,973,5.790721649484536,25.899280575539567
HOU-SMF,1085,8.842250922509225,25.89861751152074
CVG-PGD,1726,13.327887981330221,25.89803012746234
LAS-BIL,568,11.136524822695035,25.880281690140844
DEN-BOS,14208,9.917878830673633,25.87274774774775
KTN-SIT,1380,8.074670571010248,25.869565217391305
JFK-PSP,785,1.6500638569604087,25.85987261146497
MIA-CLE,3361,8.557806912991657,25.855400178518302
ORD-HSV,2584,10.993009708737864,25.851393188854487
MYR-MCO,1265,14.006349206349206,25.849802371541504
PBI-BOS,7473,12.383460662109636,25.83968954904322
AUS-FLL,4942,10.584499898559546,25.819506272764066
CVG-PIE,1832,13.589687328579265,25.818777292576417
JAC-ATL,930,16.29125138427464,25.806451612903224
EWR-PBI,13966,8.84656236543706,25.805527710153232
DCA-HPN,5139,13.204652071931196,25.80268534734384
MCO-PDX,1942,7.638572905894519,25.79814624098867
LAS-HNL,6089,10.485274431057563,25.784201018229595
LAS-DSM,2255,10.654359430604982,25.764966740576494
DFW-MFE,10527,14.127900342335488,25.762325448845825
DEN-DAL,14250,9.024871415486507,25.76140350877193
AZA-GRR,909,10.649064906490649,25.742574257425744
HOU-CHS,983,7.542769857433808,25.737538148524923
EGE-LAX,750,21.013477088948786,25.733333333333334
MCO-MSY,9700,11.212772553477317,25.72164948453608
EWR-MCI,2758,7.680116321337695,25.7070340826686
LAS-OMA,4969,8.070953436807095,25.699335882471324
CVG-SFB,1720,17.70979020979021,25.69767441860465
DCA-MGM,1191,10.396972245584525,25.692695214105793
LAS-IND,6547,8.632543926661574,25.69115625477318
LAS-MSY,4340,8.62528841716659,25.66820276497696
MCO-PHL,26167,13.615037478965887,25.665915083884283
LAN-DCA,1243,15.174053182917003,25.663716814159294
BWI-MIA,9919,9.740647118301315,25.657828410121986
PIE-GSP,534,8.148217636022514,25.65543071161049
HOU-SAV,1345,8.06547619047619,25.650557620817843
MIA-DFW,19224,13.162907268170427,25.65022888056596
FLL-MCI,2149,9.018173345759553,25.63983248022336
LGB-DAL,1798,9.053721320649133,25.639599555061178
ORH-LGA,909,22.106710671067106,25.63256325632563
MSY-BOS,3149,11.085905186127903,25.62718323277231
DFW-AUS,20199,12.538698001884079,25.625030942125846
SJU-PHL,7662,13.642305173542894,25.619942573740538
DEN-FLL,8849,8.795689166193988,25.61871397898068
OGG-PDX,3202,6.437245696400626,25.60899437851343
DFW-BUR,3206,9.818153266331658,25.608234560199627
FLL-SJU,12071,10.27792057043363,25.59854196006959
DFW-BFL,2977,13.93135935397039,25.596237823312055
LAS-SBA,3591,6.95970900951315,25.591757170704536
JFK-IAH,1936,5.2208398133748055,25.568181818181817
BWI-PWM,5699,8.06979606188467,25.565888752412704
BGR-PIE,834,10.368231046931408,25.539568345323744
BQN-JFK,2154,11.453656264555192,25.5338904363974
MDW-RDU,4739,7.3604651162790695,25.53281282971091
AUS-AMA,819,7.776009791921664,25.518925518925517
EWR-IAD,6976,11.494765524164634,25.51605504587156
PGD-LCK,796,13.973551637279597,25.502512562814072
STT-SJU,3056,14.495358090185677,25.490837696335078
MIA-RIC,2060,9.752792617775619,25.485436893203882
STL-SFO,679,4.148967551622419,25.47864506627393
GRR-MCO,1799,12.51866295264624,25.4585881045025
MCO-LGA,19951,10.675517415446745,25.447345997694352
DEN-OGG,1863,9.647788565264294,25.442834138486315
LAS-DAL,11697,8.600274961333563,25.442421133624006
MCO-RIC,3715,12.427993527508091,25.437415881561236
DCA-PNS,3350,12.233513189448441,25.432835820895523
DFW-DSM,6014,13.813031161473088,25.424010641835714
DFW-SBA,3088,10.941176470588236,25.42098445595855
LAS-COS,4218,8.231116389548694,25.414888572783312
SYR-PIE,791,10.784810126582279,25.410872313527182
BWI-PHX,5009,4.367862151873372,25.3942902775005
COD-DEN,2257,15.146417445482866,25.387682764731945
BWI-ORF,6956,7.64809215262779,25.3737780333525
MDW-SLC,3298,6.353888213851762,25.348696179502728
BWI-SAT,3460,5.165219907407407,25.346820809248555
EUG-DFW,1239,22.045565500406834,25.343018563357546
BUF-FLL,2064,9.389483933787732,25.339147286821706
MCO-SDF,3885,11.643115007735947,25.328185328185327
MCO-ISP,5946,10.683518705763397,25.327951564076688
BWI-PVD,7811,7.399462090163935,25.323262066316733
LAS-BOI,5958,8.712197580645162,25.31050688150386
MDW-SEA,2673,4.9592913682623445,25.289936401047513
LAS-PIT,3713,7.652373247033442,25.28952329652572
ORD-ECP,526,10.469348659003831,25.285171102661597
AVL-PBI,534,9.352720450281426,25.280898876404496
MCO-CLE,9618,11.061640982923782,25.275525057184446
BWI-MYR,4598,8.939525777681096,25.271857329273594
IAH-GRR,1298,10.841698841698841,25.26964560862866
DEN-MCO,19660,8.90655637254902,25.264496439471007
PHX-TPA,4168,9.261131167268351,25.26391554702495
RSW-BDL,1611,12.235696517412935,25.26381129733085
DEN-CMH,7525,9.254593874833555,25.249169435215947
FLL-CLE,5240,10.758594346829641,25.248091603053435
MDW-PHL,6636,9.010567632850242,25.2411091018686
PIE-DSM,765,7.087926509186352,25.22875816993464
EWR-FLL,23561,9.166624095359728,25.228131233818594
DEN-JFK,5752,12.5648761771887,25.226008344923507
FAR-BNA,559,14.374551971326165,25.223613595706617
ROA-CLT,563,11.288256227758007,25.22202486678508
BWI-CMH,4635,8.123947311595767,25.221143473570656
TTN-MCO,2919,10.185032612427051,25.214114422747517
DFW-MEM,11191,13.028980322003578,25.20775623268698
SGU-DFW,1004,19.56797583081571,25.199203187250994
ORD-OGG,905,3.8626799557032117,25.193370165745854
DFW-CAE,3740,14.883832976445396,25.18716577540107
FLL-DCA,9602,9.73568143812709,25.18225369714643
DAL-ONT,1438,8.536908077994429,25.17385257301808
DEN-TPA,13543,8.518732415222864,25.171675404267884
PVD-RSW,763,6.7752956636005255,25.16382699868938
ALB-MCO,4253,9.747221565381887,25.158711497766284
ORD-GEG,807,6.761490683229813,25.154894671623296
EWR-MCO,29884,10.040438955634606,25.150582251371972
DEN-GSP,1515,9.04887714663144,25.14851485148515
GSP-PIE,533,9.378986866791745,25.14071294559099
JFK-SRQ,1663,8.443772672309553,25.13529765484065
LGA-MCO,19944,8.371178600160901,25.130365022061774
DFW-VPS,6936,13.47048611111111,25.129757785467127
SAN-SAT,1763,8.005675368898979,25.127623369256945
SNA-DAL,1473,7.671917808219178,25.118805159538354
SJU-JAX,725,13.429558011049723,25.103448275862068
CMH-LAX,1247,9.495184590690208,25.100240577385723
ABQ-BUR,1008,8.423880597014925,25.099206349206348
LAS-BHM,1124,7.881461675579323,25.088967971530252
MIA-RDU,9331,12.195661512027492,25.088414960883078
DFW-CLE,7184,9.823102678571429,25.08351893095768
PIT-SFB,606,13.447933884297521,25.082508250825082
MDW-PWM,686,9.601756954612005,25.072886297376094
LAS-CMH,4604,8.06050054406964,25.065160729800173
MIA-BOS,16443,10.726015715416946,25.062336556589432
DCA-CHA,1213,10.750206782464847,25.061830173124484
MDW-MEM,3133,8.254313099041534,25.055857006064475
PDX-MIA,503,14.634194831013916,25.04970178926441
CLT-EWR,17069,10.707132374523042,25.04540394867889
DCA-CRW,1370,13.086510263929618,25.036496350364963
DFW-ASE,4692,9.81530225295561,25.021312872975276
AKN-ANC,1355,3.8361623616236162,25.018450184501845
DAL-TPA,5704,9.569065634348055,25.01753155680224
DEN-PHL,11941,10.183916729623101,25.014655388995898
CID-PGD,672,12.043219076005961,25.0
IND-FLL,4210,10.580891112699547,24.98812351543943
BWI-ABQ,949,5.4905063291139244,24.973656480505795
JFK-MKE,1987,12.530776992936428,24.962254655259184
MHT-TPA,661,8.513719512195122,24.96217851739788
BWI-ALB,7231,7.675252735078244,24.961969298852164
BWI-PBI,5810,6.111187726254094,24.95697074010327
MDW-SRQ,2032,8.315163528245789,24.950787401574804
LAS-FCA,501,12.60878243512974,24.9500998003992
SFB-ABE,2662,10.866616428033158,24.94365138993238
MCO-PIT,9490,9.473728634733066,24.942044257112748
MDW-LAX,6424,4.013316622277926,24.937733499377334
BQN-FLL,1560,12.998069498069498,24.935897435897438
SMF-EWR,1167,10.630584192439862,24.93573264781491
MDW-IAD,2624,8.655725190839695,24.923780487804876
DFW-IND,7932,10.617160883280757,24.91174987392839
PIT-PBI,506,10.772277227722773,24.90118577075099
ORD-DAL,5024,5.452276357827476,24.90047770700637
MIA-MDW,3806,8.501583113456464,24.88176563321072
GRR-DFW,4699,15.27622302926725,24.877633539050862
ORD-EYW,2420,5.641313383208645,24.87603305785124
DAL-SMF,1982,6.982314300151592,24.873864783047427
HNL-AUS,583,6.285714285714286,24.871355060034304
DEN-PIT,7243,8.769326510856036,24.865387270468037
PGD-USA,539,9.94018691588785,24.860853432282003
DEN-HNL,2257,11.730357142857143,24.856003544528136
DAL-RDU,1388,7.914801444043321,24.855907780979827
DEN-MEM,5763,8.941094700260644,24.84816935623807
FLL-BUF,2089,10.465674507921268,24.844423168980374
MEM-LAX,2065,11.155825242718446,24.842615012106535
SYR-BNA,596,9.057142857142857,24.832214765100673
DEN-ONT,11334,6.858000706464147,24.819128286571377
CID-AZA,951,5.891464699683878,24.81598317560463
JAC-SEA,814,7.642409033877039,24.815724815724817
DFW-BNA,13157,10.589234049033044,24.81568746674774
MCO-PWM,798,9.707653701380176,24.81203007518797
DFW-PHX,20752,11.96910898735399,24.797609868928298
BOS-RSW,8849,7.824370319945541,24.78246129506159
DFW-CID,4988,15.159452385745922,24.779470729751406
RFD-PIE,662,16.03951367781155,24.773413897280967
MCO-STT,1906,10.762783342119135,24.763903462749212
MDW-CLT,3154,6.77287166454892,24.762206721623336
BWI-MSY,4467,7.056341189674523,24.759346317438997
TTN-FLL,594,11.784380305602717,24.747474747474747
DAL-SLC,2791,7.853658536585366,24.72232174847725
DCA-JAN,1339,8.922614575507138,24.719940253920836
BOS-SYR,963,11.822429906542055,24.714434060228452
LAS-SFO,24805,8.315553762356265,24.712759524289456
DSM-PIE,765,14.384816753926701,24.705882352941178
AUS-ECP,502,7.780876494023905,24.701195219123505
EUG-LAS,1774,14.532203389830508,24.689966178128522
MCO-AUS,11092,10.149995482063794,24.675441759826903
LAS-ABQ,7191,8.182994711939884,24.669726046446947
CLT-MCO,22586,11.49709289423461,24.665722128752325
RSW-ISP,669,11.755622188905548,24.663677130044842
JAC-SFO,1399,8.543084721216509,24.660471765546816
PNS-DFW,7779,17.66580578512397,24.656125465998198
JFK-MIA,24894,8.120442078089706,24.65252671326424
ABE-PGD,925,12.899782135076252,24.64864864864865
BOS-TPA,11210,9.23194120810181,24.64763603925067
DAL-MCO,10593,8.82995452823039,24.63891248937978
MDW-IAH,2522,5.5863166268894195,24.623314829500398
ORF-MCO,2738,12.525100769512642,24.616508400292183
BWI-MCO,23354,9.073228312658282,24.60820416202792
BWI-CHS,5304,6.385660377358491,24.604072398190045
AUS-TPA,4748,11.140925417282908,24.59983150800337
MIA-BWI,9948,9.608564231738034,24.597909127462806
LAS-OGG,3006,10.467961826857533,24.58416500332668
LAS-STL,8868,7.8401491188431995,24.582769508344608
SFB-LEX,1005,11.66066066066066,24.577114427860696
ORD-EWR,22763,9.66254346964828,24.574968150068095
PDX-BOS,2112,11.672675521821631,24.573863636363637
DFW-EWR,14495,10.448627287853578,24.567092100724388
DAL-SNA,1478,7.940298507462686,24.56021650879567
RSW-DAL,908,7.791850220264317,24.559471365638768
MIA-DTW,6932,10.18936108701937,24.55279861511829
DEN-ANC,2558,7.349567949725059,24.550430023455824
CVG-MYR,546,15.625688073394496,24.54212454212454
BWI-MKE,3651,6.832510964912281,24.54122158312791
SFB-SDF,648,10.500772797527048,24.537037037037038
DSM-AZA,750,9.752,24.53333333333333
CID-BNA,526,11.55893536121673,24.524714828897338
DEN-ICT,7609,9.839231680042099,24.51044815350243
SJU-MCO,28496,12.360098522167487,24.508702975856263
PBI-EWR,13927,10.771731295949257,24.50635456307891
GRR-PIE,1612,11.0725,24.503722084367247
IAD-EYW,702,8.179190751445086,24.501424501424502
MEM-DFW,11193,13.315214471209815,24.49745376574645
DFW-TYS,6429,12.753625448308124,24.48281225696065
BNA-CID,527,14.727619047619047,24.47817836812144
MIA-IND,3631,10.088527302813016,24.456072707243184
MIA-BNA,8933,11.02008527827648,24.44867345796485
MCO-SAT,4017,8.582294264339152,24.446104057754543
FLL-LGA,19465,8.478739343838802,24.438736193167223
DFW-RDU,8422,10.817792068595928,24.436000949893135
DEN-MDW,14339,6.833379966424174,24.422902573401213
MOT-AZA,602,9.01,24.418604651162788
LAS-BUF,893,8.012359550561797,24.412094064949606
IAH-ONT,1135,9.613074204946997,24.405286343612335
BUF-LAS,906,4.21570796460177,24.392935982339957
MDW-BHM,2350,7.149017933390264,24.382978723404257
JAX-SJU,722,12.20775623268698,24.37673130193906
PBI-ISP,3323,10.715449607724803,24.375564249172434
IAD-EWR,6987,10.846319106273274,24.373837126091313
DFW-ORF,4186,12.217954872779645,24.36693741041567
SAV-BOS,2632,9.62423780487805,24.354103343465045
MDW-OAK,3377,4.190193164933135,24.341131181522062
SWF-PIE,530,8.020793950850662,24.339622641509433
JFK-HNL,2120,6.770724774988158,24.339622641509433
DFW-SEA,18696,8.61260053619303,24.33675652545999
IND-PGD,1093,13.15115207373272,24.33668801463861
HPN-FLL,3464,9.03544450900639,24.336027713625867
DEN-BWI,12938,6.563312693498452,24.33142680476117
MDW-OKC,2199,5.74294813466788,24.32924056389268
AVL-ORD,2985,11.007058823529412,24.321608040201003
RSW-BOS,8836,11.115040235747479,24.30964237211408
DEN-LGA,19127,8.198532904111035,24.30595493281748
AUS-MAF,1510,9.988079470198675,24.304635761589406
BOS-SAT,1070,4.947565543071161,24.299065420560748
DEN-SFO,22775,7.177644008963487,24.298572996706916
TYS-SFB,2309,11.946637744034707,24.29623213512343
FAT-LAS,6867,11.698674049249599,24.290083005679335
HOU-DFW,9993,13.678088367899008,24.28700090063044
HNL-SMF,3290,5.20785149117468,24.285714285714285
MIA-LGA,23426,8.786554477547867,24.284982498079057
FLL-MSY,7034,8.91186537364518,24.28205857264714
ILM-BOS,659,12.841704718417047,24.279210925644918
CLE-TPA,4824,10.054031587697423,24.27446102819237
ATW-DEN,1574,14.131210191082802,24.269377382465056
CRW-ORD,2118,18.108953102794885,24.268177525967893
DAL-SEA,2106,4.457854406130268,24.26400759734093
SLC-JFK,9340,9.240893950789728,24.261241970021413
JFK-TPA,10161,8.297954343314556,24.259423285109733
JFK-RSW,5701,7.303505372555928,24.258901947026835
MDW-ECP,569,7.218694885361552,24.253075571177504
MCO-CMH,9005,9.722827294954435,24.242087729039422
DFW-SDF,8923,12.482646299000336,24.24072621315701
DFW-ABQ,11007,10.455463561095442,24.23912055964386
BWI-LAS,8431,4.891412940057088,24.232000948879136
TUL-SFB,545,17.477064220183486,24.220183486238533
DLG-ANC,1194,7.177554438860971,24.204355108877724
DFW-EGE,3643,14.569332964295599,24.183365358221245
LAS-OAK,20867,8.395368905508414,24.18172233670389
BWI-AUS,5597,5.058085335245607,24.173664463105236
DEN-MFR,3844,8.975679916317992,24.167533818938605
DEN-EWR,13080,8.653163194711354,24.166666666666668
EWR-PDX,3269,5.777232279840442,24.166411746711532
MIA-PHL,13453,11.830580357142857,24.16561361778042
EYW-DCA,2045,8.547216699801194,24.156479217603913
MFE-LAS,1541,12.436729396495782,24.140168721609346
MCO-BWI,23435,8.854615384615384,24.139108171538297
DFW-FLL,13286,9.782956259426848,24.13819057654674
DCA-AGS,1392,10.866618601297764,24.137931034482758
SRQ-EWR,4268,12.166431593794076,24.13308341143393
SJU-TPA,6510,13.797291057411114,24.1321044546851
DEN-OKC,12593,10.316363057831516,24.116572699118556
AZA-ATW,809,7.370324189526184,24.103831891223734
LAS-TUL,2569,7.306671868903629,24.094978590891397
PIT-PGD,689,8.62371888726208,24.092888243831638
DAL-LGA,5620,6.258006799069601,24.09252669039146
HOU-RDU,631,7.1537242472266245,24.088748019017434
DFW-TUS,10140,9.987860244769049,24.08284023668639
STT-FLL,1935,6.792918454935623,24.08268733850129
EGE-DFW,3609,16.730296254891,24.078692158492657
MDW-LAS,13951,4.6859361518550475,24.077127087663968
SAN-MCI,1662,7.476190476190476,24.067388688327316
ANC-ORD,2988,11.089778076664425,24.062918340026773
DFW-CVG,7950,9.811586901763224,24.062893081761004
SFB-USA,1031,10.806829268292683,24.05431619786615
PBI-DCA,6581,12.25122174709835,24.03889986324267
JFK-DEN,5770,5.309846903270703,24.03812824956672
EYW-CLT,6274,13.102194457792727,24.035702900860695
FLL-ORD,13982,9.34189198881159,24.030896867400944
DAL-LIT,4329,7.524514338575393,24.024024024024023
CID-PIE,666,11.822289156626505,24.024024024024023
EWR-PHL,783,6.459770114942529,24.010217113665387
DAL-COS,3591,6.894265734265734,24.00445558340295
HNL-ANC,1221,1.7362366474938373,23.996723996723997
ALB-PIE,571,14.096491228070175,23.992994746059544
DFW-BHM,9046,12.22735838598825,23.988503205836835
DEN-LAS,36465,8.065658367873514,23.987385163855752
FLL-ORH,1134,9.47508896797153,23.985890652557316
BWI-ISP,6000,7.541951626355296,23.983333333333334
DFW-GSP,4466,12.03384891279982,23.981191222570533
MDW-OMA,6302,6.735864040660737,23.976515391939067
AGS-DCA,1381,12.920058139534884,23.968139029688633
MCO-DFW,21001,11.546193184533767,23.96076377315366
LAS-MDW,13913,6.157525832791387,23.948824840077627
LAS-HOU,8723,7.086546207849005,23.948182964576407
EWR-LAS,12637,5.790764103784813,23.945556698583527
SAN-MSY,685,7.067349926793558,23.94160583941606
MCO-DCA,17330,11.89149713093375,23.941142527409117
MDW-BOS,5744,6.476290097629009,23.93802228412256
FLL-STX,1392,8.520518358531318,23.92241379310345
SRQ-PHL,1948,16.749100257069408,23.921971252566735
LAS-ELP,5008,8.661667666466707,23.921725239616613
LGA-MSY,5268,5.873856707317073,23.917995444191344
LAS-BZN,2864,6.54134548002803,23.917597765363126
BWI-IND,4955,6.946698970321018,23.91523713420787
SAV-DEN,1506,10.367647058823529,23.904382470119522
CLE-MCO,9566,9.796583525466358,23.89713568889818
EWR-ROC,2352,8.323253833049403,23.89455782312925
LAS-SAT,8383,7.932679660408944,23.893594178694975
MCO-IND,9925,8.284950574944522,23.889168765743072
DFW-DEN,26744,10.80469891707573,23.885731379000894
FLL-SEA,3471,5.328157046586581,23.883607029674444
DAL-CMH,1767,9.739671760045274,23.88228636106395
DEN-DAY,536,5.701492537313433,23.88059701492537
AUS-MCO,11001,9.839241775266563,23.879647304790474
EWR-LAX,21946,6.6882476486165645,23.872231841793493
CVG-VPS,1768,12.221906923950057,23.868778280542987
PHL-LAS,6930,6.07251411202779,23.867243867243868
ISP-FLL,1232,6.203583061889251,23.863636363636363
DAL-IND,2477,8.167541380702463,23.859507468712152
GRR-SFB,1727,12.860046457607433,23.856398378691374
SAN-PAE,566,7.215547703180212,23.851590106007066
MSY-JFK,5154,10.874902723735408,23.84555684904928
DFW-IDA,2114,10.27592768791627,23.841059602649008
EWR-SFO,17181,5.846019349574543,23.840288690995866
PIT-LAX,1292,4.923315259488769,23.8390092879257
HNL-DTW,688,10.15643274853801,23.837209302325583
BNA-OAK,1007,6.852035749751738,23.833167825223438
SDF-PIE,550,10.231329690346083,23.81818181818182
RDU-EWR,10971,10.980195308934928,23.81733661471151
ACK-LGA,1562,15.763613068545803,23.81562099871959
MCO-PHX,7286,10.303013623228292,23.81279165522921
DFW-MCI,11427,11.100990619794862,23.812024153321083
CLT-MLI,731,11.610958904109589,23.803009575923394
DEN-TUL,8519,7.448012232415902,23.78213405329264
MCO-LBE,1657,9.054446460980037,23.777911888955945
MFE-AUS,694,20.1976911976912,23.77521613832853
LAS-MSO,530,8.584615384615384,23.77358490566038
CLT-AUS,8561,7.98162238089664,23.770587548183624
PSC-SFO,1860,12.420797413793103,23.763440860215056
HOU-VPS,707,6.698727015558699,23.762376237623762
GRR-RSW,644,7.694227769110764,23.75776397515528
MCO-PVD,7093,9.778892342469625,23.755815592838008
SAV-DAL,1402,6.788833214030064,23.75178316690442
PHX-MEM,2421,10.168464730290456,23.750516315572078
MIA-BHM,2880,6.14544189283229,23.75
DFW-SRQ,2009,9.907546226886558,23.743155798904926
DEN-COS,17159,9.65444139461543,23.73681449967947
ANC-BRW,1635,8.02774352651048,23.730886850152906
SEA-RSW,628,3.9424,23.726114649681527
AUS-MFE,696,15.158273381294965,23.70689655172414
DFW-PHL,14840,9.226128618665227,23.699460916442046
IAH-DFW,23517,13.372445504087194,23.697750563422204
DFW-PIA,3280,12.934311029636419,23.6890243902439
PIT-AUS,625,4.144230769230769,23.68
RSW-DCA,4181,14.398510689406677,23.678545802439608
BWI-JAX,6057,6.61766165040516,23.67508667657256
SNA-HOU,583,7.29553264604811,23.67066895368782
TPA-SAT,1559,8.854475209272376,23.669018601667734
ROA-PIE,507,10.272189349112425,23.668639053254438
DFW-CMH,7179,11.189445762948486,23.666248781167294
MIA-TPA,10323,11.89065683516057,23.665601084955924
PBI-DTW,1416,12.292993630573248,23.65819209039548
BNA-SYR,596,6.723905723905724,23.657718120805367
DAL-LAS,11654,6.791083240271455,23.65711343744637
ORD-JFK,10870,11.446708463949843,23.65225390984361
FSD-AZA,1383,9.775126536514822,23.644251626898047
CLT-SAT,6154,8.346373268133659,23.643158921026973
LAS-BOS,6583,10.632262996941895,23.6366398298648
PHL-ORF,4261,12.065959952885748,23.632950011734337
AUS-RDU,5091,10.331693881566004,23.629935179728932
CID-SFB,673,12.148588410104011,23.625557206537888
ISP-PBI,3344,7.460431654676259,23.624401913875598
CID-LAS,563,7.775401069518717,23.623445825932503
CVG-JAX,563,13.01067615658363,23.623445825932503
DSM-BNA,690,12.58840579710145,23.6231884057971
ATL-JFK,15870,10.182185468089136,23.6231884057971
MDW-LGB,1651,4.978115501519757,23.62204724409449
BWI-FLL,17547,6.487899765432805,23.616572633498603
BWI-SEA,2232,3.0462505612932196,23.61111111111111
LAS-SCK,2177,9.376095985233041,23.610473128158016
DEN-IAH,22927,8.795445605140085,23.592271121385266
SEA-FAI,9215,3.811665037471489,23.591969614758547
MVY-LGA,1115,14.678956834532373,23.58744394618834
PHL-TYS,1696,9.584170112226817,23.58490566037736
ATL-COS,742,8.464140730717185,23.58490566037736
MIA-IAH,13960,10.307277821682591,23.581661891117477
HOU-IND,1939,7.146542827657378,23.568849922640535
SNA-JFK,1256,14.453074433656958,23.56687898089172
LAS-GEG,3977,5.58102667337695,23.560472718129244
BDL-RSW,1622,7.594077729796422,23.55117139334155
MIA-MCO,15592,11.799704503115565,23.550538737814264
DFW-PIT,6805,10.257357268981753,23.526818515797206
DFW-BWI,6796,7.9228272096798,23.513831665685696
MDW-MCO,13580,7.480777761348514,23.505154639175256
LAS-EUG,1787,9.655829596412556,23.503077783995526
IND-SFB,1051,10.210877862595419,23.50142721217888
BNA-BUR,1081,4.246282527881041,23.496762257169287
DEN-MSY,10023,7.435587117423485,23.49595929362466
EWR-RSW,9921,8.11008802995042,23.4956153613547
AUS-OAK,1656,7.352692075015124,23.490338164251206
LAS-ONT,9946,6.873138832997988,23.486828875930023
FLL-LAX,9692,5.957746478873239,23.483285183656623
LIT-DFW,12296,13.135982411855712,23.47918022121015
JAX-EWR,5899,11.788291354663036,23.478555687404643
PHX-MCO,7263,7.56945213060321,23.475148010463993
OAK-ABQ,1564,6.8962868117797695,23.465473145780052
GRR-BNA,635,10.77602523659306,23.46456692913386
HPN-DCA,5123,13.51851126346719,23.462814756978332
DAL-LGB,1803,6.468073292615213,23.46089850249584
CLT-LAS,11560,6.494493105541584,23.460207612456745
FLL-PHL,11975,11.25752508361204,23.448851774530272
BOS-AUS,6397,5.756353937872608,23.448491480381428
EGE-ORD,1250,18.630048465266558,23.44
EWR-AUS,7736,5.889018691588785,23.422957600827303
DEN-ELP,6645,7.485309627843906,23.416102332580888
MCO-MDW,13625,7.553197760094312,23.39816513761468
FLL-DFW,13283,10.428722600151172,23.390800271023114
PHL-AUS,3168,6.031071655041218,23.390151515151516
SBN-AZA,543,10.601851851851851,23.388581952117864
GRR-LAS,1014,14.627218934911243,23.37278106508876
MIA-PHX,6337,10.15110759493671,23.370680132554835
AUS-BOS,6376,13.820754716981131,23.353199498117945
PHX-ANC,1405,1.5262401150251617,23.345195729537366
MSY-LAS,4349,6.758700161327495,23.338698551391126
MCO-GRR,1834,7.937738940469688,23.336968375136312
MSO-LAX,699,11.065902578796562,23.319027181688128
DEN-TYS,3761,8.606561749799946,23.31826641850572
AUS-ELP,5843,9.096779719081878,23.309943522163273
DFW-BOS,15085,9.346485983791684,23.307921776599272
BNA-GRR,635,9.00788643533123,23.30708661417323
MCO-ORD,22276,8.975437491565073,23.303106482312803
CAK-MCO,545,10.09409594095941,23.30275229357798
ATW-PIE,631,10.820349761526233,23.296354992076072
SJU-JFK,14838,11.712731450195973,23.29154872624343
CLE-PHX,3130,10.30048,23.290734824281152
TYS-PIE,1709,13.829512051734273,23.28847279110591
ECP-DFW,4303,16.83594297733115,23.286079479432953
DEN-OMA,14237,8.549360146252285,23.284399803329354
IAH-EWR,15698,7.808829174664107,23.276850554210725
MEM-EWR,1968,9.126278118609408,23.272357723577237
PBI-HPN,6910,11.243239292501096,23.270622286541247
MCI-FLL,2153,7.153379953379954,23.269856014862984
LAS-MIA,6529,8.72135697764071,23.265431153315973
RIC-EWR,778,7.841698841698841,23.26478149100257
HOU-BHM,1973,6.996450304259635,23.26406487582362
XNA-VPS,662,5.8890577507598785,23.26283987915408
DEN-IND,11109,8.086905619596541,23.260419479701145
SRQ-DCA,1909,10.408206207259337,23.25825039287585
SUN-SEA,516,8.090551181102363,23.25581395348837
BOS-PDX,2104,3.4031563845050217,23.24144486692015
LAS-AUS,13477,8.505802707930368,23.23959338131632
KOA-PDX,1257,5.801593625498008,23.22991249005569
EWR-SRQ,4316,6.953953488372093,23.215940685820204
PHL-PBI,6494,7.530728844966029,23.206036341238065
CHS-BOS,4715,13.225573491928632,23.202545068928952
RSW-HPN,2293,10.624725032996041,23.201046663759268
IND-PIE,1263,10.863418530351439,23.198733174980205
DFW-ILM,2733,9.067180616740089,23.197950969630444
MVY-DCA,914,14.541850220264317,23.194748358862142
LAS-CLE,4126,7.350072780203784,23.19437712069801
PIA-LAS,552,11.049001814882033,23.18840579710145
ORD-MKE,8514,9.691891891891892,23.185341789992954
DAL-MEM,2157,8.323747680890538,23.180343069077423
LAS-MCI,8408,7.800810102454134,23.168411037107518
MDW-TPA,8758,7.337532928645058,23.16738981502626
DEN-GRR,5764,8.037030598052851,23.160999306037475
DEN-LGB,4625,4.248266897746967,23.156756756756756
JAX-FLL,2414,13.710427918570835,23.15658657829329
JFK-MVY,1572,11.318646232439336,23.155216284987276
JFK-MCI,1896,6.55256207078711,23.154008438818565
PVD-FLL,2043,5.422736220472441,23.15222711698483
SFB-SYR,514,9.824561403508772,23.151750972762645
SEA-SIT,1456,7.820708825573314,23.145604395604398
DSM-LAS,2273,8.696609423161602,23.141223053233613
FLL-PBG,605,10.17109634551495,23.140495867768596
DAL-CLT,1651,7.469549330085262,23.13749242883101
OAK-EUG,2304,7.861111111111111,23.133680555555554
DFW-SLC,17426,11.195126156675672,23.132101457592103
MDW-GRR,4518,6.62452955501439,23.129703408587872
DFW-OMA,6736,9.59553903345725,23.129453681710213
ECP-AUS,506,8.183632734530939,23.122529644268774
DCA-BGR,3884,9.209032258064516,23.120494335736357
LAS-BNA,7846,6.625351033954557,23.120061177670152
ACK-JFK,1821,13.963736263736264,23.11916529379462
PHL-MCO,26136,8.84788862041192,23.117539026629935
DFW-SJC,5435,6.587737064997238,23.10947562097516
SFB-HTS,753,8.898936170212766,23.107569721115535
STL-SRQ,1169,6.5317324185248715,23.09666381522669
LAS-BWI,8542,5.785781323322384,23.085928354015454
DFW-RIC,4199,7.011708482676225,23.076923076923077
STL-LGB,1300,4.9467592592592595,23.076923076923077
CLT-TPA,14931,9.241076221148685,23.072801553814212
DCA-FLL,9588,7.972009644616836,23.070504797663745
DEN-ABQ,11456,7.4584134195352085,23.053421787709496
MDW-SAN,5209,2.6837837837837837,23.03705125743905
ISP-RSW,673,2.584202682563338,23.031203566121842
FLL-ACY,2840,7.032815808045166,23.028169014084508
DFW-IAH,23515,10.99731663685152,23.027854560918563
DAL-DEN,14368,6.290207839308132,23.02338530066815
BWI-CVG,4345,6.370421561852107,23.014959723820482
DEN-LIT,4584,6.747812773403324,23.01483420593368
MCO-MKE,7248,7.754628350373031,23.013245033112582
SAT-SEA,2273,3.9519612163948876,23.00923889133304
HOU-SNA,639,4.761755485893417,23.004694835680752
MOT-LAS,639,11.199372056514914,23.004694835680752
LAS-BUR,17441,6.302189277710739,22.997534545037553
PGD-FWA,983,6.749232343909928,22.99084435401831
HDN-DEN,6827,5.484391030338561,22.982276256042187
ORD-LIT,5348,6.45045045045045,22.98055347793568
FCA-ORD,1406,12.65975696926376,22.972972972972975
SAN-HNL,6302,4.226901521216973,22.96096477308791
PVD-MCO,7025,7.2537548276355315,22.960854092526688
BDL-PBI,1886,4.046202867764206,22.95864262990456
ORD-CRW,2118,10.046511627906977,22.946175637393768
PGD-LEX,776,11.01293661060802,22.938144329896907
LGA-TPA,10873,6.910971555227189,22.937551733652167
EWR-SEA,8336,2.713753306083193,22.93666026871401
BWI-SAN,3118,2.5895281189398838,22.931366260423346
PHX-CMH,4392,7.761296211775445,22.928051001821494
SLC-DAL,2818,6.894755618979665,22.924059616749467
DAL-SAN,5993,5.699129852744311,22.910061738695145
MDW-CVG,4330,6.387387387387387,22.909930715935335
SJU-FLL,12061,10.869018889905966,22.908548213249315
OGG-LIH,5314,8.23501696192989,22.901768912307112
DEN-RNO,10334,6.482899339292654,22.895297077607896
LAS-EWR,12622,6.3118863255368405,22.888607193788623
SEA-DAL,2119,4.596674584323041,22.88815478999528
DAL-BWI,7447,6.219967750604676,22.881697327782998
BWI-OAK,743,2.156756756756757,22.88021534320323
AVL-DCA,1438,7.655003498950315,22.878998609179416
MDW-LGA,9355,5.416470083637144,22.875467664350616
JFK-JAX,8067,7.438369781312128,22.870955745630344
MKE-DFW,5281,11.883809523809523,22.855519787918954
MCO-HOU,9012,6.1602492766525705,22.847314691522413
SBP-DFW,2837,16.020560085076212,22.841029256256608
LGA-RSW,4409,6.610428051001821,22.839646178271718
FAR-LAS,701,6.821683309557774,22.82453637660485
PNS-PHL,1227,10.754084967320262,22.819885900570497
ORD-AVL,2990,7.827400940228341,22.809364548494983
TTN-TPA,1254,6.556,22.807017543859647
CLT-ATW,1206,8.527591973244148,22.802653399668323
BUR-SFO,11805,5.36040393754243,22.795425667090218
DEN-BUR,8437,5.096778028771847,22.780609221287186
DEN-SBP,3512,7.904802991084268,22.779043280182233
ORD-EGE,1260,7.106913183279743,22.77777777777778
DEN-GEG,8677,6.262854507724233,22.77284775844186
STL-SJC,975,5.52,22.76923076923077
SDF-LAS,2139,7.72391202620496,22.767648433847594
RNO-SJC,1388,6.351585014409222,22.76657060518732
ORF-BNA,1599,6.4906015037593985,22.76422764227642
CLT-FLL,14088,8.647715952753664,22.76405451448041
DAL-OAK,2961,4.773080825160636,22.76258020938872
LGA-OKC,2390,4.510620220900595,22.761506276150627
JFK-DFW,7364,5.074388076028989,22.75936990765888
DFW-FAY,1059,13.18070009460738,22.757318224740324
DEN-HSV,2510,8.015980823012384,22.749003984063744
CLT-SAN,6288,5.4705412741497685,22.74173027989822
SAT-MCO,4028,8.381284221005476,22.740814299900695
BWI-RDU,7157,5.8191355434326475,22.73298868240883
SLC-HOU,1597,4.918238993710692,22.730118973074514
JAX-BOS,5109,11.145041160329283,22.724603640634175
DEN-TUS,10626,6.979074370817231,22.717861848296632
EWR-BOS,17472,7.596644910111073,22.71062271062271
RFD-AZA,687,5.631732168850073,22.707423580786028
BLV-VPS,1537,9.65708687132593,22.706571242680546
DEN-SMF,16965,6.31623629288999,22.70557029177719
MDW-PHX,13312,3.984264418009336,22.701322115384613
ABQ-MCI,674,4.428571428571429,22.700296735905045
DEN-HOU,12106,4.9855805088257235,22.699487857260863
ATL-MCO,38355,10.108097515089755,22.69065310911224
PIA-DFW,3289,11.01619309501986,22.68166615992703
DEN-CLE,8392,6.9394409937888195,22.676358436606293
MDW-SAT,2721,5.687914517317612,22.675486953325983
BOS-SRQ,1751,2.684240687679083,22.672758423757852
HDN-ORD,741,8.328358208955224,22.672064777327936
DFW-STL,10317,9.626200873362446,22.671319181932734
ORF-EWR,3926,10.161734693877552,22.669383596535912
MCO-CVG,7493,11.333155294431833,22.661150407046577
OMA-DAL,1849,6.08686210640608,22.66089778258518
IAD-LGA,4556,6.505711775043936,22.651448639157156
EWR-JAX,5956,7.1474251093907775,22.649429147078575
EWR-SAN,6716,3.235197121870784,22.647409172126267
LAS-DCA,1572,10.689987163029524,22.646310432569976
MDW-RIC,1833,5.850982532751091,22.640480087288598
RSW-EWR,9899,9.472808441558442,22.638650368724115
HSV-ORD,2669,11.892267267267266,22.630198576245785
LAS-JFK,12210,9.28036921048294,22.628992628992627
ATL-MIA,30626,10.549402325200589,22.62783256056945
DAL-DCA,6797,5.96500812047837,22.62762983669266
LGA-MIA,23427,5.29883925129567,22.623468647287318
MSY-DAL,9906,8.58458265802269,22.62265293761357
DFW-MYR,1822,10.032453245324533,22.612513721185508
BWI-MHT,7233,4.916839629168396,22.6047283284944
MCO-DTW,17510,10.386761175260089,22.598515134209023
MDW-JAX,1456,6.826206896551724,22.596153846153847
HSV-DFW,8392,11.060019129603061,22.592945662535747
DEN-ORD,28974,8.713717212263825,22.58576654932008
DCA-SJU,1581,7.700762388818298,22.58064516129032
PBI-LGA,10302,8.51206172477781,22.578140166957873
MIA-SDF,2374,10.73083403538332,22.577927548441448
BOS-ROC,762,6.412073490813648,22.57217847769029
TPA-MCI,2800,8.38202649480845,22.57142857142857
JFK-MSY,5153,4.384076309129842,22.569377061905683
ORD-JST,1161,19.164634146341463,22.566752799310937
ALB-DCA,4499,10.150513622152747,22.560569015336743
LGA-SRQ,2518,4.736338252891903,22.55758538522637
DFW-RNO,5617,7.5709688952449055,22.556524835321344
DEN-ACV,1299,6.8522283033620015,22.555812163202464
ORD-HPN,4673,8.427710843373495,22.55510378771667
DFW-CLT,17530,9.37553562246472,22.549914432401597
LGA-JAX,5415,6.325383619892771,22.548476454293628
FCA-DFW,967,15.936125654450262,22.543950361944155
DAL-LAX,8705,4.969407705577918,22.53877082136703
DFW-BOI,4203,6.167818831942789,22.53152510111825
SUN-SFO,839,5.48090692124105,22.526817640047675
DFW-MRY,2646,8.401065449010655,22.52456538170824
MCO-RDU,11122,10.518191642651297,22.5229275310196
MSY-DFW,12783,12.800376205031743,22.522099663615737
ORD-MCO,22344,7.37695347583977,22.520587182241318
AUS-LAS,13471,8.497286043572013,22.51503229158934
BWI-MDW,9022,5.975116640746501,22.51163821769009
BDL-TPA,3834,6.645887899423782,22.50912884715702
DCA-GRR,2586,7.106078203639179,22.505800464037122
ABQ-BWI,911,6.590759075907591,22.502744237102085
FLL-IAH,10894,8.299724011039558,22.498623095281804
FLL-SFO,4907,5.248566748566748,22.498471571224783
MIA-DCA,14473,7.563025210084033,22.497063497547156
SLC-EWR,4175,8.034033309196234,22.491017964071855
MIA-ATL,30599,10.693405801846637,22.4843949148665
DAL-ECP,3167,7.399494310998736,22.481844016419323
ORD-ANC,2994,5.071476510067114,22.478289913159653
SAN-LAS,25506,7.7164881722961045,22.473143574061005
TPA-DAL,5727,7.577664796633941,22.47249869041383
EWR-TPA,13452,6.621913925561274,22.472494796312816
SEA-IDA,583,7.357512953367876,22.46998284734134
SAV-BNA,1985,6.729934376577486,22.46851385390428
DEN-STL,16882,7.294354838709677,22.467717095130908
MSN-DFW,4919,14.877296855859534,22.46391542996544
BWI-RSW,7133,6.2127001966844615,22.458993410907052
HOU-SRQ,1140,6.726713532513181,22.45614035087719
DEN-CVG,8458,7.775976331360947,22.45211633956018
MHT-MCO,3372,4.6540749553837,22.44958481613286
MDW-HOU,8571,2.91501582463955,22.447789056119472
MCO-STL,10763,7.618857036485481,22.447273065130542
DCA-OKC,2593,4.575792730085073,22.445044350173543
SRQ-BOS,1747,8.825588066551923,22.438465941614197
AZA-BIL,771,6.58984375,22.43839169909209
DAL-MSY,9934,6.936711416170384,22.438091403261527
BHM-DFW,9030,13.100888888888889,22.436323366555925
DEN-MCI,17669,7.458300283286119,22.434772765861112
DFW-HOU,10007,11.815412365968534,22.424302987908465
DCA-ORF,5152,9.467522364838585,22.418478260869566
SEA-BOS,11077,5.077305605786618,22.415816556829466
PBI-DFW,4631,11.806675335934113,22.414165407039516
LAS-RAP,540,5.448979591836735,22.407407407407405
SFB-MDT,1272,8.882911392405063,22.40566037735849
BWI-SDF,3812,6.032842879663689,22.402938090241342
LAX-EGE,750,14.23066485753053,22.400000000000002
SFO-EWR,17186,4.804106223678053,22.396136390084955
CHS-HOU,978,6.191991786447638,22.392638036809817
JFK-BOS,24419,7.222805147962948,22.388304189360746
LAS-DEN,36368,7.0317018756713585,22.387813462384514
LAS-CVG,3797,8.699973635644609,22.386094284961814
MDW-CLE,5888,6.029411764705882,22.384510869565215
BWI-BHM,1233,5.94566098945661,22.38442822384428
MIA-HOU,4209,7.3267350345814455,22.380612972202425
ACV-DEN,1287,19.641167192429023,22.377622377622377
IAH-ORF,1637,9.638650306748467,22.35797189981674
VPS-XNA,662,4.435045317220544,22.356495468277945
IAH-DSM,2760,8.259811046511627,22.355072463768117
DFW-TUL,12825,9.476580796252927,22.35477582846004
AUS-MIA,7812,10.769872865031463,22.350230414746544
DAL-SAV,1405,6.355714285714286,22.348754448398576
SFB-XNA,640,10.214733542319749,22.34375
JFK-AUS,9916,5.795992714025501,22.337636143606293
DAL-CHS,1715,6.400116822429907,22.332361516034986
FLL-ATL,35314,9.157458876914351,22.331086821090786
HOU-PNS,1966,5.877488514548239,22.329603255340793
EWR-BUF,3417,7.231850117096019,22.329528826455956
PDX-JFK,3901,7.903989703989704,22.327608305562677
MCO-CAK,551,8.805807622504537,22.323049001814883
AMA-DEN,2343,11.422336328626445,22.32180964575331
PBI-PHL,6496,14.40255738715144,22.306034482758623
ISP-MCO,5924,7.48663282571912,22.299122214719784
IAH-MIA,13962,9.547524965873984,22.29623263142816
SAN-MCO,2216,9.027322404371585,22.292418772563177
RSW-LGA,4412,10.235898606987897,22.280145058930188
DEN-PDX,18237,5.994842249657064,22.27888358830948
SAN-DAL,6015,6.016544117647059,22.27763923524522
ORD-TPA,14453,6.60194376952447,22.272192624368643
LAS-FSD,979,7.34729315628192,22.26762002042901
SFB-TOL,521,11.925143953934741,22.264875239923224
CLT-MSN,4303,7.984848484848484,22.263537067162446
MSY-SAT,1361,9.217647058823529,22.263041880969876
ORD-ICT,6766,5.41003998223012,22.25835057641147
DFW-PSP,4547,7.390297684674752,22.25643281284363
JFK-PDX,3909,1.3198151950718686,22.256331542594012
BUF-TPA,3218,7.513092269326683,22.249844623990057
DFW-LAX,30560,7.233540779561087,22.248036649214658
STL-LIT,2787,4.51257183908046,22.246142805884464
BWI-TPA,13731,6.016869933542686,22.241642997596678
MDW-PIT,5661,6.106025799611238,22.2398869457693
OGG-SEA,7995,4.769791404875597,22.238899312070043
CAE-DFW,3737,13.332526230831316,22.23708857372224
SAN-BOS,5631,5.440985966174883,22.23406144556917
DEN-DFW,26784,10.071618633586928,22.233422939068102
MCO-DEN,19552,6.719893273128432,22.222790507364977
BNA-SNA,855,3.232941176470588,22.22222222222222
AUS-EWR,7716,6.4341297819558685,22.213582166925868
ONT-LAS,9882,7.282170699605143,22.21210281319571
VPS-DFW,6913,15.43894629602678,22.20454216693187
LAS-PSC,599,7.417362270450751,22.20367278797997
DAL-SDF,581,7.111876075731497,22.203098106712567
SNA-MDW,563,4.362989323843417,22.202486678507995
XNA-LAX,1356,7.208118081180812,22.197640117994098
FSD-DFW,4190,10.970813397129186,22.195704057279237
SRQ-MDW,2077,5.945331398161587,22.19547424169475
AUS-PDX,1622,5.774473358116481,22.19482120838471
EWR-BTV,2807,5.9689507494646685,22.194513715710723
ORD-CHA,2560,7.784567175871524,22.1875
PVU-SNA,902,7.78270509977827,22.172949002217297
STL-SMF,1502,3.9866577718478986,22.170439414114515
MCO-BNA,12878,7.4365802382620885,22.16959155148315
LAS-ICT,1385,7.022415039768619,22.16606498194946
DEN-SJC,12903,5.018236846189663,22.157637758660776
EWR-ORD,22751,7.044651900127703,22.152872401213134
SFO-ANC,790,3.721728081321474,22.151898734177212
DEN-BNA,17064,6.582980972515856,22.1460384435068
STL-OMA,3175,6.239041311888994,22.141732283464567
PGD-SPI,551,5.2463235294117645,22.141560798548092
DTW-SRQ,551,7.506398537477148,22.141560798548092
CLT-XNA,6071,7.3396039603960395,22.138033272936912
TPA-AUS,4739,7.69858380891989,22.13547161848491
DAL-ORD,5078,3.5858865388416685,22.1346987002757
TPA-SJU,6534,8.955722383943618,22.130394857667586
LGA-HOU,4076,3.144090796940538,22.129538763493624
BZN-AZA,579,8.981001727115716,22.107081174438687
BNA-FAR,561,9.151785714285714,22.103386809269164
SFO-LAS,24875,7.539049611716895,22.10251256281407
DEN-BOI,11366,6.96229739252995,22.101002991377793
SEA-ANC,33864,2.973610331274565,22.09425939050319
AUS-MSY,7405,7.266783974011911,22.09318028359217
PHX-COS,4341,5.592241976448857,22.091683943791754
BNA-BZN,593,5.213921901528013,22.09106239460371
PIT-PIE,675,8.980654761904763,22.074074074074073
ORD-MBS,2306,7.784722222222222,22.072853425845622
FAT-ORD,734,11.99719887955182,22.070844686648503
PGD-ALB,580,7.017241379310345,22.06896551724138
MOB-DFW,5048,12.310248756218906,22.06814580031696
TPA-PVD,2253,8.212794313638383,22.059476253883712
LAS-LIT,925,3.857142857142857,22.054054054054053
MSY-MIA,7047,10.88424803991447,22.05193699446573
ACK-BOS,844,9.177725118483412,22.03791469194313
MSY-MCO,9725,8.493249510460682,22.03598971722365
LAS-SNA,18173,5.073202974387221,22.03268585263853
MSY-SFO,1507,8.826578073089701,22.030524220305242
RSW-TTN,749,9.771505376344086,22.029372496662216
STS-BUR,967,7.569803516028956,22.02688728024819
MIA-PIT,3197,8.520813771517997,22.020644354081952
ATL-FLL,35308,8.256528897467923,22.017673048600884
HOU-AUS,7467,5.859134164321136,22.01687424668542
AZA-IDA,854,4.754406580493537,22.01405152224824
LAS-SMF,21257,5.762303566387503,22.011572658418405
SAV-DFW,4194,11.726728882507777,22.00762994754411
MDW-ONT,1577,4.775796178343949,22.003804692454025
MCO-ORH,591,11.556506849315069,21.99661590524535
SFO-STL,673,1.7570789865871832,21.99108469539376
DEN-PSP,7356,6.166098459020865,21.98205546492659
PDX-AUS,1629,8.269088669950738,21.976672805402085
SJU-DFW,3136,10.504860661049904,21.970663265306122
DEN-MKE,11524,6.6650443247001565,21.95418257549462
DCA-GSP,3581,6.58986562150056,21.949176207763195
PGD-MDT,606,7.276490066225166,21.947194719471945
CLT-OKC,4130,7.6199029126213595,21.937046004842614
STS-DFW,1386,14.686446886446886,21.933621933621932
IAH-PBI,1190,7.692178301093356,21.932773109243698
DEN-PHX,39568,6.432962307108525,21.929336837848766
ATL-LAS,22017,6.0713732987391325,21.928509787891176
CLT-JAX,10726,9.674943988050785,21.928025358940893
IAH-MCO,16641,7.970277928498222,21.915750255393306
SAN-AUS,8023,5.898163188804198,21.912002991399724
BNA-LAS,7855,4.6993247547458274,21.90961171228517
MIA-JAX,7569,9.533395053564343,21.905139384330823
LAS-RNO,16761,5.434873572837588,21.902034484815943
HRL-DAL,749,9.074123989218329,21.895861148197596
CHS-DAL,1704,5.980553918680023,21.889671361502348
HPN-MCO,4615,6.323728443571273,21.885157096424702
CLT-JFK,14298,7.915884577671942,21.884179605539238
ORD-HYS,681,4.450074515648286,21.879588839941263
MSO-ORD,864,9.136363636363637,21.875
AUS-SAN,8046,7.013702042850025,21.874223216505094
ORD-SCE,1957,8.622245002562789,21.870209504343382
LIH-SAN,1262,4.866135458167331,21.870047543581617
JFK-BUF,11303,6.709037797645393,21.861452711669468
COS-DFW,9004,13.647682858738134,21.85695246557086
HOU-ONT,691,4.865412445730825,21.852387843704776
BWI-LAX,6457,2.009939431588756,21.852253368437356
OAK-LAS,20915,8.01803655152617,21.850346641166627
DAL-ELP,7251,5.660361728565512,21.84526272238312
CLT-MIA,14795,7.823210044112657,21.845217979046975
CAK-ORD,2225,12.036019810895993,21.842696629213485
CLT-GRR,4560,7.406195079086116,21.842105263157897
SFB-HGR,554,7.090744101633394,21.841155234657037
SJU-STT,2587,10.729740209383483,21.83996907614998
EWR-SAV,4398,6.358606557377049,21.828103683492497
PNS-DEN,1526,5.1882817643186305,21.82175622542595
PDX-HNL,3236,5.5057364341085275,21.81705809641533
TPA-JFK,10147,9.764194726967512,21.809401793633587
EWR-DEN,13083,4.519852828453166,21.80692501719789
MGM-DCA,1165,15.10880829015544,21.80257510729614
BWI-BOS,15177,5.775514240506329,21.789549976938787
DFW-ICT,10475,10.82145930955341,21.785202863961814
LAS-TUS,5160,4.808692277842453,21.782945736434108
BNA-MIA,8966,9.620886501007387,21.782288645995983
ORD-LAS,22989,4.893246187363834,21.779981730392798
EWR-IAH,15726,5.654429572976418,21.779219127559454
PHX-EWR,10448,5.604064335933738,21.774502297090354
STL-LAX,4841,8.292400082832884,21.77236108242099
CHO-LGA,4901,7.63302002451982,21.771067129157316
ATL-HNL,1525,2.903353057199211,21.770491803278688
AUS-PHL,3165,18.411206077872745,21.769352290679304
MIA-CVG,4603,6.748151370160939,21.768411905279166
LAS-MFR,781,7.016752577319588,21.76696542893726
MDW-CHS,2757,5.839155749636099,21.76278563656148
PHX-TUL,3543,6.155649717514124,21.76121930567316
ACY-FLL,2822,4.659438322076076,21.757618710134658
SAN-SFO,27338,4.911679554366549,21.75726095544663
ORD-MIA,18794,6.715140826251937,21.756943705437905
PHX-JFK,10591,7.974592339780053,21.754319705410254
BIS-DFW,3002,12.303691275167786,21.752165223184544
SBA-OAK,1347,4.706537890044577,21.752041573867857
STL-BOS,5531,5.0559377262853005,21.750135599349125
FLL-MYR,2138,9.084737827715356,21.749298409728716
MCO-SFO,4598,6.244439598778892,21.748586341887776
DSM-DFW,6010,13.521855188521855,21.747088186356073
SEA-JFK,13108,5.556644213104716,21.742447360390603
SLC-MIA,1895,7.924498416050686,21.741424802110817
AUS-IND,3294,7.364934670312975,21.736490588949607
MSP-FWA,1417,11.456352022711142,21.73606210303458
PHX-RDU,2029,6.233052944087086,21.73484475110892
DEN-SAT,13128,6.266101953601954,21.73217550274223
PRC-LAX,1721,13.061699650756694,21.731551423590936
AUS-TUL,1629,9.55719557195572,21.731123388581953
AUS-LGB,2430,5.030452674897119,21.728395061728396
TPA-BOS,11179,8.357558921050273,21.728240450845334
EWR-BNA,8510,5.09563066776587,21.727379553466513
BUF-MCO,6583,6.7213414634146345,21.722618866778063
BUR-LAS,17454,6.290056199105402,21.719949581757763
BNA-DFW,13149,11.965756558877365,21.712677770172636
BWI-GSP,1861,5.616792249730893,21.708758731864588
DFW-OKC,13437,8.554918032786885,21.708714742874154
BNA-MCO,12913,6.550567034332763,21.70680709362658
HOU-GSP,645,6.137984496124031,21.705426356589147
SEA-HNL,11445,3.9104818853323953,21.70380078636959
DCA-BHM,3668,7.724514894779994,21.701199563794983
JAX-JFK,8056,9.502115480338476,21.69811320754717
DAL-HRL,756,7.806108897742364,21.693121693121693
CLT-BUF,5034,9.036602347324449,21.69249106078665
DEN-DSM,9921,7.08904593639576,21.69136175788731
FLL-BWI,17409,6.2848017494389135,21.684186340398647
EWR-RDU,11043,6.517960812772134,21.67889160554197
DEN-LBB,2897,8.088041594454072,21.67759751467035
MDT-PIE,669,3.8323353293413174,21.674140508221225
DAL-MDW,10749,5.690605155024281,21.667131826216394
EWR-DFW,14522,5.293337959750174,21.66368268833494
RDM-SAN,1085,6.357011070110701,21.658986175115206
SEA-SAT,2281,3.8034225537516453,21.657167908811925
LAS-LGB,8589,4.022478453296063,21.65560600768425
PIE-LCK,675,9.074294205052006,21.62962962962963
DTW-HNL,689,4.827737226277372,21.6255442670537
AUS-DFW,20178,16.316003571782915,21.622559222916045
ATW-LAS,592,5.1725888324873095,21.62162162162162
DEN-AUS,19749,6.013549172840759,21.621347916350196
HOU-TUS,1411,5.487215909090909,21.615875265768956
STL-LAS,8878,5.158381242250028,21.6152286551025
PHX-BWI,5039,3.8824114604058892,21.61143083945227
DEN-EUG,4651,6.412650602409639,21.608256288970114
DEN-RSW,4318,5.567007910656119,21.60722556739231
SEA-CLE,1134,1.823008849557522,21.604938271604937
MIA-SJU,12206,7.218257874015748,21.60412911682779
JAC-DFW,2893,23.184926727145847,21.603871413757343
ORD-AVP,2944,7.062266076896904,21.603260869565215
PHX-LAS,28249,7.29021746830063,21.597224680519663
PDX-EWR,3283,7.437691835481891,21.59610112701797
CLT-LGA,22859,7.730247266019588,21.5844962596789
DEN-BZN,11374,6.358502202643172,21.584315104624583
CLT-DCA,13853,7.058070581428985,21.58377246805746
DCA-BUF,3980,8.06188679245283,21.582914572864322
MCI-SAN,1784,3.682762492981471,21.58071748878924
HOU-JAN,3397,4.747418117438772,21.57786282013541
EWR-BGR,1845,9.031487513572204,21.57181571815718
ORD-DFW,27345,6.72148180783493,21.568842567196928
MCO-FLL,6816,6.451475554250477,21.566901408450704
SLC-FLL,2898,7.869158878504673,21.566597653554176
PIT-SRQ,1192,5.34006734006734,21.56040268456376
LAS-PIA,552,7.341818181818182,21.557971014492754
IAH-PNS,3271,13.03094362745098,21.553041883216142
JAC-ORD,2989,13.81947261663286,21.54566744730679
ALB-TPA,817,7.065030674846626,21.542227662178703
CLT-PBI,8791,7.826830937713894,21.533386417927424
EWR-CHS,6284,5.575482225410489,21.530872056015276
BWI-STL,5367,4.405743054260675,21.520402459474568
CLT-CLE,8921,8.611329220415032,21.51104136307589
ORD-PHL,18772,10.140259186176737,21.510760707436607
MIA-CLT,14821,8.898574227988378,21.51001956683085
LAS-PHX,28175,7.168448343218382,21.508429458740018
BWI-DEN,12902,3.4147175382702617,21.508293287862344
ORD-AUS,13797,4.115373437954083,21.49742697687903
ELP-SEA,991,0.9292929292929293,21.493440968718467
ORD-SBN,6779,10.176192586028652,21.492845552441363
OKC-MCO,805,7.6077694235588975,21.490683229813666
DEN-SBA,5599,4.9266846361185985,21.485979639221288
BGR-ORD,1643,6.9939024390243905,21.485088253195375
MCO-MIA,15579,11.45816451218728,21.484049040374863
SLC-HNL,1834,10.067722555980339,21.483097055616142
SFB-CKB,526,12.365714285714287,21.482889733840306
ORD-COU,2509,6.258992805755396,21.4826624153049
DEN-SAN,22907,4.805549477001182,21.48251626140481
DFW-JFK,7354,6.147677595628415,21.471308131629048
JFK-ACK,1849,9.177366702937976,21.4710654407788
KOA-SAN,1519,2.9775577557755777,21.461487820934824
OKC-DFW,13430,10.885269121813032,21.459419210722263
JFK-ATL,15882,5.7460747840343025,21.458254627880617
DCA-ALB,4502,6.652938557435441,21.457130164371392
IND-SRQ,1487,8.18918918918919,21.45258910558171
CLT-PHL,15932,8.992273869346734,21.447401456188803
DEN-SLC,34663,6.059304172080266,21.443614228428007
IAH-FLL,10886,7.051622418879056,21.43119603160022
ATL-DFW,28056,8.7886693865865,21.428571428571427
OGG-SAN,3665,4.19352182267362,21.418826739427015
HHH-LGA,719,15.054054054054054,21.41863699582754
DCA-CAE,3787,5.092303623380058,21.41536836546079
ATL-EWR,26525,8.62356278366112,21.413760603204523
MCO-ATL,38466,9.484941562329178,21.400717516768054
CLT-LIT,5632,6.513071314245065,21.39559659090909
ORD-SAT,6399,4.885897636562842,21.39396780746992
STL-JAX,1267,5.636724960254372,21.38910812943962
SAV-HOU,1342,3.868065967016492,21.385991058122205
MYR-DFW,1819,7.5696902654867255,21.385376580538757
ORD-COS,3395,3.744,21.384388807069218
ORD-MTJ,1113,2.5599639314697926,21.38364779874214
DFW-SBP,2839,7.915248226950355,21.38076787601268
SAN-SBP,1305,7.013803680981595,21.379310344827587
CVG-LAS,3794,7.1060965954077595,21.37585661570901
LAS-SJC,16105,4.551484287666129,21.366035392735174
SEA-MIA,2617,6.536660268714011,21.360336262896446
LAX-EWR,21948,3.5580105432042175,21.3595771824312
CLT-SRQ,7445,8.0278750336655,21.356615177971793
SLC-LAS,18709,7.486732291889578,21.353359345769416
DEN-SEA,30125,4.426220789150018,21.351037344398343
CLT-BWI,14292,7.205589801064724,21.347607052896723
MSY-LGA,5252,7.906860866232273,21.344249809596345
RSW-GRR,642,8.663551401869158,21.339563862928348
VPS-DCA,1889,9.061767838125666,21.334039174166225
SNA-LAS,18126,6.507039143156849,21.328478428776343
COU-DFW,4624,12.900477016478751,21.323529411764707
LAX-LAS,45613,6.688838188838189,21.322868480477055
CMH-FLL,4085,6.264062883812331,21.321909424724602
DCA-LAN,1262,6.088095238095238,21.31537242472266
RDU-DAL,1370,4.676923076923077,21.313868613138688
HOU-LGA,4073,4.33959466139397,21.31107291922416
DAL-IAH,5209,3.6565384615384615,21.30927241313112
AGS-CLT,4125,9.412321125394131,21.30909090909091
MDW-FLL,6327,3.730933882987157,21.305516042358146
PHL-FLL,12017,5.491317415261312,21.30315386535741
IAD-JAX,3780,8.73615894039735,21.296296296296298
PIE-HTS,836,9.155048076923077,21.291866028708135
EWR-SLC,4172,7.152941176470589,21.28475551294343
PHL-MIA,13400,5.749344716543099,21.28358208955224
IDA-SEA,578,10.892547660311958,21.280276816608996
SEA-AUS,8017,5.09675,21.27978046650867
ELM-SFB,719,11.779944289693594,21.279554937413074
LAX-FCA,813,4.395061728395062,21.27921279212792
ORD-LNK,2769,6.478260869565218,21.271217045864933
DFW-BZN,2976,7.232118758434548,21.27016129032258
JAC-DEN,6084,7.431188118811881,21.268902038132808
JFK-ORH,2323,4.6789109766637855,21.2656048213517
CVG-FLL,3340,7.116781747223056,21.25748502994012
MCI-JFK,1896,10.412513255567339,21.255274261603375
DCA-SAV,3157,5.19123252858958,21.254355400696863
PHL-SEA,4385,0.45092656142759097,21.254275940706954
DEN-LIH,1473,5.822525597269625,21.249151391717582
RSW-CLE,4862,6.632358995471387,21.246400658165363
CLT-EYW,6293,9.55484387510008,21.245828698553947
PHX-SFO,19699,6.461636178861789,21.244733235189603
CHS-DEN,3164,5.989825119236884,21.238938053097346
ICT-DFW,10459,11.108918478781492,21.235299741849126
DFW-COS,9006,8.806534344335414,21.230290917166332
MDW-SDF,4692,5.256344636383024,21.22762148337596
PIT-FLL,4683,4.7065496575342465,21.225710014947683
RSW-MCI,1065,7.182846371347785,21.220657276995304
ABQ-LAS,7177,5.928840519045626,21.20663229761739
STL-OKC,2669,4.835333833458365,21.206444361183966
PHX-MDW,13238,4.719226393629124,21.204109382081885
BNA-RIC,736,7.811141304347826,21.195652173913043
SJU-MDW,623,6.770226537216828,21.187800963081862
SDF-DFW,8902,12.566237869555405,21.186250280835768
MCO-BHM,2927,7.7001027045532355,21.18209771096686
ORD-FAR,6577,8.764508758568164,21.179869241295425
DFW-LBB,10912,11.126159214029933,21.17851906158358
FLL-BNA,9002,6.342653447699677,21.17307265052211
SBN-PIE,614,4.883415435139573,21.172638436482085
ELP-LAS,5021,7.900697906281157,21.171081457876916
CLT-PNS,8660,7.974629286376274,21.166281755196305
CLT-DEN,13794,5.406229532057346,21.16137451065681
AUS-MCI,3663,7.313628899835797,21.15752115752116
DAL-ABQ,7195,5.231379646387303,21.15357887421821
DAL-PHX,12905,5.050733069583431,21.146842309182485
MDW-BWI,8848,5.086464463558171,21.14602169981917
CLT-SGF,4843,6.045181347150259,21.143919058434854
JFK-ROC,7388,5.273811136702344,21.14239306984299
MCO-ALB,4253,7.549116607773851,21.138020221020458
PBI-BDL,1883,8.097288676236044,21.136484333510356
MRY-DFW,2645,13.55243161094225,21.13421550094518
AUS-JFK,9913,8.863120567375887,21.133864622213256
DEN-FAT,6847,6.771089630931459,21.133343069957647
LBB-DFW,10890,12.513242597020415,21.12947658402204
BOS-STT,639,2.7291338582677165,21.12676056338028
RIC-MDW,1837,5.5366922234392115,21.121393576483396
SAT-DFW,16906,11.917959957351025,21.11676327930912
STT-JFK,2349,5.473869126043039,21.115368241805026
MEM-MCO,3088,6.994805194805195,21.1139896373057
LAS-LAX,45497,6.492975397401227,21.11348000967097
DEN-IAD,13527,6.8439674315321986,21.113328897760038
LGA-LIT,1151,0.3307223672758921,21.112076455256297
DCA-GSO,3166,4.825632911392405,21.099178774478837
BDL-FLL,3626,5.059100998890122,21.097628240485385
EWR-SYR,1877,6.018646776771444,21.09749600426212
MCO-CLT,22591,9.26067106954479,21.0924704528352
GNV-DFW,2404,12.13305439330544,21.08985024958403
HSV-DCA,4851,8.858297078931013,21.08843537414966
FLL-STT,1949,5.8793814432989695,21.08773730118009
DEN-MSN,4776,5.860435875943001,21.084589614740366
RSW-DFW,6043,11.614183690416874,21.082243918583483
AVL-DEN,821,7.069852941176471,21.07186358099878
DCA-PBI,6587,4.345592705167173,21.07180810687718
ORD-FLL,13993,6.048390565631945,21.067676695490604
JFK-SAT,1894,2.1799894123875068,21.06652587117212
LGB-LAS,8578,5.653751896370638,21.065516437397992
DCA-TYS,3889,6.348543439030678,21.05939830290563
CAE-DCA,3790,8.130031779661017,21.055408970976252
LGA-CHS,6570,3.263157894736842,21.050228310502284
CHS-FLL,1958,12.142048378795677,21.04187946884576
RSW-MKE,2529,6.5543219666931005,21.0359826018189
HOU-ELP,4370,5.30446735395189,21.029748283752863
MEM-DAL,2150,8.336596736596736,21.02325581395349
STL-SAN,2250,2.185911725367811,21.022222222222222
PHX-IND,6641,6.27253542357552,21.020930582743564
ECP-DCA,1589,7.0373417721518985,21.019509125235995
SRQ-HOU,1142,5.0307287093942055,21.015761821366024
PIA-PIE,695,8.764790764790765,21.007194244604317
PHL-SYR,1176,6.7957446808510635,21.00340136054422
CHO-ORD,1048,13.235632183908047,20.99236641221374
BOS-EWR,17461,4.772862709145084,20.989634041578377
CLT-RIC,11624,8.479414298018948,20.973847212663454
SRQ-LCK,515,8.128654970760234,20.97087378640777
CID-DFW,4974,14.807382008874546,20.969039002814636
PHL-BHM,2089,5.556195965417867,20.966969842029677
DFW-MGM,3930,10.459535358692877,20.966921119592875
STL-CLE,2485,5.042287555376561,20.96579476861167
BNA-RSW,1927,6.151168831168831,20.965230928905036
IAD-PDX,1140,7.729991204925242,20.964912280701757
DFW-DCA,13895,6.259516572586481,20.96437567470313
TTN-RSW,749,4.67379679144385,20.961281708945258
MDW-RSW,6551,4.878179589334968,20.95863226988246
IAH-AUS,10719,8.29126213592233,20.953447149920702
SLC-DFW,17412,10.790013837638377,20.951068228807717
FLL-DAL,4526,5.390157393039237,20.945647370746794
IAH-BOS,7555,8.541749634939599,20.939774983454665
MCO-SLC,8348,5.241018863390605,20.93914710110206
ORD-FAI,554,4.647377938517179,20.938628158844764
BNA-SRQ,2833,5.512729844413013,20.93187433815743
STL-MCI,4273,4.993909580698055,20.922068804118886
ORD-BWI,13174,5.132481557532892,20.919993927432824
PHL-CVG,5067,7.289099526066351,20.919676337083086
PBI-ORD,3877,8.249030256012412,20.91823574929069
MIA-GSO,1788,5.064985994397759,20.917225950782996
TPA-LAS,4313,4.4698235840297125,20.91351727335961
LAS-PAE,1296,5.761830876648565,20.910493827160494
SDF-MCO,3844,8.092307692307692,20.889698231009366
MDW-AUS,6769,3.491183879093199,20.889348500517062
TPA-DFW,12870,10.518611002731175,20.885780885780886
HOU-SAT,7546,5.184507229075474,20.885237211767823
RDU-DCA,10055,6.409254088552054,20.8851317752362
LIT-ORD,5354,9.8812734082397,20.881583862532686
LGA-SAV,4358,3.7142528735632183,20.881138136759983
EWR-MSY,6102,3.6210976010515936,20.878400524418222
MLI-LAS,503,4.181636726546906,20.87475149105368
ORD-LGA,43188,6.424063437434597,20.87385384829119
BTV-DCA,4374,9.93719917487967,20.873342478280748
SAN-BNA,2837,3.9165487977369167,20.867113147691224
RDU-MCO,11073,9.395855953673543,20.861555134109995
DEN-FCA,4843,8.360920970752955,20.854842040057818
LAS-BIS,657,6.053598774885145,20.85235920852359
JAX-DCA,5961,9.838051904280418,20.852206005703742
CLT-ALB,5113,7.905238375515009,20.84881674163896
AUS-OKC,1929,13.355474831344058,20.839813374805598
HPN-ORD,4660,10.599698859969886,20.836909871244636
LAS-RDU,2582,3.858252427184466,20.836560805577072
LFT-DFW,7034,11.796378154855269,20.82740972419676
CHS-LGA,6554,8.424168072381537,20.82697589258468
BNA-LGB,783,2.9871959026888604,20.81736909323116
ELM-PIE,514,4.72265625,20.817120622568094
SMF-HNL,3286,4.970471841704718,20.815581253804016
MDW-DAL,10766,2.6946671639008017,20.815530373397735
RSW-STL,3954,7.1367088607594935,20.814365199797674
SLC-MCO,8337,6.336185082540065,20.810843228979248
JFK-LAS,12220,0.27638273428524535,20.810147299509
MIA-CHS,3355,6.323783945091018,20.804769001490314
MDW-MSY,4644,3.8134602899805237,20.801033591731265
PHX-MSN,1899,4.932310946589106,20.800421274354925
MCO-IAH,16638,7.972637415621986,20.795768722202187
ORD-MQT,2073,11.42192046556741,20.791123974915582
IAD-MCO,6527,6.607773851590106,20.790562279760994
SAN-KOA,1525,2.7465162574651627,20.78688524590164
COS-LAS,4177,7.309774796358409,20.78046444816854
STS-SAN,2512,8.808688720605819,20.780254777070066
ORD-CMX,3335,9.821569221448046,20.77961019490255
SRQ-ORD,3725,8.947779273216689,20.778523489932883
DCA-MHT,4183,6.458223605458463,20.774563710255798
DEN-BIL,5555,7.871753246753247,20.774077407740773
TPA-SEA,4559,1.8274647887323943,20.772099144549244
LAS-MEM,2282,6.1023276240667546,20.77125328659071
IAD-SRQ,1608,5.358702432938241,20.771144278606965
BNA-EWR,8491,6.2531899810964084,20.76316099399364
BOS-BUF,3386,6.543761088113542,20.76196101594802
BOS-CHS,4732,4.654923599320883,20.752324598478445
BUR-RNO,1277,5.467817896389325,20.751761942051683
CLT-ROC,4983,8.117339762909383,20.750551876379692
SFO-BNA,1870,3.000536480686695,20.74866310160428
MSO-DEN,4757,11.520134935694708,20.748370821946605
IAD-OGS,1070,16.137440758293838,20.747663551401867
PHX-SDF,863,6.65661252900232,20.74159907300116
EWR-EYW,2999,1.7458081824279008,20.740246748916306
STL-MCO,10738,6.237471952131638,20.73943006146396
CLT-DFW,17500,5.89222209475737,20.737142857142857
RSW-CMH,3612,6.954204829308909,20.73643410852713
CPR-DEN,5353,7.283950617283951,20.73603586773772
CLT-IAH,11312,6.5030604098287945,20.73019801980198
HOU-ABQ,3604,4.3933333333333335,20.72697003329634
MDW-DEN,14471,3.458480504190041,20.724207034759175
DFW-JAC,2900,7.565958927949878,20.724137931034484
CLT-MEM,9039,7.597076088160372,20.71025555924328
STT-ORD,536,2.53041825095057,20.708955223880597
BUR-STS,966,6.783783783783784,20.70393374741201
OKC-LAS,3908,5.121476166068683,20.70112589559877
MDW-MCI,9508,4.752185360716166,20.698359276398822
CHA-ORD,2551,10.11093627065303,20.697765582124656
SRQ-DTW,551,11.237749546279492,20.689655172413794
SNA-DTW,667,8.672205438066465,20.689655172413794
ORD-OKC,7999,5.180087664370695,20.677584698087262
SHV-DFW,9122,10.987154150197629,20.67529050646788
TPA-EWR,13418,7.151861821444594,20.651363839618423
SLC-DEN,34624,6.638571304524009,20.650415896487985
MIA-ORD,18781,5.233545080873325,20.648527767424525
PIT-HOU,712,0.49647390691114246,20.646067415730336
BDL-LGA,1303,9.785111281657713,20.64466615502686
CVG-MIA,4592,7.3927090154987996,20.644599303135887
MBS-ORD,2364,8.738024586689274,20.642978003384094
RNO-AUS,872,5.286043829296425,20.642201834862387
SEA-DFW,18721,8.685044019755207,20.639923081031995
MIA-MSP,4904,8.036794766966477,20.636215334420882
DCA-SRQ,1915,2.856544502617801,20.626631853785902
SBN-DFW,3898,6.775193798449612,20.625962031811184
DAL-TUL,5523,4.366189527088241,20.62284990041644
DAL-SJC,2798,3.7575974258133713,20.621872766261614
CVG-DFW,7940,8.761182714177407,20.61712846347607
LBE-MCO,1664,6.22576760987357,20.612980769230766
ORD-FWA,6405,7.212320200125078,20.60889929742389
MCI-TPA,2766,6.114213197969543,20.607375271149674
BZN-DFW,2975,13.860236886632826,20.605042016806724
BOS-AVL,762,5.724047306176084,20.603674540682416
LAX-DAL,8738,4.109180855959503,20.599679560540167
ORF-DFW,4180,12.969653179190752,20.598086124401913
LAS-MOT,641,4.507020280811233,20.59282371294852
XWA-DEN,4207,10.94054441260745,20.584739719515095
RSW-DEN,4280,7.576914071645985,20.58411214953271
OGG-KOA,6850,6.205431449846693,20.583941605839414
MSY-FLL,6997,7.546496632755409,20.58024867800486
ORD-SMF,4762,2.0931650893796006,20.579588408231835
SFB-SGF,729,10.69103448275862,20.5761316872428
HOU-HRL,5978,4.044206296048225,20.57544329207093
RNO-SAN,3135,5.838606583573027,20.574162679425836
IAH-SMF,2343,6.172369546621043,20.571916346564233
FLL-TPA,6135,5.692018932593439,20.570497147514264
DEN-ATL,27350,6.365786679359965,20.57038391224863
DAL-AMA,5552,4.70954356846473,20.569164265129682
IAH-RNO,846,2.026221692491061,20.56737588652482
DAL-FLL,4517,4.530376940133038,20.56674784148771
DCA-PWM,4863,7.3275541795665635,20.563438206868188
RDU-PHL,8934,9.993057110862262,20.5618983657936
LAX-SFO,51814,3.669333642547928,20.56008028718107
BOS-MIA,16431,2.762647580595828,20.55870001825817
DFW-MOB,5065,8.6819893005746,20.552813425468905
DCA-BDL,7148,5.795884082318354,20.551203133743705
SMF-PSP,1635,6.94546568627451,20.55045871559633
TVC-DEN,657,9.359447004608295,20.54794520547945
ORF-BOS,998,4.108324974924774,20.541082164328657
MIA-STX,3009,5.671989354624086,20.538384845463607
PHX-DAL,12982,5.314551083591331,20.53612694500077
TYS-DFW,6433,7.792623847476168,20.534742732784082
MDW-DCA,8728,3.7826536473291212,20.531622364802935
BOS-LAS,6605,-0.332215276719012,20.529901589704767
TPA-BHM,1632,6.5211786372007365,20.526960784313726
BNA-JFK,8063,7.536060681422532,20.525858861465956
LGA-CAE,2022,2.464126669965364,20.5242334322453
BOS-JAX,5121,4.239882697947214,20.52333528607694
AVL-DFW,2822,10.25446747676912,20.517363571934798
EWR-ORF,3997,4.7462986198243415,20.515386539904927
CLT-BDL,8200,6.952485647978502,20.51219512195122
BHM-MCO,2940,8.00922131147541,20.51020408163265
PHX-OAK,10276,4.627836758546801,20.504087193460492
LIT-LAS,942,5.395324123273114,20.488322717622083
ORD-BUF,7444,7.132857719746938,20.486297689414293
DEN-RDM,3505,6.1787453451733025,20.485021398002853
SAT-TPA,1577,6.332909783989835,20.481927710843372
EWR-PHX,10470,2.7591457575177167,20.477554918815663
SEA-JNU,7019,3.8271021343647043,20.473001852115686
VPS-MDW,513,7.823874755381604,20.46783625730994
CLT-LFT,1842,6.744797371303395,20.466883821932683
DAL-BNA,9606,5.280262746324679,20.466375182177806
ABE-PIE,1158,10.294627383015598,20.466321243523318
PIT-MCO,9450,5.674832962138084,20.465608465608465
CLT-BOS,20367,5.671858876713675,20.46447684980606
ORD-SFO,20750,3.0512474062635717,20.457831325301203
CLT-CAK,6121,8.421749795584628,20.45417415454991
STL-DFW,10301,11.233096604728086,20.44461702747306
JFK-CHS,7567,4.088492063492064,20.444033302497687
HOU-JAX,1727,5.312064965197216,20.44006948465547
STL-SAT,1698,3.6588096641131407,20.43580683156655
SAN-ELP,969,6.18782249742002,20.43343653250774
JFK-BTV,4943,4.157029823493609,20.43293546429294
CLT-LAX,11817,2.915155111035769,20.428196665820426
CHS-DFW,5351,10.676299493338337,20.426088581573538
ORD-CID,8187,6.758667156682592,20.42262122877733
SLC-ANC,666,2.3323262839879155,20.42042042042042
SEA-PHL,4393,3.153986748914782,20.418848167539267
ATL-SJU,7479,6.936537689115009,20.417168070597675
LGA-TUL,774,-0.027237354085603113,20.41343669250646
BGR-EWR,1891,1.7023305084745763,20.412480169222633
CLT-MSY,8623,6.569103800999652,20.410529977965904
HOU-LAS,8586,4.919388707419506,20.405310971348708
HOU-PIT,691,6.958031837916064,20.40520984081042
ABQ-SAN,1809,5.405885619100499,20.398009950248756
DAL-MCI,8609,5.0717775709632384,20.397258682773842
BNA-SJC,1010,2.1811881188118813,20.396039603960396
IAH-EGE,559,3.8414414414414413,20.39355992844365
GRK-DFW,9234,7.660923276983095,20.39202945635694
DCA-SFO,2820,1.8498573466476462,20.390070921985814
ORD-DEN,28963,4.689637269832479,20.388081345164522
TPA-MKE,2914,7.428178694158076,20.384351407000686
DEN-LNK,1413,10.96167494677076,20.382165605095544
DEN-PAE,643,6.40405616224649,20.37325038880249
DEN-MSO,4771,7.711424957841484,20.373087403060154
CLT-ORF,11727,8.075600786795519,20.371791592052528
DFW-FWA,4153,5.8435916002896455,20.37081627738984
AZA-MSO,594,3.2067796610169492,20.37037037037037
BZN-DEN,11375,4.939065255731922,20.36923076923077
BWI-DFW,6785,9.46443390634262,20.368459837877673
MDW-CMH,6437,4.176260112009956,20.366630417896538
LAS-SGF,550,7.536496350364963,20.363636363636363
IAH-BZN,501,6.174698795180723,20.35928143712575
DFW-GUC,614,8.9375,20.35830618892508
HOU-BUR,801,3.8530150753768844,20.34956304619226
PDX-DCA,1386,4.312772133526851,20.346320346320347
BNA-FLL,8967,5.8073825503355705,20.341251254600202
DFW-AVL,2827,12.606965174129353,20.339582596391935
HOU-TUL,3137,4.536717752234994,20.337902454574433
DFW-ATL,28050,7.26863487076967,20.335115864527626
FLL-STL,3926,4.566981372799184,20.32603158430973
DTW-MIA,6947,4.6806056236481615,20.325320282136175
DEN-RAP,7198,7.944134856505991,20.325090302861906
BUR-BOI,802,5.995,20.32418952618454
ORD-MEM,7233,4.684101286841013,20.32351721277478
CLT-CVG,9807,7.409513116260079,20.322218823289486
DFW-BMI,3169,8.934789490345047,20.32186809719154
LAS-DFW,25958,9.716572577526874,20.3212882348409
BNA-BOS,10642,5.951279157261099,20.315730125916183
PIE-USA,1142,7.254401408450704,20.31523642732049
JAX-DFW,8153,10.221715553364556,20.311541763767938
ABQ-AUS,3255,5.02274823240086,20.30721966205837
CMH-IAH,3561,5.698086662915025,20.30328559393429
MFE-DFW,10508,11.033549370949295,20.29881994670727
MYR-BOS,2523,6.66415543219667,20.293301625049544
SAN-ABQ,1868,5.223888591322978,20.289079229122056
DFW-RAP,4481,8.24635077475859,20.28565052443651
CSG-CLT,567,5.754416961130742,20.282186948853614
DCA-MCO,17375,6.841085271317829,20.28201438848921
DEN-HDN,6849,5.78614325472389,20.280332895313187
SAN-GEG,1573,3.5895474824729128,20.27972027972028
RDU-JFK,16177,6.1574389112279615,20.275700067997775
TPA-BDL,3853,8.26091476091476,20.26991954321308
ORD-TUS,3898,1.1881748071979434,20.2668034889687
CLT-SJU,3923,5.266411238825032,20.265103237318378
ORD-PBI,3874,3.4848641655886157,20.263293753226638
DAL-VPS,1461,5.037062457103637,20.26009582477755
MGM-DFW,3934,10.155102040816326,20.259278088459585
HOU-MCO,8990,4.728053541550474,20.25583982202447
BOS-MSY,3155,1.6997771410378861,20.253565768621236
PHX-HOU,8752,4.665787965616046,20.246800731261427
DEN-CID,5118,6.086223789927494,20.24228214146151
MCO-IAD,6526,8.358380616469866,20.24210848912044
DCA-RSW,4200,3.6785543322163714,20.238095238095237
ORD-TUL,6138,4.52072454308094,20.234604105571847
ATL-TPA,29445,7.7604421768707486,20.23433520122262
CLT-SYR,5377,6.76257920238539,20.234331411567787
HOU-OAK,2585,3.2909724912824485,20.2321083172147
MSY-AUS,7360,6.263007354944157,20.230978260869563
DFW-LGA,25427,4.288659793814433,20.230463680339795
AEX-DFW,5107,10.50274833137024,20.2271392206775
DCA-MIA,14455,5.243543460149958,20.221376686267728
CDV-ANC,1736,2.555299539170507,20.21889400921659
PHX-PIT,2493,4.5444310414153595,20.216606498194945
SEA-SFO,30116,3.2381474467590285,20.215168017000927
SAN-JFK,9231,4.063934426229508,20.214494637634058
ORD-TVC,7626,5.830049908064092,20.20718594282717
PHL-CLE,4469,4.8188129899216126,20.205862609084807
DCA-DAY,4491,7.900535236396075,20.19594745045647
IAH-DEN,22912,6.377827361421009,20.19465782122905
CVG-MSY,530,6.271863117870723,20.18867924528302
ORD-ATW,5533,7.513591881116347,20.187963130309054
PBI-IAH,1184,10.223350253807107,20.18581081081081
STT-PHL,793,9.062420382165605,20.1765447667087
IAH-LAS,17922,6.533351955307262,20.1763196071867
JFK-BNA,8074,3.6696040709941666,20.17587317314838
DFW-TLH,4486,6.214477211796247,20.17387427552385
MCO-ORF,2761,6.378496185978932,20.173850054328142
LAX-ANC,1502,-0.28475935828877,20.17310252996005
MIA-CMH,3580,4.289311695579183,20.16759776536313
ORD-MCI,13373,5.124035652760093,20.167501682494578
OTH-SFO,1438,15.427677329624478,20.166898470097358
ATL-SFO,12352,3.3209886547811993,20.166774611398964
MKE-IAH,2400,5.004173622704507,20.166666666666664
PGD-BLV,843,7.350835322195704,20.166073546856463
DFW-FCA,967,5.208290155440414,20.16546018614271
TUL-DFW,12823,9.187817258883248,20.15908913670748
MTJ-DFW,2729,12.904867256637168,20.15390252839868
RSW-PHL,7435,10.10674384170144,20.147948890383322
LGA-EYW,1385,1.9366351056081572,20.144404332129966
CLT-BTR,4071,4.770935960591133,20.1424711373127
DFW-IAD,7350,6.869974103857162,20.136054421768705
CLT-MDW,3094,4.824425008098477,20.13574660633484
IAH-CMH,3571,7.596019063638912,20.13441612993559
XNA-DFW,13165,10.180870491553797,20.129130269654386
SMF-LAS,21318,6.2257700976709245,20.123839009287924
FLL-MDW,6351,4.202779532533165,20.12281530467643
LAS-GRI,517,3.7,20.116054158607348
STT-EWR,1601,2.595439739413681,20.112429731417862
PHX-MSY,3257,3.7391438250692945,20.110531163647526
DCA-HOU,4023,2.2523084601946595,20.109371116082524
EWR-CLE,8141,6.030366363412835,20.10809482864513
LAS-PDX,16119,4.874503475670308,20.106706371362986
ORD-BTV,3661,5.635667396061269,20.10379677683693
RAP-DEN,7178,8.160268044115593,20.103092783505154
SAV-BWI,3313,4.869486404833837,20.102626018714158
MKE-EWR,2990,1.7786336235766913,20.100334448160535
TPA-DEN,13561,5.584430960485422,20.094388319445468
IDA-DFW,2120,14.065464895635674,20.09433962264151
SRQ-CMH,637,3.9606299212598426,20.09419152276295
IAH-RSW,3504,5.421955403087479,20.091324200913242
SFO-HNL,10806,2.9080630213160332,20.090690357208956
DEN-AMA,2390,7.384389425094419,20.0836820083682
FLL-MKE,762,5.438320209973753,20.078740157480315
DCA-JFK,10148,4.705632830225905,20.07292077256602
ATL-LAX,24537,3.5476404310907905,20.067652932306313
MIA-GRR,613,2.297208538587849,20.0652528548124
DEN-KOA,1535,4.695994747209455,20.065146579804562
RSW-IND,4426,6.184615384615385,20.063262539539085
PHL-GSP,2218,5.778581111613195,20.063119927862942
DAL-LBB,7093,3.8931545518701483,20.0620329902721
CLT-RDU,14665,6.777178734730089,20.061370610296624
FAR-AZA,1401,4.268763402430308,20.057102069950037
AMA-DFW,10000,10.319370678424692,20.05
PIE-LEX,808,5.777915632754342,20.049504950495052
EUG-SJC,838,5.293556085918855,20.047732696897373
MTJ-DEN,6886,3.589553324603521,20.040662213186174
ORD-LAX,29403,3.566058294742577,20.03877155392307
BOS-SAN,5630,-3.443747760659262,20.035523978685614
STL-FLL,3983,4.155706727135299,20.035149384885763
TPA-MDW,8745,6.955155407730245,20.034305317324186
BFL-DFW,2971,10.10504913588614,20.02692696061932
IAD-SAV,1488,9.203093476798925,20.026881720430108
PHL-SAN,3361,0.9083582089552239,20.023802439750074
CMH-LAS,4621,3.6729478016027723,20.017312270071415
LAX-IND,2618,8.326061997703789,20.01527883880825
ORD-BOS,27687,5.841627486437613,20.013002492144327
SAV-JFK,6392,7.494827586206896,20.009386733416772
DFW-OGG,2414,2.9344126193441262,20.0082850041425
SAN-BWI,3149,1.1831793564829562,20.006351222610352
STT-IAH,785,3.735408560311284,20.0
PGD-SDF,605,8.546511627906977,20.0
LGB-RNO,2580,4.908385093167702,20.0
CLT-TYS,9845,6.303477023180155,20.0
IND-RSW,4420,5.642743583920055,20.0
SLC-BOS,5353,6.777673721670725,19.988791331963384
ICT-LAS,1381,5.311094996374184,19.985517740767563
PHL-TPA,11650,4.963504906180066,19.98283261802575
SFB-RFD,606,6.6,19.966996699669966
RIC-DFW,4197,10.409090909090908,19.9666428401239
LAS-AMA,1753,4.073142857142857,19.965772960638905
ECP-MDW,561,5.5760286225402504,19.964349376114082
MCI-OAK,1658,2.1636473429951693,19.96381182147165
ANC-LAX,1493,-0.09463087248322148,19.959812458137975
CLT-DAL,1659,2.7939577039274925,19.95177817962628
ORD-CAE,1188,5.320404721753794,19.94949494949495
MCI-LAS,8393,3.9029601336834565,19.945192422256643
TPA-CVG,3936,6.989326556543837,19.944105691056908
CLT-OMA,3911,5.938205128205128,19.943748401943235
PNS-LGA,707,9.357653791130186,19.943422913719942
RSW-CVG,3726,5.791084854994629,19.940955448201827
DRO-DEN,7394,8.952432578940236,19.935082499323777
DEN-CLT,13815,5.302364374818683,19.934853420195438
SEA-EWR,8349,1.5829823083403538,19.93053060246736
DFW-ORD,27297,5.332978450016521,19.928929919038723
CVG-MCO,7469,7.6135570469798655,19.922345695541573
DCA-JAX,5974,4.923825503355705,19.91965182457315
ORD-SRQ,3715,3.560291340706771,19.919246298788696
LGA-DAL,5573,0.6864864864864865,19.917459178180515
VPS-HOU,708,7.128895184135978,19.915254237288135
MCO-MHT,3355,5.07255897282771,19.91058122205663
GSP-DFW,4465,8.931848852901485,19.91041433370661
LAS-MFE,1542,6.236979166666667,19.909208819714657
DTW-PBI,1417,4.831095406360424,19.90119971771348
TPA-LGA,10879,7.575320956867092,19.900726169684713
IAH-LGA,16659,4.383558326775229,19.899153610660907
CLT-AVP,5453,7.345424415393113,19.897304236200256
CLT-RSW,8867,6.709797717256187,19.893988947783917
DCA-HSV,4861,4.026196369636963,19.893026126311458
STL-DAL,8890,4.0060899966166685,19.887514060742404
PHX-MKE,6376,3.857097989949749,19.8870765370138
IAH-OMA,3349,6.906754333532576,19.886533293520454
HDN-IAH,508,6.569169960474309,19.88188976377953
SAN-OAK,14933,3.942323151125402,19.87544364829572
IAD-DFW,7366,7.360311177835404,19.875101819169156
ORD-DLH,2637,4.282285714285714,19.871065604854003
CHS-JFK,7554,6.467427358365398,19.870267407995765
SAV-MDW,1792,5.909497206703911,19.866071428571427
MCO-SEA,7624,0.8037100381528747,19.858342077649528
ORD-TYS,5786,4.936461218836565,19.858278603525754
ORD-JLN,841,10.320143884892087,19.85731272294887
TLH-DFW,4483,9.226926523297491,19.852777158153025
DAL-PNS,2166,4.758333333333334,19.8522622345337
IAH-CHS,2424,4.475186104218363,19.843234323432345
CLE-MIA,3348,3.182418241824182,19.83273596176822
EWR-CVG,6864,4.366525732614083,19.82808857808858
AUS-SJC,5573,3.947746453582331,19.827740893594115
PHX-CID,1957,3.6085171883016933,19.826264690853346
CRW-CLT,5639,7.209170072862982,19.826210320978895
PHX-BNA,8818,4.186775732788003,19.82308913585847
MIA-GSP,1574,4.023521932612842,19.82210927573062
PHL-SRQ,1963,3.711803781297905,19.816607233825778
DFW-AGS,1948,8.022622107969152,19.815195071868583
DAL-SFO,1363,-0.7121879588839941,19.809244314013206
SFB-SBN,732,8.640883977900552,19.808743169398905
FAR-DEN,6453,9.162884675163195,19.804741980474198
DEN-PNS,1530,2.7413228552717746,19.80392156862745
ACY-MCO,3858,6.042741725306229,19.80300673924313
ORD-MSN,9007,4.9376597399711075,19.79571444432108
AMA-LAS,1743,4.119540229885057,19.793459552495698
DFW-SBN,3906,6.503852080123266,19.790066564260112
BWI-BNA,8238,3.31951871657754,19.786355911629038
PVD-TPA,2224,3.523723452327158,19.784172661870503
ILM-DCA,2770,8.226039783001807,19.783393501805055
JFK-SYR,6058,3.4049900859220092,19.77550346649059
BOS-RDU,12961,5.24416086620263,19.77470874160944
EWR-MHT,1047,3.4616858237547894,19.770773638968482
RNO-LAS,16693,4.062057800695527,19.76876535074582
ORD-OMA,10136,4.837482710926694,19.761247040252567
SLC-SFO,16130,4.4283584870504935,19.758214507129573
MAF-DFW,11293,9.664833215046132,19.75560081466395
MSY-DCA,7416,6.113697888467786,19.754584681769146
OAK-BOI,3397,4.206835592221568,19.7527229908743
MTJ-IAH,724,9.910364145658264,19.751381215469614
PGD-PVD,643,6.9296875,19.751166407465007
DEN-SAV,1514,2.926441351888668,19.74900924702774
RSW-BUF,628,6.1291866028708135,19.745222929936308
ORD-FSD,5744,6.191258741258741,19.742339832869078
MYR-EWR,4473,2.831763122476447,19.74066621953946
ORD-BNA,20980,5.063463281958295,19.737845567206865
AUS-CVG,2812,7.934163701067615,19.736842105263158
DEN-FSD,6754,6.459038290293856,19.736452472608825
DCA-DSM,2914,2.7629221226740177,19.73232669869595
CLT-IND,9570,7.428377105786335,19.728317659352143
RDU-LGA,16114,6.912480547774665,19.721980886185925
GRR-AZA,908,3.3241455347298787,19.7136563876652
TPA-BNA,8822,6.205768794004088,19.71208342779415
CLT-VPS,6362,6.714285714285714,19.710782772712985
CLT-DAY,7049,7.0381993751775065,19.704922684068663
SLC-AUS,7085,5.5124540050948205,19.703599153140438
PIT-TPA,4233,4.905687203791469,19.702338766832035
SEA-MCO,7639,1.9881485383197262,19.701531614085614
IAH-JAX,4076,4.662321692080669,19.700686947988224
DFW-MSP,15155,7.820284109679551,19.696469811943253
ORD-ATL,27438,6.924677790353791,19.695313069465705
DEN-MRY,2092,3.273734939759036,19.694072657743785
CLT-PVD,6694,6.608019150209455,19.68927397669555
DFW-MAF,11306,7.020276252877634,19.68866088802406
EWR-HNL,1082,1.370817843866171,19.68576709796673
PHX-FSD,2098,5.6451458632233384,19.685414680648236
MYR-DCA,1778,4.331260599208592,19.68503937007874
PGD-SBN,818,4.736196319018405,19.682151589242054
SAT-LAS,8400,5.361978545887962,19.678571428571427
IAH-MEM,3659,7.772789488091979,19.677507515714677
MCI-RSW,1052,6.302480916030534,19.676806083650188
IAH-MKE,2399,7.5957357859531776,19.6748645268862
IND-AUS,3304,4.248250684514755,19.673123486682808
SEA-KOA,5739,-1.2507462686567163,19.672416797351456
IAH-PSP,1337,5.822556390977444,19.670905011219148
DCA-CHS,6749,4.229101707498144,19.662172173655357
DEN-LAX,33676,4.420481891915981,19.66088609098468
LIH-KOA,1409,6.191761363636363,19.659332860184527
DEN-SNA,16875,2.476804276804277,19.656296296296297
LAS-PHL,6910,5.04853945647435,19.652677279305355
BOS-ACK,845,6.024881516587678,19.644970414201183
MLI-CLT,728,10.792582417582418,19.642857142857142
GUC-DEN,2678,8.005231689088191,19.64152352501867
CID-PHX,1950,5.622816032887975,19.641025641025642
MSY-TPA,5291,5.987502366975952,19.63711963711964
DFW-AMA,10018,7.495548664599379,19.634657616290678
IND-MIA,3622,6.564663528108557,19.630038652678078
PHL-PNS,1243,3.7125506072874495,19.629927594529363
ELP-DFW,13011,10.64297826422075,19.62954423180386
ATL-IAH,21151,5.883811329698981,19.625549619403337
IND-LAX,2614,7.564318529862175,19.625095638867634
ATL-ORD,27406,6.537761035731266,19.61979128657958
SEA-IND,2151,1.0548837209302326,19.618781961878195
RDU-HOU,622,3.1993569131832795,19.614147909967848
MSO-SEA,2728,6.498347410943812,19.611436950146626
LAS-SHV,510,5.369351669941061,19.607843137254903
BNA-CLE,3509,4.5962360992301114,19.606725562838413
AVL-BOS,760,5.829365079365079,19.605263157894736
BOS-JFK,24417,5.295419159223142,19.601097595937254
TPA-SFO,2138,3.915023474178404,19.597754911131897
MCI-MCO,7277,5.504274682846112,19.59598735742751
STL-AUS,4741,3.992603550295858,19.595022147226324
MSY-PHX,3200,6.5825759949858975,19.59375
LAX-MIA,14526,5.898567771396942,19.59245490844004
PHL-RSW,7442,3.9501280496023723,19.59150765923139
DEN-MAF,4793,4.896256013386321,19.591070310870016
IAH-AMA,1976,11.940578974098527,19.58502024291498
ORF-DCA,5147,6.21374343001752,19.584223819700796
PDX-MCO,1946,2.7946336429308567,19.578622816032887
MDW-DTW,9292,4.490470550231507,19.57597933706414
DEN-COD,2258,8.879140555058191,19.574844995571304
HOU-LAX,5661,2.9747036971519547,19.572513690160747
DEN-JAC,6096,7.354059864395568,19.57020997375328
ORD-DCA,26055,5.573707943114811,19.570140088274805
CLT-SLC,4303,4.073125291103866,19.567743434812922
BNA-CLT,15855,6.891352409828817,19.56480605487228
GRI-DFW,3435,11.584916691026017,19.563318777292576
DFW-LIT,12319,6.844997155165407,19.56327623995454
JFK-SAV,6410,3.582551594746717,19.563182527301095
ATL-FSD,1457,5.353144436765723,19.560741249142072
GSP-DCA,3584,5.352693602693603,19.559151785714285
ORD-JAC,2991,8.319702602230484,19.55867602808425
STL-RSW,3958,5.584093211752786,19.55533097524002
SPI-DFW,2066,7.05544747081712,19.554695062923525
DFW-MSO,2394,3.5527089458210837,19.548872180451127
HOU-SLC,1596,3.6,19.548872180451127
BNA-SAN,2865,2.1103327495621715,19.546247818499126
TPA-IND,5367,5.483582089552239,19.54536985280417
ORD-ABE,2431,7.023064250411862,19.5392842451666
DCA-ECP,1602,1.8248587570621468,19.538077403245943
ORD-RSW,13074,4.0451197053407,19.534954872265565
DAL-HOU,18594,3.2487741796433,19.52780466817253
HOU-PHX,8714,4.288554355320616,19.520312141381684
GRR-DCA,2577,8.526479750778817,19.518820333721383
IAH-GSP,2014,6.206554121151936,19.513406156901688
HOU-CRP,5294,2.522404991491775,19.512655836796373
ORD-SYR,6724,5.3365098272781415,19.51219512195122
CLT-CID,3173,7.2153700189753325,19.508351717617398
PHX-GEG,4583,5.2673505019642075,19.506873227143792
ORD-GRR,11017,5.450912723639997,19.506217663610784
MDW-TUL,1364,3.1482024944974323,19.501466275659823
HOU-OKC,5837,4.650935301184143,19.49631660099366
RDU-MIA,9325,7.796405896911654,19.49597855227882
DRO-DFW,5114,9.559089124460149,19.495502542041454
ATL-SAN,9146,3.0720562390158173,19.494861141482616
DAL-STL,8906,4.463354316546763,19.492476981810018
SYR-EWR,1888,-1.557498675145734,19.491525423728813
MDW-COS,1729,2.939779965257672,19.491035280508964
ANC-SFO,785,9.186224489795919,19.49044585987261
DEN-CPR,5367,7.417568071615069,19.489472703558786
LGA-MDW,9354,1.471042471042471,19.488988667949542
LAS-ORD,22970,4.321791904990612,19.486286460600784
PHX-SAN,22841,5.471101178738881,19.48250952235016
CLE-DFW,7181,5.972424412094065,19.481966299958223
PHL-DEN,11916,2.2764973082099598,19.478012755958378
ORD-PHX,25126,4.038601108585556,19.477831728090425
ORD-MSY,7809,3.118567945592198,19.477525931617365
RIC-FLL,3487,4.976971790443293,19.472325781474044
ONT-HNL,1361,3.052980132450331,19.47097722263042
DCA-VPS,1890,0.10414452709883103,19.47089947089947
ATL-DEN,27427,4.5200102429031315,19.46621941882087
BWI-VPS,1120,3.545129579982127,19.464285714285715
DCA-TUL,1059,3.1261859582542693,19.452313503305003
IAD-CKB,766,11.81282722513089,19.451697127937337
OMA-LAS,4926,3.162096282754418,19.447827852212747
SFO-DFW,16266,8.280163093840736,19.445469076601498
DFW-MLI,3432,8.374707943925234,19.434731934731936
IAH-SAT,10303,6.698261629600855,19.431233621275357
FOD-MCW,700,18.732758620689655,19.428571428571427
LAX-PIT,1292,3.928682170542636,19.427244582043343
DEN-DRO,7428,5.549763673193788,19.4264943457189
DTW-BHM,1534,4.252775963422599,19.426336375488916
JAX-IAD,3825,7.8729368614094835,19.424836601307188
MYR-ORD,2147,5.5432849789424425,19.422449930135073
DFW-DTW,15714,6.717693583365225,19.422171312205677
PSP-SFO,11692,4.113419764746286,19.414984604858024
GRR-MIA,613,1.7381342062193126,19.412724306688418
ORD-STL,10188,5.876093151223347,19.39536709854731
ATL-PHX,15876,5.5518025127848984,19.39405391786344
MHT-DCA,4193,7.2146960268070846,19.38945862151204
ACK-DCA,1176,4.838903170522708,19.387755102040817
CVG-TPA,3951,8.035034272658034,19.38749683624399
RNO-IAH,846,9.075089392133492,19.38534278959811
AZA-RAP,779,5.369032258064516,19.383825417201543
HOU-MDW,8613,3.840032622626121,19.377684894926276
FAR-ORD,6591,9.337285301717586,19.374905173721743
XNA-DEN,3495,6.805291918320391,19.37052932761087
DTW-DFW,15720,3.373825202992136,19.37022900763359
HPN-DTW,3299,12.56176024279211,19.369505910882083
STL-DEN,16954,5.210572999822601,19.358263536628524
OKC-DEN,12719,6.717213114754099,19.356867678276593
CLT-SAV,11967,5.88561626642122,19.353221358736526
DCA-ILM,2780,3.430580598629643,19.352517985611513
CLT-SDF,9224,7.530649886080069,19.351691240242843
SEA-LAS,29693,4.123853829557713,19.35136227393662
DTW-IAH,12212,3.113511293634497,19.34981984932853
BZN-SFO,1928,6.244421380384017,19.346473029045644
DCA-EYW,2047,-0.24209486166007904,19.345383488031263
PBI-PVD,1277,6.796078431372549,19.342208300704776
MSY-PHL,4251,10.65566037735849,19.336626676076218
PHL-DAY,1686,4.014251781472684,19.33570581257414
FCA-LAX,812,7.615861214374226,19.334975369458128
PHL-SFO,5318,-0.3767924528301887,19.330575404287327
ORD-PVD,5163,5.080876648564779,19.329846988185164
CLT-ROA,564,5.188948306595365,19.326241134751772
IAH-ICT,2955,8.413758048119282,19.323181049069373
MSP-BOS,9581,2.6805308809697985,19.31948648366559
JAX-LGA,5435,7.751108647450111,19.319227230910762
CLT-DSM,4033,5.225950782997763,19.31564592115051
OMA-DEN,14147,5.2555390387201815,19.311514808793383
FLL-DEN,8830,3.9086259802250254,19.309173272933183
DCA-LGA,23193,2.8998403314201875,19.30754969171733
CLT-ORD,19523,3.4122838524295758,19.30543461558162
TPA-PHX,4175,6.100672753483902,19.305389221556887
PHL-RDU,8962,5.43936515032972,19.303726846686008
CMH-MCO,8999,5.253565062388592,19.30214468274253
STL-MIA,3865,6.942107995846314,19.301423027166884
LAX-HOU,5664,3.1080028328611897,19.29731638418079
SAN-TUS,1959,4.052631578947368,19.29555895865237
BHM-DEN,4790,4.444444444444445,19.290187891440503
SEA-FLL,3489,1.329004329004329,19.289194611636574
TPA-TTN,1265,5.314535345512311,19.288537549407113
CLT-PWM,3470,6.5947826086956525,19.279538904899134
AUS-HOU,7464,3.1849168008588298,19.279206859592712
JFK-RDU,16153,2.8540801784497183,19.278152665139604
BTR-DFW,8248,8.412951038755923,19.277400581959263
IAH-BOI,1079,2.3852611940298507,19.27710843373494
HOU-FLL,5064,3.295072234316248,19.273301737756714
PHX-STL,9502,4.156101677038287,19.269627446853292
ORD-MSP,24885,5.536571635369335,19.268635724331926
DEN-MTJ,6898,3.9229429690901174,19.266454044650626
JAN-DFW,8767,8.94172760511883,19.26542717006958
PHX-AUS,13823,4.126659412404788,19.26499312739637
FLL-CLT,14083,6.661472785485592,19.26436128665767
JFK-PHX,10595,-0.20206419846605436,19.263803680981596
HNL-SEA,11421,1.4452919516044187,19.26276157954645
PHL-CHS,5280,3.9886148007590134,19.261363636363637
IAH-CVG,3733,6.006702412868632,19.26064827216716
TPA-CLE,4813,5.202579034941763,19.2603365884064
AZA-EUG,566,6.26418439716312,19.257950530035338
EWR-CLT,17054,4.996534711617526,19.256479418318285
CLT-BHM,9603,5.277006575514038,19.254399666770798
SJC-AUS,5604,4.113376251788269,19.25410421127766
AZA-BIS,1018,3.0267326732673268,19.25343811394892
ORF-MDW,2244,4.436632333184058,19.25133689839572
ORD-DSM,9392,4.580232434161425,19.250425894378196
BOS-LAX,19377,0.9125575619599524,19.249625845074057
ORD-RIC,4291,4.093305341730814,19.249592169657422
BNA-TPA,8808,5.2090536851683344,19.243869209809265
JAX-STL,1268,6.012628255722178,19.242902208201894
DTW-HPN,3306,8.263334349283754,19.237749546279492
DAL-MAF,6681,3.477589566781592,19.233647657536295
DEN-MSP,25888,4.695998453508603,19.225123609394316
DAL-SAT,12156,3.134178465591044,19.22507403751234
AZA-GRI,541,8.210428305400372,19.223659889094268
EWR-ATL,26542,5.622532553311945,19.222364554291314
IND-MCO,9926,5.487223512776487,19.22224461011485
BUF-DCA,3985,7.936839456467036,19.222082810539522
IAH-SFO,13610,3.995881444436273,19.221160911094785
DFW-LFT,7034,8.186546957389197,19.22092692635769
SAN-MDW,5170,1.1577618029920342,19.20696324951644
PDX-DFW,9524,10.807261980156216,19.204115917681648
PHX-MCI,10536,4.695966514459665,19.20083523158694
DEN-FAR,6506,6.535285053929122,19.197663695050725
ORD-SAN,12193,3.647005593945377,19.19133929303699
SBP-SFO,4560,4.801317233809001,19.188596491228072
CLT-TUL,3523,4.773955075348308,19.18819188191882
SFO-PAE,813,5.156596794081381,19.18819188191882
MSP-RIC,860,4.31002331002331,19.186046511627907
AUS-ABQ,3263,4.6723926380368095,19.18479926448054
CVG-CLT,9789,7.662744295508032,19.18479926448054
CLE-PHL,4458,6.9748597081930415,19.17900403768506
IAH-SEA,8458,3.1149561507466226,19.177110427997164
SAF-DFW,6193,8.933063209076176,19.16680122719199
EWR-MYR,4520,3.4675813233016153,19.159292035398227
IAH-ABQ,3346,6.315363881401617,19.157202630005976
SAV-LCK,569,13.216549295774648,19.15641476274165
SJU-CLT,3921,11.554130323242688,19.153277225197655
DCA-OMA,2501,1.2275641025641026,19.15233906437425
CLT-CMH,9822,6.1179826795720835,19.150885766646304
CLT-STL,9556,4.905824429080243,19.150272080368357
SAV-EWR,4376,6.3110245244098095,19.149908592321754
TPA-CMH,4053,5.262234305486901,19.146311374290647
CLT-PHX,12383,2.873259954677889,19.139142372607605
GJT-DEN,6187,8.087920984455959,19.136899951511232
SJU-MIA,12192,8.849481822668203,19.135498687664043
ATW-ORD,5523,7.282116325421272,19.120043454644215
OAK-GEG,3295,3.033090467516697,19.119878603945374
DCA-MSY,7422,1.9491823219353968,19.118835893290218
ACV-SFO,4504,11.730504332370584,19.116341030195382
BZN-SEA,4353,3.05387980658531,19.113255226280724
BNA-DAL,9671,3.855246785566155,19.108675421362836
ATL-PBI,17636,5.528500056773021,19.10297119528238
STL-EWR,2450,3.060369609856263,19.10204081632653
ORD-BDL,8931,5.437759103641457,19.102004254842683
ORD-CMH,13834,4.077719082422751,19.0978748012144
ORD-ALB,5383,4.267275097783572,19.097157718744196
HOU-SDF,1016,4.9723865877712035,19.094488188976378
BDL-DCA,7144,5.006028319080331,19.092945128779395
ORD-HDN,744,0.8049113233287858,19.086021505376344
CLT-LEX,5570,5.614470842332613,19.084380610412925
PHL-DFW,14851,2.3604273735461185,19.082890041074673
SEA-OAK,12119,3.0095756975400363,19.077481640399373
ORD-GRB,7087,5.213589490040966,19.077183575560884
OAK-RNO,2359,4.538167938931298,19.07587961000424
MQT-ORD,2071,8.440251572327044,19.072911636890392
LGA-DFW,25405,0.9141228174367502,19.071049006101163
MSP-EWR,10225,3.5902266705916985,19.070904645476773
DTW-MCO,17500,5.1460397457190306,19.068571428571428
DFW-GNV,2397,3.18561872909699,19.065498539841467
SAV-LGA,4343,5.680787037037037,19.065162330186507
CLT-PIA,3389,3.872711163614885,19.06167010917675
CLT-MKE,5435,6.3485239852398525,19.061637534498622
LAX-SAT,7660,7.1715929897985875,19.06005221932115
DEN-SGF,2886,4.78534213268496,19.057519057519055
AZA-PSC,614,4.253706754530477,19.055374592833875
LAX-STL,4855,5.061494015683038,19.05252317198764
IAH-TPA,7202,5.2533741477668014,19.050263815606776
IAD-JFK,3659,3.1897730380092972,19.048920470073792
PWM-ATL,2326,6.6953899181387335,19.045571797076526
DFW-LEX,4752,8.358936484490398,19.044612794612796
CLE-RSW,4884,3.974748511599261,19.04176904176904
ONT-DFW,10115,10.27228460697605,19.041028175976273
HOU-ECP,2395,4.051003344481606,19.039665970772443
BIS-DEN,5158,6.539030562585166,19.038386971694454
BHM-PHL,2096,7.149760765550239,19.03625954198473
MKE-RSW,2564,2.3243454474404066,19.03276131045242
JNU-YAK,1771,2.988310929281122,19.028797289666855
EWR-ILM,904,0.5172031076581576,19.02654867256637
CHS-EWR,6276,7.508385241974126,19.02485659655832
LAX-FLL,9711,2.9699979308917857,19.019668417258778
DCA-CLE,5079,4.3253843121797395,19.01949202598937
OAK-SAN,14718,4.4427968983811725,19.01752955564615
ORD-FNT,4025,5.222084058691868,19.006211180124225
DCA-AVL,1447,3.614315496872828,19.00483759502419
GPT-DFW,4657,9.748060344827586,19.0036504187245
GRR-PHX,742,14.46900269541779,19.00269541778976
ABQ-DFW,10988,11.350342309447742,19.00254823443757
LAS-BLI,3269,3.8588957055214723,18.99663505659223
BUR-BNA,1090,1.8730450781968722,18.990825688073397
MSY-HOU,9389,4.407869481765835,18.9903078070082
DVL-DEN,1543,13.652994791666666,18.988982501620217
DCA-DAL,6789,1.3003999407495186,18.986595964059507
ORD-RDU,11768,5.316784467342247,18.983684568320868
BMI-DFW,3161,7.584258965407807,18.981335020563115
PHX-OMA,7165,4.108996781866518,18.981158408932313
LBB-LAS,1723,2.1248548199767714,18.97852582704585
DFW-STS,1386,3.3217138707334786,18.975468975468974
DFW-FAR,3500,4.837396042443361,18.97142857142857
ILM-DFW,2736,6.689591761677087,18.969298245614034
CLT-CHS,12301,5.28978428978429,18.965937728639947
AGS-DFW,1946,6.318041237113402,18.96197327852004
DEN-DTW,13731,4.070016774852308,18.957104362391668
DFW-FLG,2759,5.713608172199927,18.956143530264587
EWR-PWM,4310,4.903465922307514,18.955916473317867
IAH-MSY,14510,5.625138121546962,18.952446588559614
MIA-ORF,2723,8.373893805309734,18.949687844289386
JAX-MIA,7552,8.264729299363058,18.94862288135593
GRR-IAH,1293,2.779937791601866,18.948182521268368
STL-TPA,4856,4.74575920562681,18.945634266886326
CVG-PHX,1827,7.207671232876712,18.938149972632733
PIT-RSW,2767,5.027918781725888,18.937477412359957
MCO-ROC,1917,5.536853110297962,18.9358372456964
SDF-BOS,1595,5.224040276903713,18.934169278996865
OAK-DEN,8789,4.017005249942936,18.93275685515986
RSW-ORD,13075,4.878999462901865,18.929254302103253
MEM-IAH,3651,4.79198682766191,18.926321555738156
CVG-RDU,1395,5.8200716845878135,18.9247311827957
ORD-CLE,13698,5.3253434668225665,18.922470433639948
SJU-BWI,5692,4.877867984468761,18.921293042867184
HOU-MCI,3642,3.89716799560077,18.918176825919826
ORD-PDX,9029,2.586161011310712,18.916823568501496
OMA-DFW,6730,6.035197613721103,18.915304606240714
IAH-ATL,21134,5.657975823654895,18.903189173843096
DFW-HSV,8406,6.736447039199333,18.903164406376398
EWR-IND,7319,1.6196528631952987,18.896024047000957
BOS-SFO,17000,-2.9131770125804737,18.894117647058824
DFW-BIS,2996,4.008692744901371,18.891855807743656
ORH-JFK,2292,5.077763215377894,18.891797556719023
CLT-MCI,6051,4.204440026507621,18.889439762022807
AZA-BLI,630,6.214968152866242,18.88888888888889
LAS-MLI,503,4.880715705765407,18.886679920477135
DCA-ROC,3696,4.134109997290707,18.885281385281385
EYW-MIA,5687,4.866478774000353,18.885176718832426
BOS-SAV,2648,2.5088846880907374,18.882175226586103
MIA-SAV,2893,6.461005199306759,18.873142067058417
BGR-DCA,3863,6.3497920997921,18.871343515402536
CVG-RSW,3727,4.759762994882844,18.8623557821304
DFW-COU,4623,6.287326388888889,18.862210685701925
MIA-TYS,1400,-0.41893830703012913,18.857142857142858
BNA-ORD,20895,5.832070222563315,18.856185690356543
SEA-PIT,1920,0.0975991649269311,18.854166666666668
SBA-SFO,5760,4.548218940052129,18.854166666666668
IAD-HNL,557,2.9328493647912888,18.850987432675044
ORD-SJC,1061,0.6591123701605288,18.85014137606032
ORD-JAX,6977,2.327447602641401,18.847642253117385
BOS-DFW,15138,1.0099148256587702,18.846611177170036
TVC-LGA,520,10.216374269005849,18.846153846153847
SLC-BWI,2760,1.668482207697894,18.84057971014493
SAN-OGG,3673,0.7768935236004391,18.84018513476722
BNA-JAX,4162,4.652079826881462,18.837097549255166
EWR-GRR,2379,0.9119629317607414,18.831441782261454
PHX-BOS,7723,4.499805220101286,18.826880745824162
RDU-DFW,8426,8.768937134677323,18.82269166864467
HOU-TPA,5016,3.7090073896544835,18.819776714513555
BOS-MEM,1270,-0.4144996059889677,18.818897637795278
IAD-SMF,1201,4.421404682274248,18.817651956702747
MSP-JFK,6154,2.2511006032936574,18.817029574260644
ATL-BWI,25669,5.524391195753981,18.816471229888194
MCI-BOS,3062,7.113294040602488,18.811234487263224
LAS-ATL,22078,5.681566276006178,18.81058066853882
ATL-SNA,4083,1.4869393790044356,18.80969875091844
PIE-SGF,840,5.09546539379475,18.80952380952381
SEA-DCA,3355,1.0926479378362224,18.807749627421757
PHX-CLE,3143,3.192797960484385,18.80369074132994
SBA-DFW,3085,9.043848167539267,18.80064829821718
IAD-PBI,1117,4.923561151079137,18.800358102059086
GEG-DFW,2729,15.017699115044248,18.798094540124588
ORD-FCA,1410,3.2962962962962963,18.79432624113475
SFO-OMA,713,3.544943820224719,18.79382889200561
ORD-MDT,4130,4.771262418221468,18.789346246973366
DEN-XNA,3518,3.491873396065013,18.78908470722001
PHL-BGR,2427,4.838776353865233,18.788627935723117
AVL-CLT,9603,4.657116065847052,18.785796105383735
OAK-HOU,2572,2.5566809505259056,18.779160186625194
MCW-FOD,671,6.485029940119761,18.7779433681073
LAS-SLC,18675,4.588809089934612,18.773761713520752
IAH-STL,3633,7.229241379310345,18.772364437104322
SDF-IAH,1971,4.361139369277721,18.772196854388636
PHX-ONT,13518,5.4579383886255926,18.767569167036545
MSP-TYS,533,1.4642857142857142,18.76172607879925
ORD-SGF,6567,3.119578497251069,18.76046901172529
AVL-LGA,2692,8.345549738219896,18.7592867756315
PHL-JAX,6077,3.915815485996705,18.759256211946685
LGA-OMA,3860,1.607700312174818,18.756476683937823
IND-DFW,7923,7.528591352859135,18.755521898270857
ATL-MDW,15610,5.702113988305596,18.75080076873799
MSO-DFW,2390,5.737284573350147,18.744769874476987
SEA-OGG,8013,-0.6262550200803213,18.74454012230126
SEA-KTN,6333,3.799457994579946,18.743091741670614
SJC-LAS,16102,4.469773221497359,18.743013290274497
FLL-HOU,5138,2.8106312292358804,18.742701440249125
SAT-EWR,2604,7.149305555555555,18.74039938556068
MEM-DEN,5747,4.711021974189048,18.740212284670264
CLT-AVL,9595,7.396513933827367,18.73892652423137
SMF-GEG,2252,3.909737661182748,18.738898756660745
SEA-LIH,4190,-1.5707729468599034,18.73508353221957
ATL-ALB,4335,5.494685767097967,18.731257208765857
SFO-MSY,1511,2.187375415282392,18.72931833223031
MKE-MCO,7225,3.7541984732824427,18.726643598615915
ORD-PIT,12371,5.587397880773275,18.721202813030473
HRL-AUS,2094,3.713193116634799,18.72015281757402
PIE-BLV,764,4.08005249343832,18.717277486910994
AUS-LAX,18646,6.020768487710637,18.717151131609995
ABE-SFB,2662,9.025244913338357,18.707738542449288
ORD-SUX,2085,7.966346153846154,18.705035971223023
CLE-SEA,1096,-1.469406392694064,18.704379562043798
RSW-MDW,6507,4.647702744372495,18.702935300445674
DTW-FLL,12207,3.389915414305658,18.702383878102726
DEN-SGU,3599,4.9296482412060305,18.699638788552374
DAL-OMA,1829,4.275711159737418,18.698742482230728
ORD-BZN,3733,2.382795698924731,18.698098044468257
CLT-SHV,3589,4.410958904109589,18.696015603232098
CMH-DEN,7569,3.148025443943811,18.694675650680406
TPA-ACY,1685,5.825698988697204,18.694362017804153
DFW-DAY,5538,7.6426247288503255,18.68905742145179
BOS-IAH,7550,0.8264055422328803,18.688741721854303
JFK-STT,2435,3.1116144975288305,18.68583162217659
MKE-BOS,3072,4.608482871125612,18.684895833333336
ILM-EWR,910,4.421806167400881,18.681318681318682
ACY-TPA,1697,5.6725768321513,18.680023571007663
SMF-DFW,7409,9.608866594360087,18.67998380348225
LAS-SEA,29679,2.534576351191881,18.67987465884969
SEA-BUR,6334,2.380408939610081,18.676981370382066
DTW-JFK,8851,5.517475398710553,18.675855835498815
ATL-ONT,3925,1.706799591002045,18.67515923566879
MSP-SBN,1419,5.991519434628975,18.675123326286116
ORD-GSP,5066,4.497825227362594,18.673509672325306
BUF-CLT,5034,11.41013916500994,18.673023440603895
DEN-BTV,509,4.546168958742633,18.664047151277014
FLL-SLC,2904,1.7039337474120082,18.663911845730027
PHX-DEN,39529,4.4339154015763995,18.662247969844927
PIE-SDF,552,4.96,18.65942028985507
JLN-DEC,536,13.031954887218046,18.65671641791045
MCI-DFW,11417,8.266894856942251,18.656389594464397
PHX-BOI,6958,6.004462357852311,18.654785858005173
LAS-CID,563,3.4644128113879002,18.650088809946713
STL-DSM,3019,3.4862263524726185,18.64855912553826
TPA-DCA,9111,6.470329186392161,18.647788387663265
SAF-PHX,1893,6.0777366472765735,18.647649234020076
ATL-AUS,17736,3.9186959715238148,18.645692377086153
PWM-DCA,4854,8.29200247985121,18.644416975690152
CVG-DCA,7552,3.640743198407432,18.64406779661017
STL-MSY,2548,3.7539308176100628,18.642072213500786
ROA-LGA,1899,9.32050606220348,18.64139020537125
DEN-PSC,3482,5.035188924141909,18.638713383113153
HOU-SJC,1395,1.4007168458781363,18.63799283154122
MSY-SEA,2452,1.5723039215686274,18.63784665579119
SFB-ELM,719,6.23463687150838,18.636995827538247
ATL-JAC,939,2.5665236051502145,18.636847710330137
EWR-ALB,1390,1.6853851691864652,18.633093525179856
RDU-LAS,2593,-0.12123552123552124,18.62707288854609
IAH-RDU,4334,3.838955637707948,18.62021227503461
PHX-HNL,5624,2.107277628032345,18.616642958748223
DTW-AUS,5862,1.796442011631885,18.611395428181506
IAH-IND,4229,5.1433640880056775,18.609600378340033
BNA-MYR,2402,3.6835970024979185,18.609492089925062
PHX-DSM,3708,6.056021650879567,18.6084142394822
AZA-SBN,543,3.4750462107208873,18.60036832412523
RDU-AUS,5097,2.177769018525818,18.599175985874044
DFW-HDN,769,3.4047936085219708,18.59557867360208
ORD-MHT,1673,3.056954436450839,18.589360430364614
CLT-BNA,15926,5.019622641509434,18.58596006530202
ALB-DEN,834,-0.6115107913669064,18.585131894484412
RSW-PIT,2766,5.560304237595075,18.58279103398409
DCA-BOS,38796,4.238586535981429,18.579234972677597
PSE-JFK,915,5.540481400437637,18.579234972677597
FAI-SEA,9201,2.5884657236126225,18.574068036083034
CHA-DFW,5131,4.385954616588419,18.573377509257455
MCI-AUS,3694,4.1781453362255965,18.57065511640498
EWR-PVD,1831,2.4866047020229636,18.569087930092845
SGF-DFW,12085,5.660450853638323,18.568473314025653
STL-TUL,2779,2.7370317002881843,18.56783015473192
PNS-DCA,3350,10.37860576923077,18.567164179104477
DEN-GJT,6210,6.424398902694852,18.566827697262482
FAT-DFW,5866,10.097334479793638,18.564609614728948
BHM-MDW,2381,5.271422541156606,18.563628727425453
BOS-ORF,1002,5.6332665330661325,18.562874251497004
SAN-EWR,6724,3.0469455311465543,18.560380725758478
IAH-CLT,11310,7.701842991316676,18.558797524314766
JFK-LAX,42686,-1.8834846671828442,18.558778053694418
MIA-PNS,4133,3.1958313136209404,18.557948221630777
DFW-HNL,3045,1.7622653934804082,18.555008210180624
IND-LAS,6565,1.9121549489095624,18.552932216298554
IAH-MDW,2496,5.003615910004018,18.54967948717949
ORD-CLT,19600,5.2682478020854635,18.54591836734694
BHM-TPA,1650,5.762949421084705,18.545454545454547
BDL-MIA,3160,6.919150285351934,18.544303797468352
JFK-DTW,8864,3.8605649717514123,18.535649819494584
CLT-PIT,10424,5.118855606758832,18.534151957022257
DFW-SGU,1009,6.257455268389662,18.533201189296335
JFK-ORD,10851,4.544572748267899,18.532854114828126
EWR-MKE,2995,-0.047539337127552726,18.530884808013358
SFO-DAL,1366,0.8022058823529412,18.521229868228403
LAS-CLT,11560,5.657835302293259,18.52076124567474
OAK-DAL,2970,3.344478216818642,18.51851851851852
CID-DCA,837,6.386091127098322,18.51851851851852
PHX-EUG,2765,7.096446700507614,18.517179023508138
MSN-PHL,1118,5.625673249551167,18.51520572450805
IAH-IAD,7946,3.5943562610229276,18.512459098917695
BWI-MEM,605,0.509090909090909,18.512396694214875
SYR-CLT,5364,8.54766355140187,18.512304250559282
LAS-IAH,17920,4.6954573461042965,18.510044642857142
TPA-ISP,2134,4.410798122065728,18.509840674789128
RDU-BOS,12945,6.148391586761522,18.50907686365392
IND-DAL,2475,2.2341720779220777,18.505050505050505
SFO-FLL,4907,1.0780258038091337,18.504177705318934
IAH-BWI,4659,3.8352688172043012,18.501824425842457
ORD-SEA,22131,0.5823832790445168,18.49893814106909
IAH-DCA,9407,2.8756139226991246,18.496864037418945
PHX-SAT,11121,4.9202559019643175,18.496538081107815
TPA-ORD,14470,4.919259823965625,18.493434692467172
LAX-DFW,30565,7.565493004007094,18.488467201046948
IND-SEA,2142,-0.05560747663551402,18.487394957983195
ROA-ORD,1861,9.839526117393646,18.4846856528748
JAC-LAX,2110,5.25790987535954,18.48341232227488
LAX-AUS,18644,5.206075268817204,18.483158120574984
SAT-SAN,1748,3.193344807802639,18.478260869565215
BOS-MYR,2517,5.370576540755467,18.474374255065555
DAL-AUS,12023,2.51352701240323,18.472926890127255
CHS-IAH,2420,5.395107794361525,18.47107438016529
MIA-TLH,4776,4.112906610703043,18.467336683417084
ORD-ROC,7121,4.051617440225035,18.46650751298975
HOU-DCA,4062,2.262051915945612,18.46381093057607
AUS-PHX,13890,7.779436152570481,18.45932325413967
RIC-DEN,3251,2.613861386138614,18.45585973546601
MKE-JFK,2005,6.229114557278639,18.453865336658353
VPS-BLV,1539,8.10254735467015,18.453541260558804
SAN-RNO,3111,3.1719806763285026,18.450658952105435
AVP-ORD,2943,5.575964493001024,18.450560652395513
CNY-DEN,1897,12.994700582935877,18.45018450184502
SEA-RNO,4766,3.6118116855821776,18.44313890054553
CLT-HPN,5661,4.5763616945532215,18.441971383147855
HOU-OMA,1589,4.063722397476341,18.4392699811202
ORD-ROA,1866,3.2579772850189292,18.435155412647376
CMH-SEA,1785,-2.278246205733558,18.43137254901961
FLL-DTW,12199,5.844562987279442,18.427739978686777
SJU-ORD,4195,5.126536514822849,18.426698450536353
PIT-SEA,1943,-2.0283067421513126,18.4251158003088
SNA-SFO,17142,3.2986375065785625,18.42258779605647
MDW-MSP,13088,2.774482073235991,18.42145476772616
SIT-SEA,1482,8.410135135135135,18.421052631578945
MYR-PIT,1569,6.535417996171027,18.419375398342893
OAK-PSP,2655,3.3941220798794274,18.418079096045197
CHS-MSP,543,7.393715341959335,18.41620626151013
CVG-PHL,5051,6.7130676184810625,18.41219560483073
CMX-ORD,3297,10.175470552519732,18.41067637245981
DFW-SNA,13445,2.7758942573370176,18.40833023428784
VPS-DAL,1456,3.396671289875173,18.40659340659341
SJC-DAL,2809,1.6986743102830526,18.405126379494483
EWR-MSP,10200,4.138719811505989,18.401960784313726
CKB-ORD,1038,11.343629343629344,18.40077071290944
PDX-SFO,15669,3.8172468859789204,18.399387325291976
OKC-AUS,1924,4.893639207507821,18.3991683991684
RDM-SFO,5620,7.513638794794081,18.398576512455517
EWR-RIC,1049,0.8631578947368421,18.398474737845564
LNK-DEN,1386,4.081218274111675,18.398268398268396
MDW-STL,8740,2.9917563544767574,18.39816933638444
PDX-ANC,2196,0.5599088838268793,18.397085610200364
HOU-BWI,5898,2.764096467391304,18.396066463207866
BOS-BNA,10602,1.443256034074775,18.39275608375778
MAF-DEN,4790,7.9733305333893325,18.39248434237996
SFO-MCO,4606,1.4097252507631923,18.38905775075988
PHX-OGG,3339,-1.5925814234016888,18.388739143456124
ORD-ORF,6289,4.251792828685259,18.381300683733503
BNA-VPS,3199,2.279434850863422,18.38074398249453
PHX-OKC,7673,4.488104575163399,18.376124071419262
CLT-GPT,4000,3.4025062656641603,18.375
DEN-PRC,1976,5.5564024390243905,18.370445344129553
PWM-JFK,4143,5.3513644047331566,18.3683321264784
BFL-SFO,1993,2.392156862745098,18.364274962368288
MSY-BWI,4504,3.985539488320356,18.36145648312611
CLL-DFW,5648,6.78567629852863,18.360481586402265
PHL-MCI,3192,2.583542713567839,18.358395989974937
PIE-FWA,828,3.6557971014492754,18.357487922705314
ORF-LGA,7491,4.055919732441471,18.355359765051396
SEA-BZN,4359,3.9834710743801653,18.352833218628124
TPA-PHL,11645,7.753180880330124,18.3512237011593
BWI-CLT,14287,3.7281328847771236,18.345348918597328
JFK-MSP,6160,1.8622540250447228,18.344155844155843
PIT-MYR,1570,5.797323135755258,18.343949044585987
IAH-COS,2786,6.310382119682768,18.341708542713565
MKE-ORD,8479,5.95859872611465,18.339426819200376
LGA-BHM,2678,-1.8114478114478114,18.334578043315908
CLT-GSP,12371,6.78245046502224,18.333198609651603
SNA-STS,2024,4.517582961862308,18.3300395256917
ORD-SJU,4212,2.5963826749167063,18.328584995251664
BOS-RIC,7126,3.251053666760326,18.327252315464495
SEA-BNA,5277,1.0833966565349544,18.324805760848967
SAN-DFW,15129,8.531171242870407,18.32242712671029
IAH-SAV,1523,3.744415243101183,18.319107025607355
LGA-MVY,1130,2.321206743566992,18.318584070796458
PVD-EWR,1807,1.7410071942446044,18.31765356945213
PHL-LAX,10423,-0.28620822128313483,18.31526431929387
FAR-DFW,3495,4.238874533448177,18.31187410586552
CLT-ILM,11786,4.609530281151788,18.30985915492958
BHM-DAL,3665,5.473684210526316,18.30832196452933
OMA-LAX,1726,4.6035983749274525,18.308227114716107
ANC-DEN,2551,6.931657501963865,18.30654645237162
PIE-RFD,661,5.178787878787879,18.305597579425115
DEN-BIS,5158,5.7584127601633925,18.30166731291198
SDF-MIA,2372,7.335164835164835,18.296795952782464
ORF-DEN,2378,3.0130801687763715,18.29268292682927
IAD-BOS,5888,5.106560163154317,18.291440217391305
IAH-PDX,3488,3.9885123492245835,18.291284403669724
BNA-ECP,4795,4.276884527041136,18.289885297184565
PNS-ORD,1799,4.929208472686733,18.28793774319066
BUR-ABQ,1028,3.826341463414634,18.28793774319066
CLT-CRW,5660,5.555713271823989,18.286219081272083
ATL-PHL,25995,5.172241253223509,18.2842854395076
HPN-RSW,2303,3.189436927106067,18.28050369083804
LAX-JFK,42655,2.895702922765567,18.27921697339116
ORD-GSO,3578,2.2753988245172123,18.278367803242034
PHL-MSY,4262,2.0492459943449575,18.277803847958705
RAP-DFW,4470,8.114182962463476,18.277404921700224
MSY-DEN,10024,3.5508754377188594,18.27613727055068
IAH-ORD,21707,4.704180509413067,18.275210761505505
HPN-TPA,1494,2.039004707464694,18.27309236947791
MCI-DEN,17646,4.547410856234386,18.27042955910688
LGA-DSM,2031,-1.7115384615384615,18.266863613983258
AUS-DAL,11973,3.0715958514553363,18.26609872212478
TPA-PIT,4244,4.707242274121255,18.261074458058435
PHX-LBB,1610,8.8,18.26086956521739
ORD-IAH,21638,1.8737139679302994,18.25954339587762
BUF-JFK,11282,5.074274558523383,18.25917390533593
STL-DCA,9455,4.228925882727176,18.254891591750397
IAH-TUS,3501,4.946193474527762,18.251928020565554
SFO-BZN,1929,2.108515057113188,18.247796785899432
JFK-PWM,4143,1.411807403822889,18.24764663287473
IAH-DTW,12218,7.358219963940337,18.243575053200196
KTN-WRG,1787,2.496606334841629,18.242865137101287
EWR-STL,2467,0.35734635734635734,18.240778273206324
PHL-GSO,784,1.7662835249042146,18.239795918367346
CLT-MDT,5647,5.679084619478446,18.2397733309722
HNL-SAN,6305,1.111058074781225,18.23949246629659
ANC-CDV,1805,3.3009545199326222,18.22714681440443
AUS-BNA,10633,4.326803541156527,18.22627668578952
LAW-DFW,4994,7.426482371794871,18.221866239487387
ELP-SAN,1021,3.6715686274509802,18.21743388834476
AUS-DCA,1559,1.0620957309184993,18.216805644644
PIE-TOL,593,3.75,18.21247892074199
AZA-MOT,604,1.4242928452579036,18.211920529801322
ATL-JAX,19713,4.990553580497714,18.21133262314209
ORD-LEX,5299,3.267965204236006,18.210983204378184
DEN-XWA,4223,9.18170964660936,18.209803457257873
SCE-ORD,1955,5.473792394655704,18.20971867007673
LAX-ATL,24536,4.096049352453323,18.205901532442127
BNA-PNS,3801,3.0392725355824988,18.205735332807155
DEN-SAF,1269,6.904044409199049,18.203309692671397
EGE-DEN,4939,3.3903232364301688,18.202065195383682
TYR-DFW,5599,4.880114346971592,18.199678514020363
JFK-SAN,9234,-3.304267363379055,18.19363222871995
CLT-CHA,3941,3.9961851475076298,18.19335194113169
SRQ-MSP,863,3.0603248259860787,18.192352259559673
PBI-ACY,1226,4.562448979591837,18.189233278955953
FWA-DFW,4157,5.56462913747282,18.186191965359637
BWI-ORD,13230,3.0444865479348238,18.1859410430839
PIT-DFW,6803,5.71823694719716,18.18315449066588
COS-DEN,17187,4.379637719144971,18.18234712282539
SFB-PBG,704,2.5272988505747125,18.181818181818183
PGD-PIA,792,8.405576679340937,18.181818181818183
ORD-PWM,4521,3.6803551609322973,18.181818181818183
HOU-DAL,18533,3.1599827045724784,18.178384503318405
BUF-DEN,1992,-0.7238430583501007,18.17269076305221
DFW-SAF,6199,5.67347269486307,18.164220035489596
BHM-ORD,3117,5.703477141017386,18.158485723452035
SFO-SAN,27258,2.8777655273796396,18.15613764766307
CHS-SEA,1559,-1.9285254346426273,18.152661962796664
IAD-SFO,10203,-0.16949985260882383,18.151524061550525
LAS-LRD,518,5.4186046511627906,18.146718146718147
AUS-CMH,992,4.016177957532862,18.14516129032258
LGA-RDU,16076,1.2958808500031158,18.14506096043792
MSY-MDW,4559,3.4242957746478875,18.139942969949548
PHX-ELP,11699,5.923340177960301,18.13830241901017
DFW-YUM,2084,5.787674530572942,18.13819577735125
BOI-DFW,4202,8.645230695672963,18.134221799143265
RNO-SEA,4743,2.751217446538217,18.131983976386255
SFB-TUL,546,7.858715596330275,18.13186813186813
IAH-MTJ,728,3.916208791208791,18.13186813186813
BOI-SMF,3575,3.916036943744752,18.125874125874127
BNA-MKE,3604,4.162364696086595,18.11875693673696
DFW-XNA,13164,4.9347941870197065,18.117593436645397
TPA-STL,4863,4.080074104569782,18.116389060250874
SFB-FWA,690,3.371720116618076,18.115942028985508
CID-ORD,8155,7.080795677799607,18.11158798283262
SYR-DEN,1662,1.7963636363636364,18.110709987966306
MSP-MCO,10155,2.1262212572781998,18.10930576070901
ABQ-DAL,7158,3.717449194113525,18.105616093880972
BUR-HOU,779,2.392764857881137,18.10012836970475
BNA-CHS,3442,3.3951730154114568,18.099941894247532
DCA-MCI,6824,1.797531589773729,18.097889800703403
PHL-GRR,757,3.439153439153439,18.09775429326288
CAE-ORD,1188,5.998309382924767,18.097643097643097
FSM-DFW,5802,7.3100414078674945,18.09720785935884
MIA-XNA,735,1.2005494505494505,18.095238095238095
ONT-DAL,1432,4.172073342736248,18.08659217877095
LGA-BNA,18793,-0.07580283793876028,18.086521577182992
HOU-DEN,12186,1.5724381625441697,18.086328573773184
ESC-MSP,1117,8.265232974910393,18.084153983885408
CLT-MYR,11714,5.156599743699274,18.080928803141543
PHL-SAV,3778,4.006099177936886,18.078348332451032
CMH-TPA,4023,3.6761335326357747,18.071091225453642
SRQ-BNA,2828,3.479418026969482,18.06930693069307
ELP-DEN,6647,6.388712841406368,18.06830148939371
ATL-DCA,28312,4.38384410983171,18.06301215032495
IAD-TPA,4623,3.9698546952938627,18.061864590093013
SFO-PSC,1866,6.974731182795699,18.060021436227224
SGF-DEN,2896,7.8789455428373225,18.05939226519337
DCA-STL,9453,2.283868234297214,18.05775944144716
MSP-DFW,15157,3.6309823677581865,18.057663125948405
ATL-PVD,4015,4.5939136941880765,18.05728518057285
PHX-PAE,1883,3.864633493846977,18.05629314922995
ORD-CVG,12240,3.7439273738447696,18.055555555555554
PHL-BTV,3008,4.837441705529647,18.05186170212766
DFW-GPT,4659,5.1945701357466065,18.051083923588752
LGA-MCI,8332,-1.062582741605488,18.050888142102735
SFO-OTH,1457,1.6033755274261603,18.050789293067947
RNO-SFO,6316,4.966529187817259,18.04939835338822
SEA-TPA,4571,-0.06460118655240607,18.048567053161236
MSN-CLT,4295,9.803688141923436,18.044237485448196
SAN-BOI,2949,3.8868116927260368,18.040013563919974
HHH-CLT,5000,3.827454909819639,18.04
MSP-SJC,1458,-2.0323024054982817,18.03840877914952
IND-TPA,5323,4.237000753579503,18.034942701484123
ONT-SFO,6921,3.2937265105521827,18.032076289553533
JFK-SLC,9351,-3.327145922746781,18.03015720243824
CMH-AUS,993,1.2583249243188699,18.026183282980863
DTW-EWR,13301,3.101099066546221,18.021201413427562
VPS-BWI,1121,2.7050938337801607,18.01962533452275
IND-PHX,6644,3.6627450980392156,18.016255267910896
LGB-HOU,2126,4.132039753904401,18.015051740357478
JAX-MDW,1449,2.482662968099861,18.012422360248447
LGA-DEN,19099,-0.526859068885612,18.011414210168073
IAD-SHD,955,8.52565445026178,18.010471204188484
BOI-LAS,5937,5.797673242286292,18.00572679804615
SEA-DEN,30109,2.652515828057314,18.004583347171945
ROW-DFW,3977,10.250818433643918,18.003520241387978
STL-CMH,2261,4.140770252324037,18.000884564352056
EWR-TYS,639,2.7770800627943486,17.996870109546165
CVG-AUS,2812,3.558172733761599,17.99431009957326
EWR-STT,1673,0.15158777711204313,17.99163179916318
PHL-CLT,15947,4.723631341034656,17.990844672979243
FLG-DFW,2757,10.012408759124087,17.99056945955749
MDW-TUS,1084,-0.5300092336103417,17.988929889298895
LAX-MEM,2068,4.181862269641125,17.988394584139265
ILM-ORD,506,2.912871287128713,17.984189723320156
PHX-ICT,1129,3.497781721384206,17.980513728963686
BNA-LGA,18846,4.775069340729678,17.977289610527432
SEA-ABQ,1997,1.5263157894736843,17.97696544817226
PHX-PDX,14668,4.455444868995633,17.971093536951184
RDU-LAX,3133,2.8945012787723785,17.969996808171082
PHX-CVG,1831,2.9928845101258896,17.96832332058984
BUR-DFW,3201,5.9618657421998105,17.96313651983755
HNL-LGB,2984,-0.2176985195154778,17.962466487935657
ORD-PSP,2322,-2.242424242424242,17.958656330749353
LGA-BWI,1047,5.117478510028653,17.95606494746896
SAN-SMF,24679,2.89752736116741,17.954536245390816
LIH-SJC,1632,0.8108108108108109,17.95343137254902
IAD-PBG,1270,19.785431512272368,17.95275590551181
PHX-ABQ,13304,5.436813600120355,17.949488875526157
PHX-SMF,15527,4.101495038020364,17.94937850196432
ORD-DAY,3728,4.699435938759065,17.945278969957084
DCA-PDX,1382,-2.3972403776325346,17.945007235890014
DEN-MOT,3283,11.340992647058824,17.94090770636613
BOS-SLC,5357,0.503566066066066,17.939145043867835
BDL-BNA,1338,1.524024024024024,17.937219730941703
MCI-LAX,5564,1.5282272563825963,17.936736161035228
GEG-LAS,4021,2.776256844201095,17.930862969410594
STX-MIA,3006,10.032655781406199,17.93080505655356
SEA-RDD,993,3.972809667673716,17.92547834843907
STL-ECP,1540,3.1322475570032573,17.92207792207792
PHL-MDW,6601,3.3119963509198724,17.921527041357372
GSO-DFW,3945,3.846036196788172,17.921419518377693
SGF-ORD,6563,8.02993280390959,17.91863477068414
DFW-JAN,8780,5.510953902327704,17.915717539863326
GSP-CLT,12353,5.074997975216652,17.91467659677811
SEA-MSY,2462,-0.1656466748266014,17.91226645004062
HOU-MSY,9426,2.6271384549994687,17.907914279652026
PIB-MEI,726,11.463347164591978,17.90633608815427
SLC-IND,514,4.342412451361867,17.898832684824903
IAH-BNA,11131,5.565338609587193,17.89596622046537
MCO-LAX,13042,4.202228198232809,17.888360680877167
MDW-ATL,15587,3.523521850899743,17.886700455507796
PGD-TOL,615,4.126022913256956,17.88617886178862
SDF-HOU,1001,-0.22110552763819097,17.882117882117882
PAE-LAS,1303,5.305384615384615,17.88181120491174
BGM-LGA,632,10.74960380348653,17.87974683544304
SFO-BOS,17004,0.24117404373195026,17.87814631851329
STL-HOU,5885,2.0071586841656726,17.875955819881053
PHL-MEM,1930,0.4254545454545455,17.875647668393782
DAL-ATL,15741,4.7753374076903485,17.870529191283907
ORD-BHM,3123,1.422336328626444,17.86743515850144
FSD-PHX,2099,3.167381974248927,17.86565030967127
MDW-ABQ,2083,0.8726573762614128,17.858857417186748
BOS-MCI,3063,-0.3849688217919265,17.858308847535096
JFK-DCA,10170,-0.2070935960591133,17.856440511307767
JFK-IAD,3680,3.165352189284743,17.85326086956522
ORF-IAD,3568,4.03560414914494,17.853139013452914
BNA-PHL,11739,5.622271487039564,17.846494590680635
IAH-OKC,6405,7.554669169404035,17.84543325526932
ONT-IAH,1132,5.429840142095915,17.84452296819788
IAH-SJC,1760,1.0881182490051164,17.84090909090909
HYS-SLN,1009,12.385302879841111,17.839444995044598
SHD-ORD,757,3.7152317880794703,17.8335535006605
TPA-HOU,5075,2.450829383886256,17.832512315270936
MSP-ORD,24866,3.950809113597939,17.83157725408188
STS-SNA,2019,5.854806739345887,17.830609212481427
RDU-FLL,6232,3.3836123631680617,17.827342747111683
IAD-MIA,2485,2.4409035901573213,17.826961770623743
SEA-TUS,4718,3.0511243105642767,17.825349724459517
BUF-ORD,7428,5.725839061868176,17.82444803446419
DFW-BTR,8253,5.804321437242049,17.823821640615535
MSP-AUS,5837,1.7090065314541079,17.817371937639198
ATL-MSY,20000,4.964622168771297,17.815
STL-MKE,2897,3.727933541017653,17.811529168104936
SLN-ORD,1595,11.558490566037737,17.805642633228842
PHX-MRY,5280,6.719244707228686,17.803030303030305
LAX-PBI,528,-0.538899430740038,17.803030303030305
IAH-MCI,4899,6.667757104886526,17.799550928760972
CMH-SRQ,635,1.8546603475513428,17.79527559055118
BHM-MIA,2883,4.80090340514246,17.793964620187307
SFB-BMI,562,6.0,17.793594306049823
SAN-SJC,25571,3.036301048349241,17.793594306049823
OAK-HNL,5502,0.13066424021838036,17.793529625590697
RDU-CLT,14675,6.377361063757245,17.792163543441227
RSW-IAH,3497,5.34327502150846,17.786674292250503
FSD-DEN,6730,2.9946356727760395,17.786032689450224
ORD-ABQ,3818,-0.21881551362683438,17.784180199057097
DSM-DEN,9914,4.485696957444658,17.782933225741377
CMH-DAL,1766,1.958451906659078,17.780294450736125
CVG-ORD,12014,4.64475,17.779257532878308
BOS-SEA,11082,-1.5351679188920069,17.776574625518858
BIL-DFW,2881,6.908138316451275,17.771607080874695
DEC-JLN,529,25.180265654648956,17.76937618147448
ATL-BOS,21292,3.038210274004794,17.76723652075897
LAX-RDU,3130,5.353412367830823,17.763578274760384
IAD-IAH,7922,2.3950101317122594,17.760666498359
SFO-DEN,22834,2.7026422050561796,17.754226153980905
ATL-LGA,33377,2.6833263081832963,17.748749138628398
DEN-SLN,1589,5.436708860759493,17.747010698552547
DCA-SLC,1708,7.423212192262603,17.740046838407494
SAN-FAT,3575,4.625139977603584,17.734265734265733
RDU-SFO,2002,1.4434957307885485,17.732267732267733
BWI-SLC,2769,0.10086767895878525,17.73203322499097
AUS-MDW,6723,2.8827658303464756,17.730179979175965
PWM-BWI,5697,2.848208011243851,17.728629103036685
CLT-RAP,790,2.972045743329098,17.72151898734177
AUS-DEN,19735,3.0764541529083056,17.719787180136812
BZN-ORD,3721,4.805345572354212,17.710292932007523
BNA-AUS,10621,2.475858166729536,17.71019677996422
LAX-MDW,6358,0.4910728393111076,17.709971689210445
DEN-TVC,655,4.60091743119266,17.709923664122137
ROC-MDW,1299,4.266203703703703,17.705927636643572
DCA-DFW,13884,3.536143705635231,17.70383174877557
EWR-SDF,3169,-1.512634238787113,17.70274534553487
RSW-BWI,7078,4.488609027876044,17.702740887256287
ORD-PNS,1802,1.8328690807799444,17.702552719200888
SFO-TPA,2158,1.292830540037244,17.701575532900833
ORD-XNA,7458,1.079752953813104,17.699115044247787
TUS-SAN,1944,2.530108080288214,17.695473251028808
BUF-DFW,2193,5.114430147058823,17.69265845873233
LGA-BDL,1295,1.928957528957529,17.683397683397683
SLC-IAH,10643,5.090617633191891,17.68298412101851
PHL-IAH,8433,0.7756173207682214,17.68054073283529
LAX-BWI,6431,0.9558502340093604,17.679987560255015
FCA-DEN,4827,8.050509249636251,17.671431530971617
MSP-IAH,9985,1.507744920539127,17.666499749624435
FNT-ORD,4025,5.152163102933864,17.664596273291924
SBN-ORD,6788,4.486590038314176,17.663523865645256
SFO-BUR,11821,1.7576117377660927,17.66348024701802
IAH-SJU,3884,2.1015987622485817,17.662203913491243
BNA-DEN,17091,2.375256763894595,17.658416710549414
OAK-AUS,1665,3.2144578313253014,17.65765765765766
OGG-SMF,2747,0.5517870167760759,17.655624317437205
BOS-CVG,6599,3.123576742067709,17.65419002879224
BDL-DFW,2289,2.4209833187006145,17.64962865880297
TLH-MIA,4771,5.4700818811673315,17.64829176273318
ATL-CLE,14495,5.043913553821722,17.64746464298034
BOS-EYW,833,-6.307785888077859,17.647058823529413
SNA-SMF,10869,2.2090541037909457,17.637317140491305
DCA-ACK,1185,4.446735395189004,17.637130801687764
LAX-HNL,24420,1.8633102373826411,17.633087633087634
CMH-DFW,7181,8.235515845316208,17.62985656593789
ECP-CLT,4521,5.095936042638241,17.62884317628843
ROC-DCA,3699,5.461267605633803,17.62638550959719
IAH-BHM,2928,3.773210003425831,17.62295081967213
ABQ-SFO,2253,4.176103432902363,17.620949844651577
PWM-EWR,4264,0.9669169404035663,17.612570356472794
SEA-STL,3367,1.2751637879690292,17.61211761211761
MIA-GNV,1414,3.285308729595458,17.60961810466761
SBA-LAS,3590,3.1332589908001114,17.604456824512535
SFB-CID,676,2.833827893175074,17.60355029585799
DCA-SYR,3949,2.635073492143943,17.599392251202836
CMH-ORD,13770,4.074720162814362,17.596223674655047
IAD-BDL,4217,4.749703440094899,17.595447000237137
MSN-ORD,8992,4.505506730448325,17.593416370106763
DCA-TPA,9107,3.184120691553794,17.59086417041836
PGD-IAG,813,5.288557213930348,17.589175891758916
TPA-BWI,13594,3.6129768743555752,17.588642047962335
BNA-PIT,3815,4.651809124278972,17.588466579292266
HNL-EWR,1069,2.886578449905482,17.586529466791394
ANC-HNL,1234,-3.4341463414634146,17.58508914100486
CLT-GSO,9702,3.9619509177149927,17.584003298289012
PHX-MAF,1655,7.653123104912068,17.583081570996978
LEX-DFW,4750,6.3090909090909095,17.57894736842105
DCA-RDU,10076,3.2819238795587795,17.5764192139738
DTW-LAS,15163,0.007792893937392683,17.575677636351646
HOU-LGB,2151,1.4205868653935725,17.573221757322173
SLC-PHL,2447,2.898770491803279,17.57253780138946
AUS-CLT,8559,8.338600187265918,17.572146278770884
STS-SEA,2618,3.7722923842326828,17.57066462948816
DCA-PVD,9461,4.171005291005291,17.56685339816087
SMF-SAN,24567,4.359468601002486,17.56014165343754
PHX-RNO,9870,4.773383489223262,17.558257345491388
AZA-ICT,524,5.632887189292543,17.557251908396946
PIE-ROA,507,3.414342629482072,17.554240631163708
IAH-HOB,1071,16.44924812030075,17.553688141923434
JAX-PHL,6062,6.369985141158989,17.551963048498845
BNA-RDU,8153,4.6525423728813555,17.551821415429902
IAD-PHL,792,6.541666666666667,17.55050505050505
BHM-LAS,1134,1.9126984126984128,17.548500881834215
ORD-BGR,1653,2.4670296430732,17.543859649122805
CLT-FNT,2092,3.1982758620689653,17.54302103250478
BWI-ATL,25629,4.219160412757974,17.542627492293885
JFK-SFO,28236,-5.4470826235093694,17.5414364640884
SLC-ORD,13752,5.2733839194513354,17.539267015706805
FSD-ATL,1454,9.878620689655172,17.537826685006877
BOS-PHX,7735,-2.511633952944235,17.530704589528117
OAK-BLI,2185,0.8658088235294118,17.528604118993137
RNO-DFW,5609,8.945146156622158,17.525405598145838
FAT-SFO,5324,3.6234010534236267,17.524417731029303
SNA-EWR,3641,3.880534670008354,17.522658610271904
STL-ORD,10370,8.432760949257187,17.521697203471554
SEA-STS,2632,1.4996177370030581,17.515197568389056
MSP-GEG,3483,0.7413049726933026,17.51363766867643
BHM-IAH,2935,3.4344262295081966,17.512776831345825
SFO-MCI,1005,0.5224775224775224,17.512437810945276
LAS-IDA,514,5.5546875,17.509727626459142
EWR-GSP,2719,0.11864406779661017,17.506436189775656
TPA-MIA,10306,7.93481639790169,17.504366388511546
PHL-PWM,3942,4.761953204476094,17.50380517503805
SUX-ORD,2074,7.102366006760019,17.50241080038573
BTV-EWR,2794,0.8800572860723237,17.501789549033646
ATL-SYR,4394,4.964904284412033,17.5011379153391
FLL-LBE,640,3.0328125,17.5
LGB-DEN,4623,2.279296875,17.499459225611076
DCA-MYR,1789,3.0902466367713006,17.495807713806595
DEN-GUC,2675,8.61524024024024,17.49532710280374
JAX-CLT,10713,6.7738707565697185,17.492765798562495
STX-ATL,686,0.22140762463343108,17.49271137026239
CLE-EWR,7884,3.525774504824784,17.491121258244547
AUS-BWI,5483,1.9325287986834887,17.490424949844975
COU-ORD,2499,6.346030473135525,17.486994797919166
BOI-ATL,1613,2.100311526479751,17.48295102293862
DEN-DCA,6527,1.1787142417717624,17.481231806342883
CLT-HSV,5566,3.7830307388099946,17.48113546532519
ABQ-SEA,1985,-0.1191919191919192,17.48110831234257
MKE-DAL,1476,0.13138189244383935,17.479674796747968
ANC-PHX,1396,1.3297413793103448,17.478510028653297
ORD-FOD,1425,5.698591549295775,17.473684210526315
LGA-XNA,2942,-2.407103825136612,17.471108089734873
SAN-PHX,22732,4.513293423716877,17.468766496568712
ACT-DFW,6366,5.3424980361351135,17.467797675149228
DTW-PVD,3246,6.594135802469136,17.46765249537893
DCA-EWR,2622,-2.1481481481481484,17.467581998474447
LGA-ORH,916,1.2153005464480875,17.46724890829694
ORD-BOI,4128,-2.0053436968666505,17.46608527131783
SRQ-STL,1151,5.122715404699739,17.463075586446568
HOU-SAN,3705,1.5859734633089628,17.46288798920378
ATL-SAT,12949,3.5443928847641146,17.460807784384894
DCA-BTV,4376,3.3961917871071345,17.45886654478976
EWR-CMH,6716,0.019669199821189094,17.450863609291247
RNO-ORD,1318,5.586128048780488,17.450682852807283
MYR-FLL,2132,3.1183098591549294,17.4484052532833
TLH-DCA,1497,6.978523489932886,17.43486973947896
MCI-DCA,6804,4.302936402537997,17.430922986478542
ACY-PBI,1228,0.05546492659053834,17.42671009771987
OGG-ITO,1716,5.149271137026239,17.424242424242426
STL-BWI,5412,2.258553726650638,17.424242424242426
ATL-ELP,3289,2.584652862362972,17.421708726056554
SEA-MSO,2744,3.5690223361406077,17.419825072886297
LFT-CLT,1832,10.99343544857768,17.412663755458517
EWR-DTW,13262,3.923721140787687,17.410646961242648
ORD-SDF,8182,2.5261289927793418,17.40405768760694
RIC-CLT,11601,5.130157086138443,17.403672097233
MYR-PHL,3511,4.668473609129815,17.402449444602677
OKC-SEA,1454,-1.15633608815427,17.400275103163686
MSY-STL,2558,4.9945269741985925,17.396403440187648
DEN-GTF,3708,4.648714479025711,17.39482200647249
HNL-ATL,1518,3.856765676567657,17.391304347826086
DTW-OMA,4255,4.58926048045219,17.391304347826086
ORD-IND,15299,3.7762013729977117,17.38675730439898
BOS-CLE,6983,1.8524096385542168,17.385078046684807
GSO-EWR,2077,-1.2906024096385542,17.380837746750117
SAV-DCA,3159,7.1378980891719745,17.37891737891738
MCI-LGB,587,2.8228279386712094,17.37649063032368
SEA-OKC,1456,1.5505154639175258,17.376373626373624
IAD-BNA,4581,6.4623797025371825,17.37611875136433
PDX-LAS,16167,4.4692879256965945,17.374899486608523
LAS-LBB,1727,1.9761766414875073,17.371163867979156
COS-PHX,4365,3.6009174311926606,17.365406643757158
SDF-TPA,1745,2.672225416906268,17.363896848137536
ORD-PIA,4429,4.155012446254808,17.362835854594717
CLT-ECP,4527,3.5969421670729007,17.362491716368456
SFO-MSO,507,-0.6620553359683794,17.357001972386588
ORD-ELP,3313,-0.573502722323049,17.35587081195291
LAX-MSO,703,2.496423462088698,17.354196301564723
JFK-ITH,1389,5.426714801444043,17.350611951043916
DCA-CVG,7576,3.2636303630363037,17.344244984160508
JNU-SIT,3166,0.47935196950444725,17.340492735312697
GSP-ORD,5075,2.956908479936746,17.339901477832512
IDA-PHX,1021,8.336935166994106,17.33594515181195
DCA-MKE,3340,2.0347930413917217,17.335329341317365
SEA-SMF,19716,2.8660003044294484,17.331101643335362
BUR-AUS,1431,3.63515406162465,17.330538085255064
LGA-ORD,43128,0.9397755524059573,17.329808940827306
SEA-ATL,15613,3.228168110362528,17.32530583488119
LWS-DEN,1166,11.666083916083917,17.32418524871355
BHM-BWI,1218,2.7746710526315788,17.323481116584567
STL-PHX,9399,3.698784907269239,17.320991594850515
XWA-MSP,2512,10.770517928286852,17.31687898089172
FWA-ORD,6405,4.042819190498515,17.314597970335672
ATL-RSW,15774,4.264739517153749,17.313300367693675
HOU-BNA,7267,2.3986775037884005,17.311132516857025
CLT-DAB,6413,3.790944574551132,17.3085919226571
DAY-DFW,5553,2.7127582457412105,17.30596074194129
RDU-TPA,5848,3.8125428375599726,17.30506155950752
HPN-ATL,7127,7.183223268230996,17.30040690332538
JNU-PSG,1792,2.2947487295313382,17.299107142857142
SFO-ACV,4498,10.133243606998654,17.296576256113827
ICT-DEN,7227,5.056326304106548,17.296250172962502
LGA-ACK,1596,1.3105629348513599,17.293233082706767
ORD-MLI,5095,3.6134486826582775,17.291462217860648
KOA-SJC,2377,2.639205745669624,17.29070256625999
TYS-ORD,5749,4.545882763433356,17.289963471908155
OGG-SJC,4604,1.517833840800348,17.289313640312773
IAH-CLE,4743,3.483639434241081,17.28863588446131
ALB-CLT,5108,6.075564278704612,17.286609240407206
ROC-ORD,7099,4.444648145536596,17.28412452458093
PVD-LGA,2303,7.325076053889613,17.2818063395571
PHX-ACV,515,6.417322834645669,17.281553398058254
CHS-PHL,5279,6.906125545230419,17.275999242280733
IAD-FLL,3832,1.0515841843414506,17.275574112734866
BOS-DCA,38892,2.010334518839235,17.270904041962357
DFW-GRK,9253,4.73560606060606,17.270074570409598
SDF-DAL,608,1.9686468646864685,17.269736842105264
HOU-MAF,5264,2.4560334982870193,17.26823708206687
SFO-PHX,19568,3.9210499386000817,17.262878168438267
PAE-SFO,811,4.379012345679012,17.26263871763255
MCO-MSP,10167,4.837947000295538,17.26172912363529
ATL-DAL,15845,2.9935369408186543,17.260965604291574
SRQ-BWI,5029,2.233652312599681,17.25989262278783
LEX-ORD,5256,3.1854392986468456,17.25646879756469
IAH-MSP,9985,5.003708901363272,17.255883825738607
DEN-LBF,2892,5.014236111111111,17.254495159059474
MDW-BNA,9083,1.4155915756974309,17.2520092480458
BNA-MCI,5160,3.46206093537745,17.248062015503876
BNA-SEA,5254,-0.8408007626310772,17.244004567948227
MCI-EWR,2743,4.429094906559179,17.243893547211083
KOA-SEA,5718,0.4161991584852735,17.243791535501924
IAD-AUS,4541,4.427561837455831,17.242898040079275
JLN-DEN,1015,2.8105682951146562,17.24137931034483
LGA-IAD,4548,3.241970963484382,17.23834652594547
CMH-RSW,3568,2.730400451212634,17.236547085201796
MSP-FLL,3429,-0.7494152046783625,17.235345581802274
SEA-JAC,824,4.582512315270936,17.233009708737864
IAD-SEA,7974,-0.308379466532461,17.231000752445446
ORD-DTW,23145,4.72767760626108,17.23050334845539
EWR-GSO,2055,-3.5316764132553606,17.226277372262775
MSP-SRQ,865,-2.048611111111111,17.22543352601156
SAN-MRY,1858,2.4450460205739035,17.222820236813778
TUS-DFW,10133,8.101099118724626,17.220961215829465
SAN-STS,2590,2.698135198135198,17.220077220077222
SBP-SAN,1301,4.400616332819722,17.217524980784013
DTW-SNA,668,-0.8618618618618619,17.21556886227545
CHS-BWI,5259,2.6506666666666665,17.208594789884007
TUL-LAX,1877,4.00961025093433,17.208311134789557
STL-ICT,2993,1.5612040133779264,17.206815903775478
PHX-LGB,7870,3.5727191754676166,17.204574332909782
SDF-CLT,9196,7.910704562779048,17.203131796433233
MLI-DEN,2023,5.979145978152929,17.202174987642117
AUS-SFO,8627,3.4498085180457236,17.20180827634172
MKE-LAS,5849,0.49871685201026517,17.199521285689862
LCH-DFW,4692,8.383941917574205,17.19948849104859
DCA-CLT,13838,4.295092646207296,17.1990171990172
PBI-CLT,8780,8.920232796987333,17.198177676537586
MLI-DFW,3425,2.714494875549048,17.197080291970803
COS-DAL,3594,1.69487251330905,17.195325542570952
BNA-IAD,4560,6.090270151548429,17.192982456140353
GSO-CLT,9691,1.4574643815816644,17.191208337632855
LGA-IAH,16645,-0.20401742497579864,17.182337038149594
RDU-ORD,11708,3.8484900333647016,17.176289716433207
PHX-BUR,14836,3.2786574637975368,17.174440550013482
GRR-DEN,5747,-0.14333042720139494,17.174177831912303
MSP-ANC,2830,-0.42791356712716966,17.17314487632509
PNS-CLT,8636,8.812376639962848,17.172301991662806
IAD-ORF,3518,3.9991462720546385,17.16884593519045
ORD-MYR,2097,4.473985680190931,17.167381974248926
MKE-TPA,2901,2.2793914246196403,17.166494312306103
BTV-ORD,3637,4.897548884604792,17.15699752543305
JFK-IND,6623,0.7722532869880611,17.15234787860486
TPA-SDF,1732,4.332562174667438,17.147806004618936
BHM-DCA,3663,5.970402850095916,17.144417144417147
ABI-DFW,8365,5.484326393874133,17.142857142857142
LAX-BOS,19385,0.03846551545858753,17.142120196027857
SEA-PHX,30758,2.403262037308331,17.13700500682749
BWI-DTW,9553,3.337731699654414,17.13597822673506
DTW-BOS,11503,2.8132288946910355,17.134660523341736
SEA-CVG,2609,1.108637236084453,17.133001149865848
GTF-SEA,1395,4.184493898061738,17.132616487455195
EGE-ATL,683,3.142437591776799,17.1303074670571
SLC-PHX,24312,4.467781117470252,17.127344521224085
DSM-CLT,4023,8.263840399002493,17.12652249565001
TPA-CLT,14908,6.336065573770492,17.125033539039443
SEA-MCI,4631,1.5395932496754652,17.12373137551285
DEN-BFL,2173,2.615952051636699,17.119190059825126
LGA-ILM,5497,-1.8087860007291288,17.11842823358195
MCI-DAL,8559,2.5230390432641574,17.116485570744246
IAH-PIT,4113,4.566626065773447,17.11646000486263
DFW-EVV,3945,3.759888438133874,17.110266159695815
PIT-PHL,6517,4.534572833435772,17.109099278809268
SGU-DEN,3608,5.605614230127848,17.10088691796009
LGB-AUS,2422,4.219875776397515,17.09331131296449
DTW-SJU,896,-2.5195968645016795,17.075892857142858
SAT-DAL,12146,1.7971289497566207,17.07558043800428
BOS-DEN,14222,-1.8805612352816752,17.07214175221488
PHL-PIT,6526,3.1219138168992484,17.070180815200736
LGA-BGM,633,3.4374009508716323,17.061611374407583
SNA-PHX,18723,4.658883248730964,17.05923196069006
ATL-ROC,4339,4.4257677210805815,17.054620880387187
SAT-ELP,2551,2.812794348508634,17.052136417091337
TYS-CLT,9577,6.081086729362592,17.05126866450872
PHL-STT,792,-0.7430379746835443,17.045454545454543
STL-PDX,534,1.7734082397003745,17.04119850187266
MEM-ORD,7231,4.632446661124965,17.037754114230395
SFO-ABQ,2254,4.2935168738898755,17.036379769299025
ORD-CMI,3505,1.3935410117176337,17.032810271041367
IAD-LAX,9906,-0.9620560558534857,17.030082778114274
LGA-ALB,2484,-1.0193314538864278,17.02898550724638
AZA-SGF,740,4.134693877551021,17.027027027027028
PIA-AZA,787,2.4777636594663277,17.026683608640404
ABE-ORD,2432,7.4322873658133775,17.023026315789476
TUL-LAS,2573,1.446651090342679,17.022930431403033
DAY-DCA,4494,4.179544439481911,17.022696929238982
ORD-SLC,13765,1.4975968540635014,17.021431166000728
BNA-SAT,3279,1.1462148962148961,17.017383348581884
MSP-PSC,1622,-0.23081683168316833,17.016029593094945
OAK-PDX,9381,2.806207337883959,17.013111608570515
ILM-LGA,5521,4.762138570649209,17.00778844412244
IAH-DAL,5163,0.5938288375703473,17.005616889405385
GRR-CLT,4552,5.158705701078582,17.003514938488575
ORD-DEC,2882,2.2166203059805287,17.002081887578072
LAX-BNA,9523,2.4684144030322175,17.000945080331828
SAN-DEN,22919,1.2827474641483037,16.99463327370304
PHL-EYW,1926,0.34903192046049186,16.978193146417446
SJC-SAN,25781,3.2389810104461962,16.97761917691323
CLT-BTV,3493,2.385632183908046,16.976810764385913
MOT-DEN,3293,8.828440366972478,16.975402368660795
EWR-MDT,654,-1.5856269113149848,16.972477064220186
AUS-IAH,10690,4.3217261068988115,16.96913002806361
PHL-SLC,2446,2.1183941007783695,16.966475878986103
GSO-PHL,784,5.385897435897436,16.964285714285715
SFO-JAC,1403,1.3571428571428572,16.963649322879544
IAH-MFE,4999,4.570140280561122,16.96339267853571
LGA-ROA,1916,-1.3602941176470589,16.962421711899793
DCA-MEM,4516,-0.9933377748167888,16.96191319751993
BIL-DEN,5537,3.0320130222463373,16.95864186382518
GRR-PHL,755,2.6675531914893615,16.95364238410596
CHS-DCA,6725,5.2398568019093075,16.95167286245353
SFO-IAD,10201,1.1686309173050482,16.94931869424566
BDL-CLT,8196,4.960434729515203,16.947291361639824
TUS-SEA,4715,3.1298342541436464,16.94591728525981
DEN-EGE,4946,4.846715328467154,16.94298422968055
BHM-HOU,1942,3.1953608247422682,16.94129763130793
JST-ORD,1169,7.084832904884319,16.937553464499572
BOS-MKE,3089,1.2686567164179106,16.93104564584008
SJT-DFW,6450,4.693823711980136,16.930232558139537
BOS-PIT,8352,1.7171281313676137,16.93007662835249
ORF-CLT,11708,6.575106928999144,16.928595831909803
STL-IAH,3633,3.2604137931034485,16.928158546655656
DTW-SAT,3657,1.0865990682378734,16.92644243915778
LNK-ORD,2796,8.340501792114695,16.917024320457795
GGG-DFW,3707,6.28795245813074,16.913946587537094
HLN-SEA,952,4.985263157894737,16.911764705882355
DTW-SAN,4678,-1.2348012889366273,16.908935442496794
SRQ-IAD,1609,6.230817217716781,16.904909881914232
LGA-ORF,7472,-0.3295774647887324,16.903104925053533
CLT-OAJ,5100,3.7672040896578842,16.901960784313726
BOS-MDW,5704,-0.3974313863476425,16.900420757363253
ATL-DTW,22781,4.3012693811217995,16.900048285852247
DFW-SGF,12102,4.095297234641497,16.898033382911915
SEA-IAH,8458,0.7294061870333057,16.89524710333412
GSO-ORD,3575,2.6214245653393156,16.895104895104897
MSN-DCA,1948,4.746138002059732,16.88911704312115
JAX-BWI,6075,2.1353135313531353,16.88888888888889
MCI-MSY,1285,2.5382215288611545,16.88715953307393
PHL-BNA,11820,0.9077966101694915,16.88663282571912
IAH-LAX,22329,3.303030303030303,16.883872990281695
DCA-MVY,924,2.739413680781759,16.883116883116884
MSP-BOI,3578,0.30919765166340507,16.880939072107324
SEA-CMH,1795,-2.3214086081609837,16.880222841225624
OMA-SEA,2038,0.3077679449360865,16.8792934249264
PBI-IAD,1114,5.914645103324348,16.87612208258528
LGA-BOS,30613,0.08974736085237114,16.875183745467613
SFB-BGR,972,3.8350622406639006,16.872427983539097
CLT-AGS,4120,6.534516285853185,16.868932038834952
LIT-DEN,4565,3.5093591719885486,16.867469879518072
CLT-STX,504,-0.8247011952191236,16.865079365079367
PHX-KOA,1856,-3.5776095186587344,16.864224137931032
IAH-HDN,510,1.337972166998012,16.862745098039216
PHL-STL,6547,1.237920489296636,16.862685199327938
PHX-ORD,25078,1.343508701740348,16.859398676130475
AUS-ORD,13803,3.2771443096811677,16.858653915815403
ORD-RAP,2521,1.5586481113320079,16.85838952796509
CRP-DFW,10588,6.619511733535201,16.8492633169626
RDM-DEN,3490,7.748054194292303,16.84813753581662
IAH-PHL,8453,5.002846299810247,16.84609014551047
LGA-GSP,4310,-0.44204413472706156,16.844547563805104
PHX-DFW,20756,5.2253670788253475,16.8433224127963
ORF-PHL,4252,4.872821479039096,16.839134524929445
GTF-DEN,3700,5.829619565217391,16.83783783783784
JAC-SLC,5553,6.231850117096019,16.83774536286692
DTW-MQT,2281,10.565620857269112,16.83472161332749
TPA-BUF,3220,4.387317376437675,16.832298136645964
SFO-SEA,30091,-0.29728651237031123,16.832275431192052
BNA-MSY,5110,2.393796623478602,16.829745596868882
PHX-LIH,1688,-0.7601431980906921,16.824644549763033
MEM-MDW,3180,4.546973518284994,16.82389937106918
HOU-STL,5909,2.057907213003725,16.82179725841936
MIA-STT,4531,1.285809312638581,16.817479585080555
HPN-CLT,5637,4.44735435595938,16.817456093666845
MSN-PHX,1897,9.424802110817941,16.816025303110173
RAP-ORD,2516,4.005988023952096,16.812400635930047
OAK-SEA,12146,0.06021416803953872,16.812119216202863
PIT-PHX,2540,3.625444488344528,16.811023622047244
IAH-PHX,11451,5.280730897009967,16.810758885686838
SFO-SBP,4563,6.599031690140845,16.80911680911681
IND-IAH,4236,2.0163236337828248,16.80830972615675
DTW-PHX,10543,1.2710946408209807,16.807360333870815
CLT-ABE,5051,5.155740961462058,16.7887547020392
BOI-PAE,572,1.6982456140350877,16.783216783216783
LGA-SYR,3619,0.6942217307160631,16.772589113014643
MSP-SAT,3637,0.7197241379310345,16.772064888644486
DTW-SFO,6256,-3.0592473979183348,16.767902813299234
VPS-MSP,674,-1.9258160237388724,16.765578635014837
PWM-CLT,3460,9.430354033662217,16.76300578034682
SNA-PAE,716,2.396358543417367,16.75977653631285
MSP-MEM,4237,1.64413988657845,16.757139485485013
LGA-ATL,33339,-0.7296379750638425,16.75515162422388
RIC-BOS,7111,3.206110094326341,16.748699198424976
PGD-RFD,818,3.894218942189422,16.748166259168702
ROC-CLT,4970,7.247379032258064,16.740442655935613
LAX-CVG,1822,4.237493128092359,16.739846322722283
BTV-LGA,2952,1.7224295894129624,16.73441734417344
MEM-DCA,4488,3.7421087978509067,16.733511586452764
OKC-DCA,2582,1.417898832684825,16.731216111541443
BNA-IAH,11052,1.7461901306240928,16.730003619254433
RSW-BNA,1931,4.713692946058091,16.727084412221647
SLC-MKE,1106,3.897644927536232,16.726943942133815
ORD-IAD,7977,4.54752040175769,16.723078851698634
OAK-OGG,4515,-2.1941424450854226,16.72203765227021
CHA-DCA,1220,6.318293683347005,16.721311475409838
COS-IAH,2793,5.139249639249639,16.720372359470105
CLT-SBN,4390,3.0278729723554947,16.71981776765376
BIL-PHX,646,2.7507739938080493,16.718266253869967
PHL-BOS,20691,0.879377055523312,16.712580348943984
LAX-MCO,13034,1.8161928973114552,16.71014270369802
YAK-CDV,1724,-0.6390041493775933,16.70533642691415
PHX-FAT,6148,5.423007984357178,16.704619388418998
PHL-MYR,3533,2.888353641258147,16.69968864987263
MCI-BWI,3599,2.2552184803785136,16.699083078632952
CID-DEN,5103,4.332022029897718,16.696061140505584
GRR-ORD,10937,3.8376005852231163,16.69562037121697
DFW-BIL,2887,1.7768910478834143,16.695531693799794
LGB-MCI,587,3.405451448040886,16.695059625212945
LAS-FAR,701,2.388809182209469,16.690442225392296
RNO-LGB,2583,2.543621558743699,16.686024003097174
LGA-PVD,2302,-0.9052585832246849,16.681146828844483
PIT-LAS,3711,-0.22968960863697707,16.68014012395581
OAK-PHX,10198,2.4360939188525395,16.679741125710922
CLE-FLL,5229,0.8453430433116137,16.676228724421495
TPA-IAH,7185,4.106380008376378,16.673625608907447
MSN-DEN,4751,3.2250580046403714,16.670174700063146
PHX-SNA,18762,2.5138221795282316,16.666666666666664
ATL-SEA,15613,-1.3121309370988448,16.66559918017037
LAS-DTW,15151,2.9375,16.665566629265392
SFO-JFK,28237,-0.5559583466609802,16.66253497184545
ANC-BET,3289,3.946967387991466,16.66159927029492
ECP-DAL,3139,2.8023664854493124,16.661357120101943
PHX-SAF,1897,2.538135593220339,16.65788086452293
DTW-LAX,12590,-1.589017111022682,16.65607625099285
PIT-SFO,1435,-0.7748251748251749,16.65505226480836
SDF-PHX,859,-0.5687645687645687,16.647264260768335
PDX-ABQ,787,4.811464968152866,16.64548919949174
DSM-DCA,2920,3.00687994496044,16.643835616438356
CVG-DEN,8431,2.2405469678953627,16.64096785671925
DTW-APN,2566,4.754207436399217,16.640685892439596
DEN-BFF,2957,6.146250424160163,16.638484950963814
GSO-DCA,3174,3.639406378275971,16.6351606805293
RDU-PHX,2008,2.0114942528735633,16.633466135458168
PIT-DEN,7198,0.0009741163373225717,16.629619338705197
MSY-LAX,6513,2.205719557195572,16.628281897742976
AZA-PIA,788,0.22842639593908629,16.624365482233504
BOS-ATL,21270,1.6519834165645906,16.624353549600375
ROC-JFK,7381,3.2088135593220337,16.623763717653432
MSP-DEN,25861,0.13763315901607592,16.623487104133638
DAY-ORD,3725,2.4802578565672846,16.61744966442953
LAX-PHL,10437,1.7904231839554745,16.613969531474563
SEA-OMA,2041,0.7415233415233415,16.609505144536993
MEM-BWI,578,1.778546712802768,16.608996539792386
IAD-MSY,3143,3.182689236665602,16.60833598472797
EGE-IAH,560,6.56936936936937,16.607142857142858
PWM-ORD,4608,3.111909427389506,16.6015625
MCI-CLT,6038,4.228102189781022,16.594898973169926
BWI-JFK,4197,1.5691463996185027,16.58327376697641
CLT-CAE,5988,2.720374394116664,16.583166332665332
MSP-SDF,3166,1.061372983233154,16.582438408085913
CVG-EWR,6881,0.8267016469902346,16.581892166836216
MYR-CLE,1146,4.378165938864629,16.57940663176265
RIC-LGA,8926,2.1136185023015606,16.56957203674658
IAD-ORD,8037,1.6244704709693496,16.560905810625854
LGA-PWM,5554,-1.49079754601227,16.54663305725603
LGA-CHO,4944,-3.0089195215892968,16.545307443365694
LIT-CLT,5627,7.8216004277312425,16.545228363248622
DTW-SBN,2823,6.665365507452094,16.542685086787106
STL-PHL,6559,4.994957983193277,16.542155816435432
SMF-AUS,1989,3.346794548207976,16.540975364504774
DFW-TRI,2781,1.5169308357348703,16.54081265731751
OGS-IAD,1058,11.592030360531309,16.5406427221172
OGG-HNL,48464,3.2444536167578164,16.538048861010235
MIA-SLC,1893,3.6566137566137566,16.53460116217644
XNA-LGA,2934,5.160027472527473,16.53033401499659
GJT-DFW,4767,5.838532883642496,16.530312565554855
SEA-ORD,22131,1.316154473755779,16.528850933080292
FSD-ORD,5738,4.781827694454133,16.521436040432206
MSP-OKC,2288,1.426444833625219,16.52097902097902
SRQ-CLT,7435,7.099447513812155,16.51647612642905
MEM-CLT,9028,9.061328601530443,16.51528577758086
PIT-DAL,1211,-0.43837882547559964,16.51527663088357
MYR-BNA,2404,1.626300457761132,16.51414309484193
JFK-SEA,13090,-3.6293716997015384,16.508785332314744
PVD-DCA,9476,3.938829505767806,16.50485436893204
PVD-MDW,2745,1.2656650787834371,16.502732240437158
MSY-BNA,5098,3.001569858712716,16.4966653589643
DTW-DEN,13727,-0.12706174281126842,16.493042908137248
LEX-CLT,5566,3.9854211663066956,16.492993172835067
IAD-CLT,10938,3.7303957493587396,16.49296032181386
STL-SEA,3378,-0.748295286095464,16.489046773238602
CVG-SEA,2602,-1.7239122063919907,16.487317448116833
PNS-MIA,4131,3.531894251758428,16.485112563543936
SJC-BNA,983,1.994908350305499,16.480162767039673
BUF-ATL,5498,2.5453551912568306,16.478719534376136
STL-PIT,1584,4.022165927802407,16.477272727272727
BOS-DTW,11502,1.5690660631908782,16.4753955833768
SFO-LAX,51764,0.3804039037588173,16.474770110501506
MSP-PSP,1129,-4.592163846838824,16.474756421612046
HSV-DEN,2513,4.392172523961661,16.47433346597692
SLC-LAX,22712,2.412259827251895,16.47146882705178
DTW-TPA,10881,1.8858881002857406,16.469074533590664
EWR-PIT,9066,0.8529963580178789,16.468122656077654
OAK-MCI,1670,1.7950868783702816,16.46706586826347
DEN-LAR,2915,5.6502412129565815,16.466552315608922
IAH-TUL,4294,4.191921550315199,16.464834653004193
LAX-PHX,32162,3.459041394335512,16.463528387538087
BNA-CMH,3063,2.413263639333551,16.454456415279136
MKE-DCA,3373,2.1407738095238096,16.454195078565075
MSP-LGA,9884,-0.11385585036088239,16.450829623634156
ALB-EWR,1301,0.415065334358186,16.448885472713297
PVD-ORD,5162,4.234116961336701,16.447113521890742
CLE-DCA,5065,4.659481906268539,16.4461994076999
FCA-SEA,2475,4.660331581075616,16.444444444444446
PBG-IAD,1271,11.436908517350158,16.443745082612114
LGA-BTV,2962,-1.4509803921568627,16.441593517893317
CRW-ATL,5000,6.011620917651773,16.439999999999998
LGA-MSN,2081,-1.6793452094366876,16.434406535319557
AMA-IAH,2033,8.056240749876665,16.42892277422528
BNA-DCA,14411,2.551162466935821,16.42495316077996
CLE-BOS,6978,2.4969853574504737,16.42304385210662
DTW-IAD,8016,5.397003745318352,16.417165668662676
SBP-PHX,5135,8.35029239766082,16.416747809152874
BOS-BWI,15189,0.5645756457564576,16.413193758641125
RIW-DEN,2291,11.14204296361245,16.41204714098647
DTW-RSW,9786,0.9048106448311156,16.411199673002248
IND-CLT,9561,6.250549910966796,16.41041732036398
CLT-JAN,4066,1.1275913129318855,16.404328578455484
BOS-LGA,30506,0.37555373256767843,16.40333049236216
ICT-IAH,3323,4.468882175226586,16.400842612097502
TVC-ORD,7611,2.872715318869165,16.397319668900277
RDU-MDW,4763,2.0206402695871946,16.397228637413395
MYR-MDW,1732,0.7869137232194557,16.397228637413395
SNA-DFW,13436,4.90783064818284,16.39624888359631
SYR-ORD,6673,2.5016516516516516,16.39442529596883
SUX-DEN,1391,2.4545454545454546,16.391085549964053
SFO-IND,1434,2.4331700489853043,16.387726638772666
MHT-EWR,1074,-0.5046641791044776,16.387337057728118
BUF-IAD,708,2.5296610169491527,16.38418079096045
LGB-HNL,2979,-0.04672268907563025,16.381336018798255
AZA-BZN,580,-0.687392055267703,16.379310344827587
SPS-DFW,4390,5.913360693114455,16.378132118451024
SMF-BOI,3523,3.4169510807736065,16.378086857791654
CLT-HHH,5026,2.229903536977492,16.374850775964983
EWR-SNA,3646,-4.9381071329447686,16.37410861217773
SAN-HOU,3750,1.3863453815261044,16.373333333333335
BWI-MSP,6090,2.4484629294755877,16.37110016420361
HPN-ACK,611,4.33665008291874,16.366612111292962
MIA-IAD,2487,7.218863361547763,16.36509851226377
HNL-SFO,10774,1.6737292073227394,16.363467607202526
IND-DEN,11129,1.4528658976207642,16.362656123640935
STT-ATL,3392,3.447030737093405,16.36202830188679
LGA-TYS,3649,-3.0153719461981883,16.36064675253494
ATL-BUF,5502,3.6650300054555376,16.357688113413303
SEA-BWI,2244,-1.3152951699463327,16.354723707664885
SFO-FAT,5320,3.896597104718932,16.35338345864662
BNA-PHX,8764,0.8113488159249513,16.350981287083524
BZN-ATL,1425,1.5954738330975955,16.350877192982455
PSP-ORD,2312,1.5503472222222223,16.34948096885813
PHX-SJC,13261,2.2184835910976988,16.348691652213258
ABQ-DEN,11433,2.484402383456011,16.33866876585323
ATL-SLC,14898,0.9993951612903226,16.331051147805077
MSP-MIA,4905,0.5424248619914128,16.3302752293578
STL-LGA,15401,2.042973589827193,16.33010843451724
BNA-ORF,1611,2.7277812305779987,16.32526381129733
PWM-LGA,5550,2.340736728060672,16.324324324324323
ROC-EWR,2347,1.2092032381763953,16.31870472944184
LGA-PNS,717,-5.551675977653631,16.317991631799163
LGA-GSO,7153,-3.1712165756684865,16.314832937229134
BUF-BOS,3378,2.3756300029647197,16.31142687981054
STL-PNS,748,3.526809651474531,16.31016042780749
IAH-SLC,10657,4.6555419761210866,16.30852960495449
ATL-SRQ,12017,4.098824118088566,16.301905633685614
DFW-MTJ,2712,1.8965644625046176,16.297935103244836
BUF-EWR,3412,1.5892018779342723,16.295427901524032
ELP-SAT,2553,3.292156862745098,16.294555424990207
DEN-SUX,1375,1.3698830409356726,16.290909090909093
ORD-CHS,5809,0.83,16.285074883801
IAD-DEN,13519,1.0048965056754953,16.2807899992603
BOS-ORD,27684,1.0478500072390329,16.280161826325674
LGA-MEM,4903,-3.9673002248109546,16.275749541097287
CVG-BOS,6599,2.971150926207106,16.27519321109259
CLE-MYR,1143,5.34938704028021,16.27296587926509
MKE-FLL,762,-0.6386333771353482,16.27296587926509
PSG-WRG,1776,0.9676320272572402,16.27252252252252
MSY-CLT,8622,6.795678940643513,16.272326606355833
DEN-JLN,1014,-0.08110781404549951,16.272189349112427
IAD-RSW,3092,1.9206349206349207,16.267787839586028
DEN-HYS,1752,3.882016036655212,16.267123287671232
AUS-SLC,7064,4.887865041111426,16.265571913929787
ORD-SAV,4482,1.7115384615384615,16.265060240963855
RDU-DEN,8203,1.051228756571708,16.262343045227357
BUR-MDW,947,1.465042372881356,16.261879619852166
TYS-DEN,3758,3.0894764957264957,16.258648217136777
TUL-DEN,8771,3.9794238683127574,16.258123361076272
PHX-SBA,5358,5.895230942546001,16.256065696155282
DFW-DRO,5120,3.645129615082482,16.25
LAX-STS,2837,1.1564722617354197,16.249559393725765
JFK-RIC,4474,-1.0078229772016094,16.24944121591417
CLT-LYH,997,3.7575452716297786,16.24874623871615
ACK-HPN,597,2.776470588235294,16.24790619765494
MSP-STL,8483,1.0198159943382874,16.244253212306965
CLT-MSP,10749,2.40193794838349,16.24337147641641
MSP-CLT,10743,1.9570815450643777,16.24313506469329
SNA-OAK,12260,0.5428664654539522,16.239804241435564
DCA-CMH,7685,0.6579872412446296,16.23942745608328
DSM-PHX,3703,8.146024878312602,16.230083715906023
MKE-CLT,5429,4.85350553505535,16.227666236876036
SEA-CLT,4986,6.849929591631462,16.225431207380666
MSY-EWR,6084,1.1753053813139651,16.222879684418146
LGB-MDW,1646,-0.19951338199513383,16.221142162818953
BNA-SAV,1986,1.179345088161209,16.2134944612286
LAX-TUS,10103,4.307394924662966,16.21300603781055
ORD-SNA,9234,-2.381631986055126,16.211825860948668
BNA-LAX,9519,-0.22596254996844098,16.209685891375145
CLT-MHT,4948,1.820871327254306,16.208569118835893
SBN-CLT,4381,4.517485714285714,16.206345583200182
ELP-AUS,5819,3.4869010685970356,16.205533596837945
FAR-PHX,722,7.159722222222222,16.20498614958449
BHM-CLT,9585,5.875940635451505,16.202399582681274
LBE-FLL,642,0.5850234009360374,16.1993769470405
DFW-SHV,9142,4.680249753532698,16.18901772041129
BUR-DAL,1390,1.1722141823444283,16.18705035971223
SEA-ONT,10109,1.0602397701377193,16.173706598080916
MSO-SFO,507,2.9566074950690333,16.173570019723865
DTW-ORD,23127,2.4899584487534625,16.17157435032646
CMI-DFW,3327,0.9276236429433052,16.170724376315
SYR-LGA,3632,1.10832414553473,16.161894273127754
DLH-ORD,2673,6.833021340321976,16.161616161616163
XNA-CLT,6071,3.720838145520541,16.158787679130292
SAN-CLT,6288,4.503278426355349,16.157760814249365
SEA-PDX,30290,2.8266239556157324,16.150544734235723
SJC-EUG,836,2.5430622009569377,16.148325358851675
OAK-KOA,1672,-3.127621330137807,16.148325358851675
TUS-SFO,4255,2.0016489988221435,16.145710928319623
GCK-DFW,3450,7.546484601975596,16.144927536231883
DAL-PIT,1177,1.9991496598639455,16.142735768903993
LBF-DEN,2887,7.147018030513176,16.141323172843784
SEA-IAD,7974,0.27909903108091105,16.13995485327314
LGA-STL,15403,-2.5979958355023425,16.139713042913716
EAR-ORD,787,6.745547073791348,16.13722998729352
KOA-OGG,6830,4.446820978611193,16.134699853587115
DTW-MKE,6707,4.000149365197909,16.13239898613389
EWR-SAT,2610,-0.40974101275608815,16.130268199233715
MCI-PHX,10465,2.1777480149239454,16.129956999522214
MSP-SFO,8036,-3.5410019940179462,16.127426580388253
CVG-IAH,3739,1.9123559367461807,16.12730676651511
DCA-MDW,8713,0.9497065254920014,16.1253299667164
VPS-CLT,6345,6.1688003793266954,16.12293144208038
TVC-MSP,1011,4.832673267326733,16.12265084075173
LGA-DCA,23153,-0.6274060296725636,16.1188614866324
DSM-IAH,2755,4.628727272727272,16.116152450090745
SGF-CLT,4847,4.727178637963155,16.113059624510008
TPA-MSY,5253,2.7579690780683337,16.105082809822957
EUG-OAK,2310,4.580337808575141,16.103896103896105
PIE-IAG,559,0.49364791288566245,16.100178890876567
LIT-DAL,4324,2.4549455640491082,16.096207215541167
BIL-SEA,1665,2.8721351025331723,16.096096096096097
GRB-ORD,7089,5.296950014120305,16.095359006912116
SNA-DEN,16795,0.580550743683173,16.094075617743375
AZA-CID,951,0.04029692470837752,16.08832807570978
RDM-LAX,2766,4.874141048824593,16.0882140274765
GEG-PHX,4575,6.828477546549836,16.08743169398907
CLT-FWA,1461,2.339986235375086,16.084873374401095
PAE-BOI,572,3.374125874125874,16.083916083916083
CLT-IAD,10976,2.8576642335766422,16.080539358600582
PVD-CLT,6684,4.623051558752998,16.06822262118492
MTJ-ORD,1102,3.2111517367458866,16.06170598911071
IAH-ELP,3580,5.222812412636287,16.061452513966483
PBI-BWI,5822,1.7386813565157515,16.059773273789077
SJC-DFW,5436,4.2106237275587635,16.05960264900662
SEA-LAX,33881,0.6203791189323254,16.059148195153625
CMH-STL,2242,1.9892857142857143,16.057091882247992
SAV-DTW,872,-0.25143513203214696,16.055045871559635
IAH-SDF,1975,4.8763304612265586,16.050632911392405
ATL-STT,3415,1.1765051395007342,16.046852122986824
BOS-STL,5535,-0.8339062782703094,16.043360433604338
JFK-BGR,1683,1.5746579417013682,16.0427807486631
BNA-BWI,8134,1.1092230020933382,16.031472830095893
CWA-ORD,2290,2.7045951859956237,16.026200873362445
ATL-RDU,20440,2.554298310066128,16.022504892367905
SAN-RDM,1111,2.049683830171635,16.021602160216023
DTW-LGA,16928,0.30732776494283515,16.020793950850663
SAV-PHL,3777,4.435590969455511,16.018003706645487
PAE-SNA,718,3.39804469273743,16.016713091922004
BFF-DEN,2948,7.735733695652174,16.010854816824967
DCA-BNA,14460,0.6328368548666435,16.009681881051176
PHL-ILM,556,1.5971223021582734,16.007194244604317
SEA-GEG,26015,3.647291891060163,16.006150297905055
HHH-DCA,856,5.086752637749121,16.00467289719626
IDA-DEN,4999,6.288152610441767,16.003200640128025
TPA-LAX,4162,1.3307655272026961,16.001922152811147
MSP-JAX,875,1.0939289805269188,16.0
MSN-EWR,1238,0.8811641067097817,15.993537964458804
CLE-CLT,8904,4.732418138854507,15.992812219227314
STT-CLT,2545,7.961012861736334,15.99214145383104
ATL-PWM,2327,2.6935692706085455,15.986248388483027
SLN-HYS,1051,8.203065134099617,15.984776403425311
ORD-EAR,782,-2.0866752910737385,15.9846547314578
LAX-JAC,2121,0.9707434052757794,15.983026874115982
EYW-ATL,7704,7.050834202294056,15.97871235721703
TXK-DFW,4600,6.1174679138568635,15.978260869565217
GRR-EWR,2454,-1.536575398447078,15.973920130399346
JFK-EGE,501,-1.8393574297188755,15.968063872255488
TPA-MHT,689,1.0624092888243832,15.965166908563136
SDF-DEN,4798,3.169314381270903,15.964985410587746
ABQ-PDX,783,0.37851662404092073,15.964240102171138
DFW-CRP,10599,2.8496503496503496,15.963770166996886
SJU-IAH,3872,2.515458560665108,15.960743801652894
DFW-CMI,3327,2.1455811138014527,15.960324616771867
SEA-SAN,20407,0.016448983600117845,15.960209731954722
DFW-ROW,3979,3.915762925598991,15.95878361397336
BUR-DEN,8461,1.2186647693584727,15.95556080841508
SJU-ATL,7471,5.286366689053056,15.955026100923572
ORD-MSO,865,0.5017381228273464,15.953757225433526
SLC-SAT,4915,2.2923642302980807,15.95116988809766
CID-CLT,3166,5.603988603988604,15.95072646873026
PAE-PHX,1875,0.12620320855614972,15.946666666666667
BDL-ORD,8924,0.9781120215512403,15.945764231286418
MEM-LGA,4917,3.5190184049079756,15.944681716493797
SLC-ATL,14902,2.765983193277311,15.944168567977451
HNL-LAS,6097,0.30009871668311944,15.942266688535344
EWR-BZN,897,-2.8475336322869955,15.942028985507244
GSP-EWR,2729,-0.4546788990825688,15.93990472700623
JNU-ANC,5334,1.241418120427687,15.935508061492312
SYR-DCA,3966,2.825372757139247,15.935451336359051
PIA-CLT,3384,5.125370480142265,15.92789598108747
RDD-SEA,992,6.887991927346115,15.92741935483871
CMH-CLT,9804,4.900807028297068,15.922072623419012
ATL-RIC,15206,3.0724255991572296,15.921346836774958
DEN-EAR,1382,5.46875,15.918958031837915
BLI-OAK,2180,1.4375573921028466,15.91743119266055
ORD-RST,3550,1.213276836158192,15.91549295774648
DCA-PIT,6202,1.249031633311814,15.914221218961625
SAV-ORD,4469,3.1203682910397483,15.909599462967105
MSP-RSW,6456,0.12137203166226913,15.907682775712514
SMF-SFO,4873,3.7121430039038423,15.903960599220193
CLT-CSG,566,3.491166077738516,15.901060070671377
CLT-EWN,3698,1.5667752442996743,15.900486749594375
IAH-SAN,7604,2.1708377239199157,15.899526564965807
PHL-IND,6256,0.1577852456393023,15.888746803069054
MSY-IAH,14520,2.9948969036618163,15.888429752066116
SFO-OGG,7774,-0.9425257731958763,15.88628762541806
SLC-SAN,11395,2.4604696156890333,15.884159719175075
SJU-DTW,894,0.6247191011235955,15.883668903803134
OAK-LIH,2720,-2.3167587476979743,15.88235294117647
MCI-PHL,3186,7.5494021397105096,15.881983678593848
MSP-BNA,7979,0.8069779116465864,15.879182854994362
FAI-ORD,548,0.8683729433272395,15.875912408759124
PDX-PHX,14659,4.547044755722583,15.874206971826183
HNL-SJC,5967,-0.9293505621748616,15.870621752974696
MSP-DCA,10315,0.42253383971175384,15.870092098885118
OGG-OAK,4513,-1.3420585625554569,15.86527808553069
BWI-IAH,4671,0.44339419978517725,15.863840719332048
SUN-DEN,1784,4.422686230248307,15.863228699551572
JLN-DFW,933,6.468817204301075,15.862808145766344
MHT-MDW,2320,-1.0795847750865053,15.862068965517242
ORD-CKB,1034,-0.6829268292682927,15.860735009671178
ATL-ORF,11413,4.361479659080924,15.859108034697275
SFB-PSM,618,0.5106382978723404,15.857605177993527
ORF-ORD,6263,2.348717948717949,15.855021555165255
SFO-PSP,11662,2.9144476894004465,15.854913393929
ORF-IAH,1640,3.3744654856444716,15.853658536585366
RDU-IAH,4340,3.1664351851851853,15.85253456221198
DCA-SEA,3350,-3.2663467306538694,15.850746268656716
IAH-SNA,5615,0.9861908177905309,15.85040071237756
PIT-MIA,3199,1.1229662077596996,15.848702719599874
IAD-BUF,713,2.311360448807854,15.848527349228611
SMF-HOU,1098,2.1161290322580646,15.846994535519126
SDF-ORD,8180,1.9187270501835985,15.843520782396087
PRC-DEN,1976,8.65871000507872,15.84008097165992
DCA-DEN,6523,-0.5140215716486903,15.836271654146866
DTW-PLN,3751,5.880773361976369,15.835777126099707
PHX-FAR,733,1.7991803278688525,15.82537517053206
AZA-FSD,1384,0.471959213401311,15.823699421965317
OKC-CLT,4127,6.746352140077821,15.822631451417493
ATL-MCI,14227,2.802660285734394,15.822028537288254
CKB-IAD,765,6.742782152230971,15.816993464052286
ANC-JNU,5523,2.324033552151714,15.806626833242804
IAD-MDW,2614,-0.011872845653006512,15.799540933435349
OGG-SFO,7756,1.677032258064516,15.7942238267148
SFO-PIT,1438,-1.9909281228192603,15.785813630041726
PHX-BFL,5100,5.084332612541773,15.784313725490195
JFK-ORF,6616,0.791060606060606,15.779927448609431
LGA-DAY,1914,-2.0047095761381475,15.778474399164056
MRY-SFO,2181,1.241632278771206,15.772581384685925
PIE-SBN,615,1.1223491027732464,15.772357723577235
SAN-STL,2289,-0.02538293216630197,15.771079073831368
ALB-ORD,5435,0.6149594694178334,15.768169273229072
SYR-BWI,2823,-1.0478553704360156,15.763372298972724
DFW-GJT,4777,2.1770264594708104,15.763031191124135
DTW-JAX,2392,0.2355406538139145,15.760869565217392
RSW-MCO,1269,2.8958990536277605,15.760441292356187
LIH-SEA,4156,-2.7518706251508567,15.760346487006737
SLC-CLT,4302,1.4416977611940298,15.760111576011157
ATL-HOU,15267,1.6086128799317272,15.759481234034192
PDX-BUR,3674,3.796174863387978,15.759390310288515
EUG-SFO,4633,4.96415461023537,15.756529246708395
ORD-SHD,749,2.339165545087483,15.7543391188251
SMF-DAL,1968,2.3996937212863707,15.752032520325205
CLT-MLB,5060,1.5656905421448357,15.75098814229249
STL-RDU,2013,1.3987058237929317,15.747640337804272
STT-MIA,4528,6.25752508361204,15.746466431095406
MQT-DTW,2281,9.979367866549605,15.738711091626477
IAH-GRK,915,5.456140350877193,15.737704918032788
ATL-HPN,7137,3.7909373235460193,15.734902620148523
SAT-BWI,3477,0.11005473926822242,15.731952832901927
MLU-DFW,5022,5.095674705999602,15.730784547988849
FLG-DEN,528,3.7514231499051234,15.719696969696969
CHA-CLT,3938,3.771675565725909,15.718638902996446
DTW-CHS,1985,4.43166918809884,15.717884130982368
PHL-MKE,2176,0.3831258644536653,15.716911764705882
JFK-CVG,5397,-1.6193919169447535,15.7124328330554
LGA-GRR,3208,-3.42852684144819,15.710723192019952
ATL-TUS,3438,1.4260337798485732,15.706806282722512
PHX-SLC,24289,2.2330297160285206,15.706698505496316
STX-CLT,503,2.909819639278557,15.705765407554672
FLL-MSP,3432,1.2128279883381925,15.705128205128204
ATL-STX,675,0.9347181008902077,15.703703703703702
MKE-DEN,11535,0.1732071540197951,15.700043346337234
BWI-GRR,1752,0.5297142857142857,15.69634703196347
BNA-HOU,7238,-0.5590354767184036,15.694943354517823
PIT-MDW,5658,1.1869688385269122,15.69459172852598
TPA-FLL,6079,1.1737769724921758,15.69337062016779
SFO-PDX,15626,1.2758289591601588,15.685396134647384
SYR-DFW,1186,4.877326565143824,15.682967959527824
STT-IAD,1212,1.3361344537815125,15.676567656765677
DFW-LRD,6269,2.9602109300095876,15.664380283936833
LGA-IND,10580,-1.4149318697956095,15.661625708884689
PIE-PIA,696,-0.3997113997113997,15.660919540229884
TUS-ORD,3889,6.253943625549522,15.65955258421188
RNO-LAX,13564,3.181623616236162,15.659097611324095
BOI-SFO,7951,2.581577287066246,15.65840774745315
PIE-SYR,792,0.6843434343434344,15.656565656565657
HOB-IAH,1067,17.266166822867852,15.651358950328023
ATL-MEM,15406,3.0216953556349466,15.649746851875893
CVG-LAX,1828,-0.6882902693787796,15.645514223194748
ESC-DTW,1924,9.897395833333333,15.644490644490643
SFO-PHL,5312,-1.6483682324089795,15.643825301204819
ABQ-PHX,13344,3.7469057084989874,15.639988009592326
HSV-CLT,5563,3.590925459128556,15.639043681466836
AUS-MSP,5826,5.172224132004125,15.636800549261928
MFR-LAX,2053,0.9034617259873232,15.635655138821235
LGB-PHX,7881,2.6456612882734087,15.632533942393097
JFK-BWI,4198,-0.27894235350166746,15.626488804192473
MKE-LGA,4723,4.643812354064955,15.62566165572729
SEA-RDU,3746,-2.4137469911741105,15.61665776828617
OKC-HOU,5808,0.9057645840524681,15.616391184573002
MFR-SFO,4489,4.201828724353256,15.615950100245044
JFK-CMH,6154,-0.2464169381107492,15.615859603509913
DDC-DEN,2235,15.57283729269386,15.615212527964207
OKC-LAX,2709,3.510158847432582,15.614617940199334
DEN-HLN,2248,1.9660411081322609,15.61387900355872
MSP-XWA,2517,2.9434643143544506,15.613825983313468
SFO-MRY,2191,5.586617781851513,15.60931081697855
ORD-SLN,929,-0.7251082251082251,15.608180839612487
SMF-CLT,1634,4.709280885064536,15.605875152998777
GRR-BWI,1763,0.26776577600909607,15.598411798071469
PHX-ATL,15881,2.1940307925290257,15.597254580945785
SAT-HOU,7380,0.2775139096213869,15.59620596205962
BPT-DFW,3764,4.488019169329074,15.595111583421891
PHX-MIA,6375,0.22536984576644634,15.5921568627451
BHM-DTW,1533,6.8168737737083065,15.590345727332029
DEN-DIK,1732,5.800232964472918,15.588914549653579
PHL-BUF,2631,0.8923135464231354,15.583428354237933
MDT-EWR,661,-3.1424242424242426,15.582450832072617
RSW-CLT,8866,7.0592224231464735,15.576359124746222
SFO-ORD,20729,-0.49637225500628807,15.572386511650347
MSP-BWI,6152,0.20729522879009935,15.572171651495449
BTV-JFK,4946,2.480177993527508,15.56813586736757
MYR-ACY,1638,0.8704156479217604,15.567765567765568
MSP-MSN,6752,0.6913269088213492,15.565758293838863
CMH-MIA,3579,0.570627802690583,15.563006426376083
LAR-DEN,2911,7.520826161790017,15.56166265888011
TYS-DCA,3888,2.4236326109391126,15.560699588477366
IND-SFO,1427,-1.271067415730337,15.557112824106516
DFW-ABI,8384,3.975985663082437,15.553435114503817
SLC-STL,5247,1.576394194041253,15.551743853630645
PIE-BGR,836,0.6573849878934624,15.550239234449762
MSY-MCI,1254,3.198083067092652,15.550239234449762
CLE-LGA,10395,1.2865000482485767,15.545935545935546
CHA-DTW,1216,1.6296296296296295,15.542763157894738
TPA-ATL,29455,3.389455435447685,15.538957732133763
LWB-ORD,1049,4.186602870813397,15.538608198284079
GRK-IAH,914,5.06140350877193,15.536105032822759
MSP-IND,6575,1.0845134764732756,15.52851711026616
ORD-STT,541,-2.0855018587360594,15.526802218114602
CHS-CLT,12277,4.660795825179386,15.524965382422415
JNU-SEA,7022,1.467065868263473,15.522643121617774
ORD-ILM,509,1.6640471512770139,15.520628683693516
PHX-PSP,8297,3.542950344327655,15.511630709895144
SJC-LIH,1638,-1.6872705018359853,15.506715506715507
LGA-ROC,3863,-1.5353535353535352,15.506083354905515
LGA-CLT,22841,-1.3650438596491228,15.502823869357735
VEL-DEN,2219,7.075395033860045,15.502478593961245
MCW-ORD,1529,8.274689339437542,15.500327011118378
PSC-DEN,3472,4.548358989253558,15.495391705069125
DCA-LAX,6745,-3.7893404793806758,15.492957746478872
LGA-MYR,4867,-0.8973673385438091,15.49208958290528
LAX-OAK,17332,0.15846269259622597,15.491576275098085
OKC-ORD,8011,3.0296620775969965,15.491199600549244
SFO-BOI,7926,2.414738971052964,15.480696442089325
ELP-DAL,7209,1.670521036500418,15.480649188514356
SFO-FCA,562,-2.2584670231729054,15.480427046263346
DTW-PDX,1389,-2.596250901225667,15.478761699064075
MSP-CLE,6282,0.09907613889773813,15.472779369627506
DFW-HRL,6031,1.6758150365934796,15.470071298292156
CLT-CHO,2631,3.0144706778370143,15.469403268719118
PNS-STL,737,1.135685210312076,15.468113975576662
PHL-PHX,10225,-2.264705882352941,15.462102689486553
SFO-MIA,5692,1.9208531641106998,15.460295151089248
OAK-BUR,14665,0.32294443305310644,15.451755881350154
CLT-GNV,4278,1.3075480543834974,15.451145395044414
DEN-IDA,5012,4.1543234587670135,15.44293695131684
DFW-BRO,6167,1.6864117168429618,15.43700340522134
SJC-HOU,1393,1.526657060518732,15.434314429289303
LRD-DFW,6259,8.21276254609588,15.433775363476594
XNA-ORD,7471,0.800509793399517,15.433007629500736
PUW-SEA,1944,5.352729145211122,15.432098765432098
GEG-SMF,2236,1.1794183445190156,15.42933810375671
BGR-PHL,2424,3.6881720430107525,15.42904290429043
MSP-PHX,15744,-1.0272178060413355,15.428099593495933
ECP-STL,1550,2.338928340865074,15.419354838709678
SMF-BUR,12485,1.8880680905733098,15.418502202643172
PHL-SDF,2134,0.4699530516431925,15.417057169634491
RIC-IAH,1291,2.1522921522921523,15.41440743609605
BUR-SEA,6319,-0.3981186224489796,15.413831302421269
MCI-HOU,3614,-0.17771000831716108,15.412285556170449
SEA-MKE,1966,-0.43017329255861364,15.41200406917599
SHR-DEN,2998,6.043871399866042,15.410273515677117
MCI-IND,967,3.065149948293692,15.408479834539815
DFW-CHA,5128,2.232362712526871,15.405616224648986
GEG-SFO,3395,0.5225730303924462,15.40500736377025
DTW-MEM,3707,1.8631578947368421,15.403291070946857
IAD-RDU,4721,2.506151887993212,15.399279813598815
ILM-PHL,552,0.09636363636363636,15.39855072463768
MCI-LGA,8327,0.7932744647393251,15.395700732556744
WRG-PSG,1780,0.6615384615384615,15.393258426966291
EWR-AVL,1806,-3.1746119733924614,15.39313399778516
DCA-MSN,1949,1.0930113052415211,15.392508978963571
OMA-LGA,3873,2.950870808422147,15.388587658146141
SFO-SNA,17137,1.4780017528483786,15.387757483806968
MSP-SMF,2450,-2.3781135157207025,15.387755102040817
EUG-PHX,2762,12.419963702359347,15.387400434467777
LAS-IAD,3360,-0.3413834227787716,15.386904761904763
ATL-EYW,7715,5.866101694915254,15.385612443292288
ATL-SBN,4628,4.929501084598699,15.384615384615385
BOS-PHL,20640,1.1379327062930282,15.382751937984496
HNL-GUM,1808,-1.6006637168141593,15.376106194690264
MSP-SNA,2862,-4.16170808540427,15.373864430468204
ANC-OME,2446,1.086652977412731,15.372035977105478
DCA-SDF,4060,-0.6905055487053021,15.369458128078817
MSP-IAD,5546,0.16337977202822507,15.362423368193292
MSP-LAX,10893,-1.6136885622416168,15.358487101808501
IAH-STT,801,-0.9924906132665833,15.355805243445692
LBB-DEN,2913,2.6888352860096485,15.345005149330587
ATL-GRB,1890,2.332623736029803,15.343915343915343
TPA-RDU,5827,3.1335168616655196,15.342371717865111
LAX-DEN,33489,0.6066137961993117,15.342351219803518
DEN-LBL,2112,-0.32920438303954264,15.340909090909092
DTW-ESC,1936,4.235416666666667,15.340909090909092
DFW-GRI,3442,3.0414477524810275,15.339918651946544
MSP-BIL,2223,-0.8563063063063063,15.339631129104813
SAN-PDX,7368,1.2037489812550937,15.336590662323562
CLT-FAY,4734,1.5168111651511949,15.335868187579212
IAD-SAT,2680,1.28790141896938,15.335820895522387
RDU-SEA,3737,-3.3246579017976927,15.333154937115335
ATL-PDX,5871,-1.3721207984985497,15.329586101175268
ATY-DEN,698,6.754335260115607,15.329512893982807
SAT-OKC,809,0.018541409147095178,15.327564894932014
FWA-ATL,4665,2.446186895810956,15.326902465166132
JFK-CLT,14327,-0.3304426882998811,15.32072311021149
EVV-DFW,3937,-0.77217125382263,15.316230632461265
SAV-IAD,1515,3.157303370786517,15.313531353135312
CIU-DTW,1724,12.26453488372093,15.31322505800464
ATL-STL,15112,2.186004903584918,15.312334568554792
SEA-FAT,4337,1.490539916935856,15.310122204288678
MSP-GRR,6500,1.2277349768875192,15.307692307692308
DSM-ORD,9388,3.0377398720682303,15.306774605879847
ORD-LSE,2908,0.5148275862068965,15.302613480055022
TLH-CLT,5080,4.184827586206897,15.29527559055118
ANC-AKN,1458,0.9052197802197802,15.294924554183813
DTW-PWM,3446,4.126309662398137,15.293093441671504
PWM-PHL,3943,7.374968266057375,15.292924169414151
LBL-DDC,752,10.318666666666667,15.292553191489361
GSO-LGA,7155,1.3268880481995236,15.290006988120194
MRY-SAN,1851,3.5489983757444503,15.289032955159373
SAT-DEN,13066,1.75,15.283943058319302
HNL-OAK,5503,-2.457059679767103,15.282573141922587
MSP-MLI,903,2.1463414634146343,15.282392026578073
ALB-MDW,3115,0.5198195294875927,15.280898876404494
PHL-ATL,25988,0.0431077694235589,15.280129290441744
PVD-ATL,4012,1.5556387225548902,15.279162512462612
MSP-FCA,2089,-1.0432900432900434,15.27046433700335
PIT-BOS,8332,0.1278538812785388,15.266442630820931
DEN-SUN,1821,0.7894736842105263,15.26633717737507
LGA-CLE,10405,-2.4234580967959203,15.261893320518983
MKE-STL,2883,-0.5651267801319902,15.261879986125566
STL-MDW,8722,0.9205510907003445,15.260261407933958
MSP-BDL,4273,1.4501758499413833,15.258600514860754
SYR-IAD,793,5.59469696969697,15.258511979823455
CHS-DTW,1986,3.437720625315179,15.256797583081571
PIE-BMI,531,1.4904942965779469,15.254237288135593
BDL-MYR,1580,0.7998733375554148,15.253164556962027
ATL-IND,15289,2.7945662847790507,15.252796127935117
PSP-OAK,2636,-0.05690440060698027,15.250379362670714
BRO-DFW,6165,6.650667100553205,15.247364152473642
BGR-JFK,1686,2.544213649851632,15.243179122182681
AUS-HRL,2093,0.9176245210727969,15.241280458671763
DRO-PHX,3773,2.905910416114498,15.23986217863769
SFO-AUS,8655,0.8845752694402595,15.239745811669556
SYR-JFK,6053,-0.20624690133862172,15.232116305963986
DCA-PHL,5161,1.9338762846616249,15.229606665374929
MDT-ORD,4117,1.1533219761499147,15.22953606995385
DEN-RKS,2437,6.967489711934157,15.223635617562579
SLC-DCA,1708,0.9376103590347263,15.22248243559719
SEA-MDW,2687,-1.4925149700598803,15.221436546334202
PHX-SEA,30763,0.5783081531648867,15.216331307089687
SLC-BNA,3648,1.0953820780648709,15.213815789473683
RNO-DEN,10347,2.006504854368932,15.212138784188653
SBP-PDX,835,3.4598802395209582,15.209580838323353
EUG-LAX,2630,4.0083777608530085,15.209125475285171
LGA-DTW,16936,-1.3937138130686517,15.204298535663675
DFW-GCK,3460,3.9476592032567606,15.202312138728324
LIT-LGA,1171,0.42204995693367786,15.200683176771989
FWA-MSP,1421,2.4785059901338973,15.200562983814214
BOS-CLT,20351,-0.8205368135927111,15.198270355265098
STL-CLT,9543,5.827387198321091,15.194383317615006
COS-ATL,744,4.237196765498652,15.188172043010754
PNS-HOU,2015,1.8637493784186971,15.186104218362285
LGB-STL,1304,0.6073903002309469,15.184049079754603
DTW-ORF,4492,4.0556176010721465,15.182546749777382
FAT-DEN,6838,3.277106658809664,15.179877157063467
BUR-PHX,14856,1.9510814635132403,15.17905223478729
LGA-RIC,8915,-3.1915084802875433,15.176668536174986
DTW-GRR,7703,2.2201143451143452,15.175905491367
ORD-LAN,2234,0.8222122704881325,15.174574753804833
SFO-RDM,5622,2.968995010691376,15.172536463891854
CHS-ORD,5735,0.3727686384319216,15.170008718395817
ALB-LGA,2492,0.763855421686747,15.168539325842698
PHX-GRR,745,-2.1651006711409395,15.167785234899329
TUS-LAS,5103,0.4444880345233425,15.167548500881834
CLT-BGR,1741,-0.04145077720207254,15.163699023549684
SFO-KOA,4267,-0.7972274436090225,15.162877900164048
TUS-HOU,1405,-0.27813620071684586,15.16014234875445
BDL-DEN,3074,-1.5864882506527416,15.159401431359793
DTW-ALB,5970,2.982373678025852,15.159128978224457
RSW-IAD,3094,4.923948220064725,15.158371040723981
CLE-DEN,8380,-0.9005498446091322,15.155131264916468
IND-MCI,937,1.0192513368983958,15.154749199573105
SMF-SNA,10907,1.2874965599486285,15.137067938021453
SNA-SJC,12421,0.17529591754569612,15.135657354480317
PIA-ORD,4427,1.891201085727211,15.134402529929975
ORD-MCW,1520,-1.5303941215764862,15.131578947368421
SAN-LIH,1269,-1.750796178343949,15.130023640661939
COS-MDW,1712,-1.276670574443142,15.128504672897197
PHL-CAK,628,-0.9936204146730463,15.127388535031846
SLC-IAD,1580,3.5617479417352755,15.126582278481013
HSV-IAH,681,1.7205882352941178,15.12481644640235
DCA-IAH,9389,0.08400214018191546,15.124081371818084
IAD-JST,1415,6.985042735042735,15.123674911660778
SFO-CLE,1845,-1.1829533116178068,15.121951219512194
STS-PDX,1197,5.511278195488722,15.121136173767752
ONT-CLT,1078,9.513463324048283,15.120593692022263
SLC-SNA,8798,2.5986100034180244,15.117072061832234
MSP-MDW,13080,-0.7072254999616887,15.114678899082568
SHV-IAH,900,1.1935483870967742,15.11111111111111
SLC-JAC,5559,5.365151240717261,15.110631408526714
AZA-FAR,1403,0.1043602573266619,15.11047754811119
LGA-CVG,9544,-3.0144714765100673,15.10896898575021
FAT-SAN,3594,3.701783723522854,15.108514190317196
SFO-ONT,6930,1.7000144571345959,15.10822510822511
IAD-PHX,2886,-3.967036780013879,15.107415107415106
APN-DTW,2595,5.551830443159923,15.105973025048169
CLT-ATL,24500,2.001919464183615,15.10204081632653
MSP-CHS,543,-1.0037037037037038,15.101289134438305
SNA-ATL,4073,6.743760810476896,15.099435305671497
SJC-DEN,12913,0.46495381510517736,15.093316812514521
ATL-ABQ,4035,0.6933564700049578,15.092936802973977
SEA-ELP,994,0.6430738119312437,15.090543259557343
LGA-MKE,4739,-1.7394336432797972,15.087571217556448
DEN-CNY,1909,0.5986286919831224,15.086432687270824
SDF-MSP,3162,4.066244057052298,15.085388994307399
ONT-PHX,13407,3.665994623655914,15.081673752517341
IAH-MEI,2248,5.010714285714286,15.080071174377224
ECP-HOU,2428,2.1164327002477292,15.074135090609555
PDX-DEN,18198,0.9837366999283312,15.073084954390591
DTW-DCA,11770,1.075809199318569,15.072217502124044
MLB-CLT,5064,2.7795400475812846,15.067140600315957
SFO-CLT,6458,2.940080720273207,15.066584081759057
PSP-DEN,7355,1.4767489431337788,15.064581917063222
TPA-IAD,4607,2.3618964767290125,15.064032993271109
SLC-MDW,3359,0.2827193770589997,15.064007144983627
DTW-HSV,1029,0.5628042843232717,15.063168124392615
PHX-LAX,32205,0.6691105657212091,15.05977332712312
DTW-ELM,3785,5.98966613672496,15.059445178335535
STS-LAX,2922,1.687093461143444,15.058179329226556
ORF-JFK,6569,0.25533211456429006,15.055564012787334
AUS-SEA,7991,-0.6772938370779465,15.054436240770865
TUL-AUS,1621,3.1391465677179964,15.052436767427512
LAX-DTW,12571,1.0110756972111554,15.050513085673375
LAX-TPA,4166,-1.2893975903614459,15.050408065290446
LAX-ORD,29361,1.2443692539047815,15.047171417867238
RIC-JFK,4493,0.9759465478841871,15.045626530158025
MCI-SAT,645,1.2713178294573644,15.038759689922482
JFK-CLE,6577,-1.277211143248592,15.037251026303785
SJC-HNL,5972,-1.9590809994968976,15.036838580040188
ADQ-ANC,3791,0.676074914270641,15.035610656818783
PIT-IAH,4091,-0.22129538763493622,15.032999266682962
ORD-SPI,519,5.783365570599613,15.028901734104046
IAD-SDF,2116,3.146710837671557,15.028355387523629
DTW-RIC,4272,3.0747773089545243,15.02808988764045
FAT-PHX,6136,8.668080247920404,15.026075619295959
GEG-LAX,3641,0.4861225611431712,15.023345234825596
DTW-CIU,1725,8.811287477954144,15.014492753623188
MEM-HOU,2145,0.7949438202247191,15.011655011655012
LAX-RNO,13585,2.636121785397576,15.009201324990798
PSP-PHX,8283,5.293172205438067,15.0066401062417
SEA-CHS,1566,-3.4532051282051284,15.00638569604087
ROC-LGA,3872,0.5276771857216761,15.005165289256198
IMT-DTW,1560,5.268464996788696,15.0
CMH-MDW,6434,0.3138231631382316,14.998445756916382
SMF-DEN,16849,1.2066480014296777,14.991987655053713
MSO-MSP,2328,7.698924731182796,14.991408934707904
SBA-DEN,5577,2.5692390912369274,14.990138067061142
CLT-TLH,5084,0.6458168902920284,14.988198269079463
ILM-CLT,11759,5.0815735694822886,14.984267369674292
CHS-MDW,2777,0.49206349206349204,14.980194454447245
ATL-SMF,4433,-1.1782647989154993,14.978569817279494
LAX-CLT,11839,1.3644067796610169,14.975927020863248
BOI-DEN,11340,1.835100742311771,14.973544973544971
STS-PHX,2231,5.803771890435564,14.970865082922458
DTW-IMT,1570,3.007712082262211,14.968152866242038
BTR-CLT,4064,2.792541368239071,14.960629921259844
MSP-MSO,2333,0.4819121447028424,14.95927989712816
DCA-ORD,26002,-0.01536683997689197,14.956541804476577
MSP-HNL,1324,-3.667936024371668,14.954682779456194
MKE-SEA,1966,-3.632924335378323,14.954221770091555
SDF-EWR,3210,-2.8855534709193247,14.953271028037381
IAD-CMH,3324,2.0114354498946736,14.951865222623345
BDL-MDW,3031,0.3443708609271523,14.945562520620257
DTW-MSY,3921,-1.5853783231083844,14.945167049222139
ORD-DBQ,1452,-0.06496199032480995,14.94490358126722
IND-BWI,4945,0.7867989471552946,14.944388270980788
SYR-BOS,957,2.162133891213389,14.942528735632186
DTW-TVC,5923,4.259986459038592,14.941752490292082
TRI-DFW,2771,1.3815741748277113,14.940454709491158
PAE-SAN,569,3.181338028169014,14.938488576449913
CHS-BNA,3448,0.9503772489843296,14.936194895591647
IAD-CHS,3542,1.9030799660921165,14.935064935064934
DAY-LGA,1909,3.1458551941238193,14.92928234677842
SFO-SLC,16130,2.213784974253986,14.928704277743336
DTW-PIT,6609,2.7269149258250076,14.919049780602208
ATL-MKE,10738,1.8236829836829838,14.909666604581858
DCA-ATL,28252,1.042200078016951,14.908679031572985
JAN-CLT,4052,4.684392777640366,14.906219151036526
LAX-MCI,5602,1.1430615164520743,14.905390931810066
TUS-DEN,10674,2.501033640293178,14.905377552932359
SJC-GEG,1946,-0.48252826310380265,14.902363823227132
BOI-PHX,6919,5.05943600867679,14.900997253938431
CAK-CLT,6229,2.6221577164973393,14.898057473109649
DEN-RIW,2303,4.656481885639459,14.893617021276595
LAN-ORD,2236,0.2898032200357782,14.892665474060824
HRL-DFW,6018,3.412127269698484,14.888667331339315
DCA-CID,833,-2.037484885126965,14.8859543817527
GEG-MSP,3474,1.8927953890489913,14.881980426021876
MSP-LAS,12517,-2.753218712514994,14.875768954222258
MYR-BWI,4578,1.314235731467308,14.875491480996066
BOI-BUR,800,0.571964956195244,14.875
JAX-DEN,3301,2.6450532724505327,14.874280521054226
SLC-SEA,18375,-0.5732032910150929,14.873469387755103
CLT-DTW,15679,1.4440684459200612,14.873397538108298
DIK-DEN,1728,1.6598955310504933,14.872685185185187
IAD-MCI,1291,4.146625290923196,14.872192099147947
RDU-STL,2038,0.15494343334972946,14.867517173699706
LAX-PRC,1722,15.12754804892254,14.866434378629501
MSY-ORD,7779,2.320010314595152,14.860521917984318
OMA-DCA,2490,-1.946349334409036,14.859437751004014
BNA-MDW,9039,0.01951219512195122,14.857838256444298
PHL-DTW,12788,2.6542494913131947,14.857679074132
TUS-PHX,10877,5.84593451066961,14.85703778615427
MKE-PHX,6368,-0.31529263687854,14.855527638190955
LAX-OGG,13067,-3.006055495937452,14.854212902732073
IAD-CLE,4028,2.4507707608155145,14.846077457795431
SFO-RDD,4136,5.3505204550956185,14.845261121856868
SBP-DEN,3517,2.947579490117445,14.842195052601651
ORD-AZO,1954,0.2991277578245254,14.841351074718526
OMA-MIA,593,0.05245346869712352,14.839797639123104
SMF-OGG,2743,-2.5120525931336743,14.837768866204884
CAE-CLT,5999,1.0745745745745745,14.835805967661278
JLN-ORD,836,6.538922155688622,14.832535885167463
ANC-DLG,1106,2.077413479052823,14.828209764918626
PHL-DCA,5173,-0.2579395817195972,14.826986274888846
SFO-ATL,12347,0.4602452692276456,14.82141410869037
MSP-FAR,8571,0.8284279373978043,14.805740287014352
PAE-DEN,642,1.967238689547582,14.797507788161992
LAX-SBA,2400,8.514405010438413,14.791666666666666
LAX-EUG,2637,1.8542141230068336,14.789533560864617
PSP-SMF,1630,1.702088452088452,14.785276073619633
DEC-ORD,2821,8.844870429534966,14.781992201347041
MCI-ORD,13357,3.153990399039904,14.778767687354947
TPA-ALB,792,2.984771573604061,14.772727272727273
GNV-MIA,1408,4.3150782361308675,14.772727272727273
IAH-HSV,677,1.7958579881656804,14.771048744460858
BNA-BDL,1361,2.008843036109064,14.768552534900808
DEN-VEL,2235,1.7409420289855073,14.76510067114094
JFK-PIT,6727,-0.5383127510787086,14.761409246320797
DTW-LSE,549,0.4990859232175503,14.754098360655737
PHX-IAH,11442,3.3018934081346423,14.75266561789897
IAH-PIB,2346,3.8685224839400427,14.74850809889173
PHX-PHL,10218,-1.0456952343596784,14.748483069093757
IAH-LIT,2510,3.1874003189792663,14.741035856573706
PHX-TUS,10883,4.112244897959184,14.738583111274464
CVG-LGA,9568,0.5733319345362988,14.736622073578594
DEN-GCC,3203,2.822939517392667,14.736184826724946
JAX-DTW,2396,1.1775271512113616,14.732888146911518
EAT-SEA,1378,5.325834542815675,14.731494920174166
DFW-MHK,4251,1.617640104043509,14.725946836038577
BUF-MDW,3912,1.109375,14.723926380368098
ONT-DEN,11267,1.2278672479757986,14.715540960326617
MSP-PHL,8214,-0.39692420358842917,14.706598490382275
DTW-CLE,7022,3.298618036757373,14.696667616063799
LAX-KOA,7783,-2.5558846252897243,14.685853783887962
OKC-IAH,6266,1.5116055706739235,14.682413022661986
OAK-SNA,12247,-0.536694998365479,14.681146403200785
LAX-GEG,3578,-0.7658263305322129,14.673001676914478
SDF-BWI,3845,0.9238988793328121,14.668400520156046
HNL-LAX,24346,0.9104815165097249,14.66770722089871
DFW-FSM,5811,2.8260418467923225,14.661848218895198
PSP-IAH,1330,1.991710625470987,14.661654135338345
JAX-ORD,6938,0.9567418981481481,14.658402997982128
DFW-AEX,5103,1.6178381571175429,14.658044287673919
IAH-MAF,6318,2.0486683576410907,14.656536878759102
CHS-MIA,3351,2.588323353293413,14.652342584303193
RDU-IAD,4716,1.5429480381760339,14.652247667514843
DTW-SDF,5112,2.41226008617313,14.651799687010955
OAK-MDW,3406,-0.5175464464759658,14.650616559013505
OMA-ORD,10112,2.846382262694249,14.645965189873417
SLC-MCI,4610,1.8187350575961747,14.642082429501086
SJC-ONT,6469,0.39492809648987165,14.639047766269902
MOT-MSP,6764,2.0657193605683837,14.636309875813128
SFO-EUG,4640,1.0718291630716135,14.633620689655173
PHL-ORD,18761,-0.7926633917129432,14.631416235808326
EWR-HHH,663,-0.6656534954407295,14.630467571644044
MYR-CLT,11697,1.4611301369863015,14.627682311703854
ATL-FWA,4663,3.4622155431515673,14.62577739652584
SDF-DCA,4075,3.7900566084174256,14.625766871165643
SFO-SMF,4875,3.2329638752052543,14.625641025641025
LIH-HNL,33754,2.506385374381463,14.623452035314333
MRY-DEN,2100,4.101199040767386,14.61904761904762
CLT-PHF,1752,-0.1650429799426934,14.61187214611872
LAX-ABQ,9507,1.6476722140299136,14.610287156831808
PHX-IDA,1020,-1.3822660098522168,14.607843137254903
TUL-ORD,6095,4.082031892158475,14.602132895816242
LAX-DCA,6753,-4.3171675096697415,14.600918110469422
SFO-MDW,1439,-2.0946416144746,14.59346768589298
MDT-CLT,5633,3.10816108339273,14.592579442570566
IAH-LBB,1679,2.647937836222355,14.592019058963668
DTW-PHL,12769,1.428795360137942,14.590022711253816
DFW-LAW,5018,5.905124099279424,14.587485053806299
ORD-PAH,1858,-1.2822450080949812,14.585575888051668
SBN-ATL,4628,0.962914769030579,14.585133967156438
SFO-IAH,13679,-0.8288354356116163,14.58439944440383
BLI-SEA,4505,4.051065719360569,14.583795782463929
MKE-PHL,2167,2.9916820702402958,14.582371942778034
CLE-JFK,6553,-0.1785659685063446,14.573477796429115
LGA-AVL,2711,-5.1714708056171474,14.570269273330874
AUS-STL,4770,0.7412455441392325,14.570230607966456
MSP-CVG,6958,-0.48504887866589996,14.558781258982467
SEA-PSP,7744,-0.518710345720575,14.553202479338841
IAD-LAS,3367,-2.85820451843044,14.553014553014554
RIC-MSP,859,3.0373395565927654,14.551804423748546
DEN-PIR,1079,2.0344506517690877,14.550509731232623
MRY-PHX,5272,6.253751187084521,14.54855842185129
BTV-PHL,3011,4.066289140572952,14.546662238458985
JMS-DEN,1540,9.194661458333334,14.545454545454545
MSP-SAN,5899,-3.769910001698081,14.544838108153924
BOI-SAN,2965,1.9682325109834404,14.536256323777403
MIA-EYW,5690,-1.1975352112676056,14.53427065026362
DTW-BUF,6248,2.255530618788073,14.532650448143405
LAX-MSY,6531,0.5939179849485486,14.530699739702953
SEA-SLC,18398,1.066967685779567,14.523317751929557
SFO-GEG,3395,0.8988797169811321,14.52135493372607
JAN-HOU,3396,-1.4619469026548673,14.517078916372203
ATL-PIT,12324,1.8280818580477505,14.516390782213568
RIC-ORD,4514,0.17887261429205503,14.510412051395658
PNS-DAL,2159,1.3348837209302327,14.497452524316815
SEA-SNA,16679,-0.2251472532756341,14.497272018706159
OGG-LAS,3009,-1.9243585471509497,14.489863742107012
OME-OTZ,980,-2.8613138686131387,14.489795918367346
SFO-RNO,6325,1.8411792677127912,14.482213438735178
DFW-TYR,5610,3.38272045697965,14.47415329768271
DTW-MSN,6242,2.099310123536018,14.466517141941685
SAV-IAH,1514,0.35033112582781456,14.464993394980185
IND-ORD,15047,1.1789893617021276,14.461354422808533
SJC-BOI,3216,0.8412698412698413,14.458955223880595
DEN-LWS,1169,-2.636520241171404,14.456800684345595
SEA-SJC,21529,-0.09553459411737372,14.450276371406009
PSP-DFW,4548,4.273912083057212,14.445910290237467
CLT-STT,2548,0.050373868555686735,14.442700156985872
IND-EWR,7611,-1.4029496971293127,14.439626855866509
ATL-SAV,13147,2.183729433272395,14.436753632007301
MSP-CMH,5958,-0.0993778375651589,14.434373950990265
ORD-CWA,2294,-0.3602103418054338,14.428945074106364
IAD-DTW,8013,3.023735165521549,14.42655684512667
EUG-DEN,4624,3.2117058311575284,14.424740484429066
MDT-DFW,1664,5.863253012048193,14.423076923076922
TUL-HOU,3065,-0.5335076822491011,14.420880913539968
IAH-VPS,978,2.4472876151484133,14.417177914110429
ORD-MHK,1534,-2.826343381389253,14.40677966101695
PDX-SAN,7383,1.6223036223036222,14.397941216307734
MSY-SLC,1674,0.6266427718040621,14.396654719235363
IAD-BTV,1959,2.5734767025089607,14.39509954058193
LAX-MSP,10890,0.16891829795055602,14.389348025711662
ATL-CLT,24480,1.4113414285130217,14.387254901960784
LIT-IAH,2489,1.4961708988311164,14.383286460425873
OGG-LAX,13043,1.4158088800122908,14.383194050448516
BOI-ORD,4137,1.4427184466019418,14.382402707275805
DTW-ATL,22764,-0.18416538376951835,14.382358109295378
ATL-GRR,6209,1.4025471546026116,14.38234820421968
CID-ATL,1787,1.698876404494382,14.38164521544488
IND-BOS,6531,-0.4865653308767081,14.377583830960036
SEA-BIL,1670,2.519230769230769,14.37125748502994
JAX-HOU,1712,0.43241661790520775,14.369158878504674
CLE-LAX,3022,-2.8398009950248757,14.361350099272006
DFW-ACT,6365,2.25314465408805,14.359780047132759
ATW-DTW,4089,3.4045053868756123,14.355588163365127
JFK-SNA,1261,-7.460987261146497,14.353687549563837
LGA-BUF,5944,-2.653081845739306,14.350605652759086
SLC-SMF,9245,1.9497835497835498,14.342888047593295
BZN-LAX,2678,0.10646245797534554,14.339058999253174
ITO-LAX,544,5.710037174721189,14.338235294117647
DFW-CLL,5651,1.6403617662706154,14.33374623960361
DTW-BWI,9530,0.9489656620812769,14.333683105981113
SMF-PDX,8414,1.6834284355682358,14.33325410030901
ORD-EAU,1850,2.685326086956522,14.324324324324325
MSP-GTF,1194,-0.7296389588581025,14.321608040201006
ROW-PHX,873,9.5,14.318442153493699
MAF-HOU,5261,1.4711263579188107,14.312868275993157
PHX-STS,2236,1.8158487167942368,14.311270125223613
GPT-CLT,4004,3.4639819909954976,14.310689310689312
SHV-CLT,3585,4.387412587412587,14.309623430962343
HPN-BOS,608,-0.42105263157894735,14.309210526315788
LGA-PIT,13383,-2.9808512229785324,14.309198236568783
BOS-ILM,664,-1.5444947209653093,14.307228915662652
MSP-RDU,5529,-2.6056925308194345,14.30638451799602
SIT-JNU,3125,-0.6015625,14.304
YAK-JNU,1734,-4.317229336437718,14.302191464821224
OMA-MDW,6336,0.8451929158760279,14.299242424242426
PHL-PVD,3938,1.790638514372933,14.296597257491111
SJC-OGG,4612,-3.259782608695652,14.288811795316567
PHL-EWR,812,-1.3977832512315271,14.285714285714285
DSM-LGA,2044,-0.8715056400196175,14.285714285714285
RSW-ACY,2114,1.7547348484848484,14.285714285714285
SAF-DEN,1267,0.48458498023715413,14.285714285714285
PIT-EWR,9272,-2.4778808804488563,14.279551337359791
GEG-DEN,8663,0.6094256600277906,14.279118088422024
ANC-MSP,2830,2.9691708008504607,14.275618374558304
DTW-GSP,2578,0.6237854644383988,14.274631497284718
BOS-MSP,9592,-2.2990078328981722,14.27231025854879
ATL-MSP,17735,0.5151292762786497,14.271215111361716
MEI-IAH,2524,1.7765873015873015,14.263074484944532
PDX-KOA,1262,-5.196812749003984,14.263074484944532
DTW-MDW,9277,0.44347168179853,14.261075778807806
HNL-PHX,5618,1.3590568060021435,14.257742969028122
CMH-LGA,12609,-1.022287670142482,14.251724958363074
LIH-OGG,5312,3.9540489642184555,14.250753012048193
ALB-ATL,4331,0.7417187861941162,14.246132532902331
CLE-ATL,14489,1.0181767917616975,14.245289529988266
DTW-ATW,4093,2.3958843704066632,14.243830930857563
MSP-MCI,7274,-0.48665015139003576,14.242507561176796
SAT-IAH,10287,1.4921715452688904,14.241275396131039
RDU-BWI,7226,-1.2986832986832988,14.240243564904512
GCC-DEN,3196,7.610744580584354,14.236545682102628
SJC-BUR,12237,0.1290216946377405,14.235515240663563
MSY-ATL,20021,1.5818372755913388,14.235053194146147
HLN-DEN,2241,4.931390134529148,14.2347166443552
HOU-ATL,15354,1.4900169646352603,14.23081933046763
GEG-SJC,1961,0.08673469387755102,14.227434982151962
MSP-MKE,7753,0.2744059917355372,14.226750935121887
ACY-MYR,1638,1.0863970588235294,14.224664224664224
PHL-MSN,1132,-1.4402125775022143,14.2226148409894
PIT-BNA,3846,-1.0401250651380927,14.22256890275611
CVG-MDW,4289,0.11524076671341749,14.222429470739101
PSG-JNU,1765,-0.4301994301994302,14.220963172804533
PDX-FAT,2194,2.2965328467153285,14.220601640838652
ABQ-ORD,3813,0.08241179568193786,14.214529242066615
ATL-CID,1787,1.2275784753363228,14.21376608841634
IAD-PWM,2343,0.5654965753424658,14.212548015364918
PHL-CMH,5666,0.4881541725601132,14.207553829862338
MGM-ATL,7011,2.0685127033970883,14.206247325631152
DTW-FWA,2091,1.9621828626136908,14.203730272596843
PHX-MSP,15733,0.7517811704834606,14.199453378249538
SEA-HLN,958,0.8083769633507853,14.19624217118998
OMA-DTW,4255,5.83172511179101,14.195064629847238
LAX-OMA,1726,-0.8142774230992456,14.194669756662803
BOS-IAD,5897,1.767860173086713,14.193657792097678
IAD-ATL,16233,0.7824719378315036,14.193309924228423
ORF-MIA,2713,4.1402145763965965,14.190932546995946
OMA-PHX,7153,-0.6075878482430351,14.189850412414371
MSP-PIT,5497,-0.686328053886765,14.189557940694925
HNL-IAD,550,-0.4927007299270073,14.181818181818182
PHX-XNA,811,0.5438813349814586,14.180024660912455
BUF-LGA,5939,1.0615929800877488,14.177470954706179
STL-MSP,8507,1.7293480819016238,14.17656047960503
HNL-SNA,501,0.6847389558232931,14.171656686626747
HNL-OGG,48547,3.050974574525075,14.167713761921439
ANC-PDX,2197,-0.10255241567912489,14.155666818388713
LGA-BGR,3504,-4.038274778634676,14.15525114155251
SAT-LAX,7667,4.131218174696436,14.151558627885743
PDX-SMF,8254,1.5570925858512317,14.150714804943057
PIT-LGA,13398,-0.01376421304608019,14.143902074936557
MSP-OMA,6993,-0.04438081603435934,14.142714142714144
OKC-PHX,7666,1.8661962629034365,14.14036003130707
DCA-IND,7484,-0.9333066025126971,14.136825227151256
GEG-ATL,1620,-0.9925558312655087,14.135802469135802
SMF-PHX,15552,3.410469383813019,14.133230452674898
SMF-ONT,8677,1.1421981317033791,14.129307364296414
PHX-MFR,3285,3.2600855745721273,14.124809741248098
SJC-PSP,1140,-0.08267370272647317,14.12280701754386
BOS-IND,6507,-2.16623097032139,14.107883817427386
IMT-MSP,1766,2.6997167138810196,14.099660249150622
HRL-HOU,5987,0.3843964506947932,14.097210623016535
TUL-DCA,1057,2.3317445185891326,14.096499526963102
MSP-BZN,3824,-0.400262123197903,14.095188284518828
BUR-OAK,14601,-0.6809370504829098,14.094925005136636
MSP-RST,5045,3.034154090548054,14.093161546085234
ELP-ORD,3307,2.564305259957434,14.091321439371033
MSP-RHI,3712,1.7585834009191674,14.089439655172415
SEA-RDM,10434,2.571414849678225,14.088556641748132
SMF-SEA,19638,-1.3115790547086117,14.084937366330582
ATL-EGE,689,-3.864705882352941,14.078374455732948
SNA-SLC,8803,4.068553888130968,14.0747472452573
ANC-ADQ,3780,0.17374005305039789,14.074074074074074
GSP-PHL,2224,1.4815148782687106,14.073741007194245
MYR-LGA,4889,-0.006369426751592357,14.072407445285334
SLC-TPA,1734,-1.0306535569693465,14.071510957324108
TRI-CLT,1649,-2.448359659781288,14.06913280776228
LGB-OAK,7627,-0.5133788037775446,14.068441064638785
TPA-DTW,10887,2.8250758341759354,14.06264351979425
ANC-SEA,33742,-1.5007858604430473,14.062592614545672
BTV-ATL,1401,4.29727793696275,14.061384725196287
JAX-BNA,4168,0.6886860437184723,14.059500959692897
BUF-PHL,2639,2.452127659574468,14.058355437665782
LGA-CMH,12607,-3.477604828462516,14.055683350519551
MSP-TPA,5706,-2.5235170235170234,14.055380301437085
FCA-SFO,555,0.7603603603603604,14.054054054054054
BTV-CLT,3480,0.19024249422632794,14.051724137931036
SFO-TUS,4270,0.7818736792674337,14.05152224824356
SDF-LGA,5608,0.9054610564010743,14.05135520684736
ATL-CHS,13747,2.2050964688751367,14.046701098421474
ATL-BZN,1431,-0.5316011235955056,14.046121593291405
SMF-MDW,2243,0.06989247311827956,14.043691484618815
CVG-JFK,5399,-0.48541705368753485,14.039636969809225
SJC-MDW,2258,-2.04543429844098,14.038972542072631
PVD-DTW,3242,5.065512978986403,14.03454657618754
SBA-PHX,5352,6.279678444569078,14.032137518684603
IAD-CVG,1633,2.283700980392157,14.023270055113288
OAJ-CLT,5092,1.7654806369176332,14.021995286724273
PHL-IAD,792,5.848484848484849,14.015151515151514
ATL-BOI,1613,-2.798261949099938,14.011159330440174
LGB-SJC,5453,-0.3429987153606166,14.010636346964974
ATL-IAD,16236,2.8381028740594547,14.00591278640059
IAD-SJU,1828,-1.6416438356164385,14.00437636761488
DFW-SJT,6460,1.3188518231186968,13.993808049535602
CLT-MOB,965,0.13513513513513514,13.989637305699482
ATL-BDL,9336,1.4153895616761334,13.988860325621252
DTW-SEA,9403,-3.61793206261314,13.98489843666915
TVC-DTW,5921,3.3137354282818046,13.984124303327143
SEA-FCA,2476,2.3162151233319856,13.974151857835219
LAX-ITO,544,-2.0606617647058822,13.970588235294118
DTW-GRB,4925,0.7495425899573084,13.969543147208121
KOA-LAX,7761,0.1577792123950936,13.967272258729546
MHK-DFW,4246,1.3139013452914798,13.96608572774376
DTW-BDL,5972,2.007709066532596,13.965170797052915
IAH-BTR,1991,4.43705941591138,13.962832747363136
SLN-DEN,881,5.100342075256556,13.961407491486947
DFW-GGG,3711,1.8360788549824467,13.958501751549448
OMA-CLT,3912,2.7746731607280184,13.957055214723926
SBA-PDX,1061,1.5245283018867926,13.949104618284638
MCI-MDW,9492,0.7540620384047267,13.948588284871471
RNO-PHX,9902,4.726978671788133,13.946677438901231
SFO-MFR,4498,-0.1614989962078965,13.93952867941307
HNL-ITO,26817,3.613099458854264,13.938919342208301
SJC-SNA,12391,-1.2836604474598174,13.937535307884755
OMA-IAH,3346,2.7547226386806596,13.927077106993424
ATL-CVG,12164,2.0909838762750903,13.926340019730352
DEN-DDC,2119,-1.7578496669838248,13.921661160924964
DFW-LCH,4698,1.505867292511201,13.92081736909323
MSP-ATL,17723,-0.8212227370324331,13.919765276759014
DEN-SHR,2996,3.17570281124498,13.918558077436582
DEN-CYS,1897,4.961355214399153,13.916710595677383
PHL-BDL,3636,0.4991744634012108,13.916391639163916
IAD-MSP,5569,1.7250494515374932,13.916322499551088
OAK-LAX,17379,-0.9837707182320442,13.913343690661142
LAX-CLE,3019,-1.3171864631718646,13.91189135475323
CLE-IAH,4723,-2.000850159404888,13.910650010586492
LGB-OGG,2021,-3.5612903225806454,13.904007916872835
BOS-CMH,5833,-1.3272696070018877,13.903651637236415
STL-BNA,5511,-0.5800944424264439,13.8994737797133
BOS-HPN,619,3.2755267423014587,13.893376413570275
SAV-CLT,11941,1.3529066353493835,13.893308768109874
SFO-SBA,5780,1.0893602225312935,13.89273356401384
BUR-SMF,12497,-1.0722689075630252,13.891333920140832
SLC-MEM,1591,0.08930817610062892,13.890634820867378
CAE-LGA,2023,2.1626984126984126,13.8902619871478
IAH-ECP,1167,1.8674698795180722,13.881748071979436
MSP-FSD,7890,-1.053961401726765,13.878326996197718
GEG-PAE,591,-1.3989813242784381,13.874788494077833
IAD-SAN,4989,-4.012885041272398,13.870515133293246
MSP-TUS,512,-6.6007827788649704,13.8671875
MSP-CIU,1803,0.14053751399776035,13.86577925679423
CHS-IAD,3527,1.9279023559466364,13.864474057272469
KTN-SEA,6254,-0.66464097233328,13.863127598337064
DFW-MLU,5028,1.3607897885919427,13.862370723945903
MCI-BNA,5151,0.8672497570456754,13.861386138613863
MHT-CLT,4935,-0.719112558518217,13.86018237082067
ANC-SLC,671,0.08345752608047691,13.859910581222056
IND-LGA,10607,-1.1574065309985802,13.858772508720657
PDX-CLT,1631,6.7862407862407865,13.85652973635806
HHH-ATL,2766,3.90319071791153,13.846710050614606
SGU-PHX,3272,2.731192660550459,13.84474327628362
JAX-MSP,874,1.5942528735632184,13.844393592677346
ELP-PHX,11669,3.727163564628184,13.840089125032137
ITH-JFK,1395,1.8084648493543758,13.835125448028673
LAX-PDX,20179,-0.030502926296994345,13.831210664552257
SFO-SAT,1345,-3.349478390461997,13.82899628252788
LIH-LAX,6863,1.1718795673779596,13.827772111321579
LYH-CLT,998,-1.122613065326633,13.827655310621243
ORF-BWI,6961,0.218341239039816,13.819853469329118
ATL-OMA,9429,-0.44699383896324624,13.819068830204687
PGD-CID,673,-2.3263785394932937,13.818722139673106
GSP-LGA,4306,0.4683928154886867,13.817928471899673
FOD-ORD,1397,-1.2759856630824373,13.815318539727988
PHX-SBP,5133,1.3130502837018196,13.812585232807326
ATL-CRW,5003,4.045810729355033,13.81171297221667
ATL-BNA,17814,1.9508316475612497,13.803749859660941
KOA-HNL,33275,1.9088558888955691,13.803155522163788
LBB-IAH,1674,3.25584182144997,13.799283154121863
PIT-DCA,6199,-0.530124374091423,13.792547185029843
HNL-DEN,2248,-0.21339285714285713,13.790035587188612
CMH-PHX,4361,-0.014932230645531817,13.781242834212337
DTW-MDT,3389,0.8710440698018338,13.779876069637062
SAN-SEA,20378,-1.2695613733483964,13.77956619884189
DTW-SAV,871,0.20114942528735633,13.777267508610791
BGR-CLT,1735,-4.964678633468442,13.775216138328531
PDX-OAK,9227,0.4204249783174328,13.774791373144032
MEM-PHL,1946,2.8611971104231166,13.771839671120247
GSP-BWI,1859,-0.6578663793103449,13.770844540075307
PIT-CLT,10428,2.560357245750504,13.770617568085921
ATL-OKC,9580,0.5057471264367817,13.768267223382047
SEA-MRY,1097,2.7461044912923924,13.764813126709207
PBI-ATL,17608,1.8598726114649682,13.760790549750112
FAY-DFW,1061,3.9108159392789372,13.760603204524033
LAX-SEA,33828,-2.50581309351241,13.757833747191675
LBB-DAL,7067,-0.9371809415768576,13.754068204329982
ATL-PNS,11968,3.1593061258694375,13.753342245989305
BTV-IAD,1956,-0.6776012301383906,13.752556237218814
OGG-ORD,902,-2.6109253065774807,13.747228381374724
BNA-DTW,10592,1.5669343410486538,13.746223564954683
LAX-FAT,4688,3.131640708342223,13.737201365187712
LAX-MFR,2046,0.23849167482859943,13.734115347018571
SAT-PHX,11283,2.76792051100071,13.728618275281395
SEA-BLI,4509,1.8229027962716378,13.728099356841872
PHX-DTW,10540,0.6883376104932991,13.719165085388992
ORD-BMI,1713,-1.8381063705435419,13.718622300058378
DTW-CHA,1218,-2.944901315789474,13.711001642036125
ATL-DAB,6761,2.008443193600948,13.710989498594884
SFO-RDU,1999,-2.7717009533366785,13.706853426713355
BFL-PHX,5093,4.792297111416781,13.705085411348911
LAX-PSP,1117,2.686995515695067,13.69740376007162
RST-ORD,3549,0.49054473609935084,13.693998309382923
MKE-BWI,3638,-0.4592511013215859,13.688840021990103
CLE-ORD,13932,0.7227929028087062,13.687912718920469
LAX-RDM,2741,-0.47802197802197804,13.681138270704121
JST-IAD,1411,-10.862508858965272,13.678242381289865
SAT-CLT,6150,5.864961720149862,13.67479674796748
ABQ-HOU,3657,0.4367279714520999,13.672409078479628
CLT-TRI,1653,0.4134382566585956,13.67211131276467
LAX-IAH,22321,0.49474251819897547,13.668742439854844
PHL-ROC,783,0.8659003831417624,13.665389527458494
DAB-CLT,6407,1.4372945044621888,13.656937724363976
IAH-CRP,2263,2.957079646017699,13.654441007512153
HYS-DEN,2419,5.962748344370861,13.642000826787928
PDX-SBA,1063,1.527306967984934,13.640639698965193
MEM-PHX,2412,4.8147840531561465,13.640132669983416
LIT-DCA,1393,-1.2517985611510791,13.63962670495334
LAX-SUN,1034,-1.5732546705998034,13.636363636363635
DTW-BNA,10577,-0.8375769048745859,13.633355393778954
PDX-OGG,3199,-2.1776872453776246,13.629259143482338
LGA-TVC,521,-2.015355086372361,13.62763915547025
MSP-IMT,1762,2.5917667238421958,13.62088535754824
DCA-HHH,859,-3.1750881316098707,13.62048894062864
MOB-CLT,962,3.4118873826903022,13.617463617463619
MSP-ATW,4715,-0.8340063761955366,13.61611876988335
LAX-COS,845,1.8252080856123662,13.609467455621301
MHT-ORD,1668,0.4168168168168168,13.609112709832132
MRY-SEA,1095,1.2845379688929552,13.607305936073057
TUS-LAX,10105,0.3273915626856803,13.607125185551707
DTW-STL,8378,0.6471923536439665,13.607066125566961
LAX-IAD,9930,-2.4057546693589096,13.605236656596173
GRR-LGA,3212,-1.7166510465479539,13.605230386052302
ONT-AUS,1044,1.198076923076923,13.601532567049809
ABQ-IAH,3338,2.023752254960914,13.60095865787897
SEA-PSC,11105,2.602072072072072,13.597478613237278
HNL-LIH,33787,3.0920503330866027,13.593985852546838
CLE-MDW,5878,-1.6870528109028962,13.593058863559035
LAS-MSP,12530,-0.30354145015588774,13.591380686352753
DAY-CLT,7046,-0.08017057569296375,13.582174283281296
GRR-MDW,4522,-1.8529672276350753,13.578062804068997
ABE-ATL,4036,1.539607648373479,13.577799801783943
MSP-GFK,5502,1.4245626822157433,13.576881134133043
MAF-AUS,1510,2.4764432647644328,13.57615894039735
PLN-DTW,3683,4.107395323545405,13.575889220743958
DTW-IND,7241,0.8292581848321592,13.575473000966717
BUR-PDX,3639,0.8000550055005501,13.57515801044243
ATL-BTV,1407,0.8427046263345196,13.574982231698648
RIC-DTW,4269,3.371569317382125,13.562895291637385
ECP-IAH,1165,2.7130584192439864,13.562231759656651
SJC-PDX,11151,-0.13043087971274686,13.559322033898304
AMA-DAL,5554,-1.192536506219578,13.55779618293122
LGA-SDF,5584,-4.953713670613563,13.556590257879655
BQK-ATL,4199,3.8665395614871305,13.55084543939033
BOI-MSP,3572,3.155486949200112,13.5498320268757
MSP-CWA,3551,4.1410835214446955,13.545480146437624
ROC-BWI,5148,-0.7943634596695821,13.539238539238541
SAT-MSY,1337,0.463855421686747,13.537771129394166
CLT-FSD,687,-1.8651026392961876,13.537117903930133
ANC-FAI,7406,0.38954901431271943,13.5295706184175
LAX-SAN,7096,2.553266544377028,13.528748590755354
PDX-STS,1220,-0.13437757625721353,13.524590163934427
CID-DTW,1575,0.42376111817026685,13.523809523809524
BOI-GEG,3091,3.473445595854922,13.523131672597867
SAT-FLL,880,-2.9386363636363635,13.522727272727272
BNA-STL,5502,-0.32102582757366316,13.522355507088331
RNO-SLC,6267,2.5108591504311724,13.515238551140897
FAT-PDX,2259,2.5241685144124166,13.501549358123063
EWR-DCA,2645,-4.030314513073134,13.497164461247637
XNA-MSP,1067,-1.3502347417840375,13.495782567947517
OAK-ONT,7390,-0.284998646087192,13.491204330175913
DTW-SYR,5948,0.9063815457147668,13.483523873570949
LAX-SLC,22810,0.9212881712881713,13.480929416922402
RNO-PDX,1966,1.8324847250509164,13.47914547304171
BNA-ISP,653,-1.6625766871165644,13.476263399693721
MCI-MIA,2249,3.137316094516273,13.472654513116941
DFW-SPS,4395,1.9457488032824253,13.469852104664392
AUS-DTW,5856,3.3300838036599965,13.456284153005466
CMH-PHL,5686,1.0862676056338028,13.454097784030953
PGD-PSM,773,1.7984189723320159,13.454075032341525
SNA-SEA,16650,-1.1064942874323511,13.453453453453454
MSP-BIS,7725,-0.7738002594033723,13.449838187702264
DFW-TXK,4610,1.7279059643012624,13.449023861171366
PHL-MSP,8203,-1.447892486255345,13.44630013409728
SJC-PHX,13245,1.5705103969754253,13.439033597583993
PDX-SJC,11259,0.26083866382373844,13.43813837818634
LAX-ELP,4912,-1.0401712887438825,13.436482084690555
SIT-KTN,1377,-1.8675932699341624,13.435003631082063
BUR-SJC,12109,-0.660249524911179,13.419770418696835
AVP-CLT,5441,0.22062615101289135,13.416651350854622
SEA-BOI,21049,0.5188724092032706,13.416314314219202
SAN-SLC,11382,2.4008264462809916,13.41591987348445
CLE-STL,2512,-0.6997607655502392,13.415605095541402
ABQ-MDW,2132,0.05411764705882353,13.414634146341465
PIE-MDT,671,-2.694152923538231,13.412816691505217
MSP-DLH,6563,0.8443461010224325,13.408502209355477
KTN-JNU,1567,-5.759461193072482,13.401403956604977
SGF-ATL,5234,1.2436314882206474,13.393198318685517
LAX-BOI,7925,0.6304347826086957,13.38801261829653
MSP-ABQ,553,-2.410909090909091,13.381555153707053
YUM-DFW,2085,7.972383720930233,13.381294964028779
PIT-ORD,12241,-0.5358749897733781,13.381259701004819
LBL-DEN,2003,-1.5072463768115942,13.379930104842735
SEA-YKM,1338,1.5717488789237668,13.378176382660687
TYS-PHL,1951,-1.174293059125964,13.377754997437211
MAF-LAS,1809,-0.39378813089295617,13.377556661138751
OKC-SAT,800,0.2065081351689612,13.375
ONT-SJC,6474,-0.4680259499536608,13.36113685511276
FAY-CLT,4734,1.2159932303786758,13.350232361639206
CMH-DCA,7688,-1.4566775244299675,13.34547346514048
PIE-CID,667,-2.4924924924924925,13.343328335832084
DRT-DFW,1919,3.9671189979123174,13.340281396560707
PDX-ORD,9020,1.2764915405164736,13.337028824833702
BGR-LGA,3502,-2.9355300859598854,13.335237007424327
LAX-RDD,1440,4.920027816411683,13.333333333333334
DCA-DTW,11752,-0.3016265008941497,13.325391422736555
CLE-BNA,3505,-2.149714285714286,13.32382310984308
PNS-IAH,3266,3.3098894348894348,13.319044703000612
PHX-ROW,871,4.545454545454546,13.318025258323765
WRG-KTN,1773,-1.715502555366269,13.310772701635646
ATL-ECP,10572,2.2114144861585134,13.299281119939463
SPI-ORD,579,0.8411053540587219,13.298791018998275
MLI-ORD,5091,0.5951631930790405,13.297976821842466
ONT-MDW,1602,-1.0476190476190477,13.295880149812733
CMH-EWR,6831,-5.953825857519789,13.292343727126335
MCI-IAH,4864,-0.3685295937306661,13.28125
MSP-GRB,4858,0.5523927392739274,13.277068752573076
AUS-IAD,4538,0.5188866799204771,13.265755839576906
CMI-ORD,3507,-0.4424778761061947,13.259195893926432
AUS-ATL,17758,-0.33573885098945705,13.255997296992906
ATL-HHH,2769,5.164108187134503,13.253882267966773
SLC-SJC,8971,-0.2843913868124512,13.253817857540964
SLC-MSY,1675,-0.39413875598086123,13.253731343283581
ABE-MYR,634,-1.3075709779179812,13.249211356466878
FSD-MSP,7888,0.09549778059606849,13.247971602434077
ANC-SCC,2295,1.1523642732049038,13.246187363834421
PSP-PDX,2228,-0.711141060197664,13.24057450628366
ANC-OTZ,1503,0.988628762541806,13.24018629407851
MAF-PHX,1655,4.9963746223564955,13.23262839879154
LAX-CMH,1247,-3.476725521669342,13.2317562149158
RDU-BNA,8121,-0.44342998149290563,13.224972294052456
SJC-SEA,21493,-2.774382859804378,13.222909784581027
DEN-PUB,1679,4.247311827956989,13.222156045265038
DEN-JMS,2307,1.34402460456942,13.220632856523624
PDX-RNO,2050,1.824132877381534,13.219512195121952
PIE-SWF,530,-2.8876190476190478,13.20754716981132
GNV-CLT,4279,2.4929742388758784,13.204019630754848
CDV-YAK,1780,-4.461091753774681,13.202247191011235
SNA-MSP,2856,-0.5240604144713734,13.200280112044819
FNT-CLT,2091,-1.0091083413231063,13.199426111908178
RDD-SFO,4145,2.484892434131013,13.196622436670689
ELP-HOU,4411,-1.165490553152743,13.194287009748356
IAH-LFT,1441,3.087560806115358,13.1852879944483
TUL-DAL,5530,-1.3311594202898551,13.182640144665461
ATL-CMH,13920,0.8432669494571859,13.182471264367814
DTW-CMH,7285,1.917032967032967,13.177762525737819
BLI-AZA,630,2.1847133757961785,13.174603174603176
MQT-MSP,630,4.7063492063492065,13.174603174603176
MFR-DEN,3826,4.301946344029458,13.173026659696813
SYR-ATL,4396,-0.6029177114201049,13.171064604185624
PHL-LGA,1845,-2.0319783197831978,13.170731707317074
CIU-MSP,1792,5.579564489112228,13.169642857142858
LAX-SJC,25033,-1.0787949015063731,13.162625334558383
LGB-SMF,7576,-0.9202534988117244,13.15997888067582
BNA-MSP,7994,0.6964531896227597,13.159869902426822
SEA-SBA,2075,-1.7583373610439825,13.156626506024097
PIR-DEN,1072,2.15205223880597,13.152985074626866
PSP-SEA,7725,-1.6663641078838174,13.139158576051779
GJT-PHX,4439,2.7876943881000678,13.133588646091463
ALO-ORD,1714,-1.4457409568261377,13.127187864644107
BFL-DEN,2180,2.827188940092166,13.119266055045872
MAF-DAL,6664,-0.7287089978934698,13.115246098439377
PHX-GJT,4438,2.4688065099457503,13.114015322217215
ROC-ATL,4336,1.2626589595375723,13.099630996309964
DTW-LAN,4909,1.6306343055272283,13.098390710939093
ICT-ORD,6758,1.8427915246703215,13.095590411364308
MSP-DSM,5453,-0.302496328928047,13.093709884467266
PIT-STL,1574,-0.07115628970775095,13.087674714104194
ORD-HNL,2002,-7.184777165748623,13.086913086913087
OMA-HOU,1582,-1.6104392106938257,13.084702907711756
ATL-LIT,10585,0.9288215806909608,13.084553613604157
ATL-MGM,7011,2.794967114669717,13.079446583939525
COS-ORD,3387,2.2847819638089586,13.079421316799527
BDL-BWI,7141,-0.9356782511210763,13.079400644167482
LGA-HHH,734,-7.841886269070735,13.079019073569482
OKC-BNA,612,-1.1885245901639345,13.071895424836603
IND-PHL,6243,1.9018601667735728,13.070639115809707
LAX-SMF,22066,-0.8403917656660923,13.069881265295024
RSW-DTW,9782,1.0296918193918296,13.05459006338172
RDM-SEA,10423,1.7264776549735703,13.03847260865394
SAN-ATL,9130,1.8760294279125946,13.03395399780942
DTW-RDU,6990,-0.3083202062150938,13.032904148783977
SEA-DTW,9411,-1.4665815240527884,13.02730846881309
YUM-PHX,6128,4.62373490042442,13.02219321148825
ATW-MSP,4716,0.6580398812049215,13.019508057675996
SFO-BWI,1568,-5.069604086845466,13.010204081632654
BWI-SFO,1545,-6.515940143135979,13.009708737864079
SEA-GTF,1400,1.3505376344086022,13.0
PHX-YUM,6131,2.456429503916449,12.999510683412169
FCA-MSP,2085,2.258992805755396,12.997601918465229
MKG-ORD,1670,-0.24625524266027563,12.994011976047904
STL-ATL,15108,0.11083123425692695,12.99311622981202
TYS-LGA,3641,-3.0126931567328916,12.990936555891238
DTW-MBS,5150,1.8273381294964028,12.990291262135923
CVG-BWI,4320,-1.2072406590856348,12.986111111111112
SEA-ALW,2190,1.3914835164835164,12.968036529680365
MSY-DTW,3920,1.1447166921898928,12.959183673469388
SAT-MIA,1968,2.9954105048444672,12.957317073170731
ATL-GEG,1621,-4.4647713226205195,12.95496607032696
GSP-DEN,1513,-1.916279069767442,12.954395241242564
IAD-STT,1243,-3.7124394184168015,12.952534191472246
SAN-IAH,7598,-0.8912813738441215,12.950776520136879
RNO-BUR,1259,-1.2798092209856915,12.946783161239079
MEM-MIA,2078,4.181949806949807,12.945139557266602
FAR-MSP,8560,0.061820731564800745,12.94392523364486
CMH-MSP,5952,0.03934095494283793,12.936827956989246
AZA-RFD,688,-3.7751824817518247,12.936046511627907
DTW-ROC,6054,0.4118036039014713,12.933597621407333
PIB-IAH,2057,1.4335766423357663,12.931453573164802
EVV-ATL,4563,-0.1369531765223126,12.930089853166777
SBP-SEA,1920,0.7995824634655533,12.916666666666668
SNA-ORD,9222,-2.234284464851864,12.914769030579052
ELP-LAX,4871,0.38788501026694044,12.913159515499897
ONT-OAK,7559,-0.7324950363997352,12.91176081492261
SFO-SUN,860,-2.1021377672209027,12.906976744186046
DTW-MYR,3138,0.03700159489633174,12.906309751434033
MOB-IAH,1310,3.743295019157088,12.900763358778624
PHL-MHT,1194,-0.4191114836546521,12.897822445561138
MSP-BJI,3460,2.950391644908616,12.890173410404623
SMF-IAD,1196,1.6366694701429774,12.876254180602006
TPA-MSP,5701,-0.23164734808570425,12.874934222066303
FLG-PHX,5889,4.01953125,12.871455255561216
DTW-AZO,4841,2.5458497205547506,12.869241892171038
RDU-MSP,5521,-0.45083454281567487,12.859989132403552
SLC-RDU,1672,-1.5948379351740696,12.858851674641148
LAX-ACV,1735,0.3495032144944477,12.853025936599424
BTV-DTW,2545,0.08064516129032258,12.848722986247543
FAT-SEA,4242,-0.9581263307310149,12.847713342762848
IAH-MOB,1308,1.8426707597851113,12.844036697247708
ATL-MLI,3543,1.7395980752901217,12.842224103866778
IND-JFK,6636,-1.6478851963746224,12.839059674502712
SAV-MIA,2890,2.734835355285962,12.837370242214533
SDF-MDW,4628,-1.0960415314730694,12.834917891097666
AVL-EWR,1831,-2.391566265060241,12.834516657564174
ATL-SDF,13612,0.10517799352750809,12.834263884807523
ATL-BHM,13215,1.6778249015449864,12.83390087022323
SLC-OAK,10006,-0.5172551765529659,12.812312612432542
STL-DTW,8270,1.5130687318489835,12.805320435308342
FWA-CLT,1461,0.5027434842249657,12.799452429842573
HNL-KOA,33304,2.2307900270351455,12.797261590199374
ORD-LWB,1055,-4.491912464319696,12.796208530805686
IND-HOU,1962,-4.518386108273749,12.793068297655456
ATL-VPS,10186,1.2545812807881773,12.792067543687413
SFO-BFL,1986,3.7695410993444276,12.789526686807653
IND-DCA,7484,-1.334853158106477,12.787279529663282
SEA-MSP,12630,-1.4006341656757828,12.78701504354711
LAX-BZN,2683,-2.042728635682159,12.784196794632873
JMS-DVL,2253,4.999552372426141,12.78295605858855
XNA-DCA,1377,-2.9708029197080292,12.781408859840232
CLT-ERI,916,-0.3432343234323432,12.77292576419214
CMH-HOU,1558,-5.467398321497741,12.77278562259307
ROC-BOS,760,1.393421052631579,12.763157894736842
ATL-SGF,5237,1.1308840413318024,12.755394309719307
DCA-MSP,10343,-2.3462171849268625,12.752586290244611
GEG-SEA,26122,0.1956546729509139,12.751703544904677
LAX-LIH,6881,-4.232493812782065,12.745240517366662
SAT-BNA,3320,0.23650075414781296,12.740963855421686
FLL-IAD,3831,0.20685146443514643,12.738188462542416
PWM-IAD,2277,0.8702155741311043,12.736056214317085
DTW-CLT,15669,-1.9778800664876615,12.732146276086539
ORD-MKG,1736,-2.4048442906574397,12.730414746543778
OME-ANC,1524,-2.350623768877216,12.72965879265092
HNL-MSP,1321,-2.9696279422930902,12.717638152914459
ATL-DHN,4357,1.5037939756265808,12.715170989212762
SEA-SBP,1905,-1.3871646501841137,12.703412073490814
TUL-MDW,1362,-4.235467255334805,12.701908957415565
SEA-EUG,9613,0.6722916666666666,12.69114740455633
PDX-TUS,859,0.5256410256410257,12.689173457508732
DEN-ALS,954,0.5745798319327731,12.683438155136267
TUL-PHX,3556,-1.1650239369191777,12.682789651293588
DTW-BTV,2547,-1.9468294604174872,12.681586179819396
BOI-SEA,20680,-1.465225609460573,12.674081237911025
FWA-DTW,2091,-0.7472474868358066,12.673362027737925
CHO-CLT,2628,0.17402894135567404,12.67123287671233
BTR-IAH,1989,-1.0136294800605754,12.669683257918551
CLE-MSP,6275,0.7388250319284803,12.669322709163348
MSP-INL,2850,2.097990835389496,12.666666666666668
LAX-SBP,2196,5.920475319926874,12.659380692167577
ECP-BNA,4756,0.5430616971994104,12.657695542472666
SAN-DTW,4686,-0.3595553655408294,12.654716175842937
MSP-XNA,1067,-3.583098591549296,12.652296157450795
ATL-MLB,6371,0.22968086778808364,12.651075184429446
CMH-JFK,6147,-2.5911241638113887,12.64031234748658
LGA-MSP,9897,-5.078675577156743,12.640193998181267
IND-ATL,15272,0.1773072889355008,12.637506547930855
GEG-BOI,2921,2.2102739726027396,12.632660047928793
PHX-SGU,3270,1.5251071647274954,12.629969418960243
PDX-ONT,2416,1.191462909241608,12.624172185430464
SDF-PHL,2139,1.000469263256687,12.622720897615707
PDX-LAX,20008,0.1750912454377281,12.619952019192324
PWM-DTW,3440,1.8949359720605354,12.616279069767442
SYR-PHL,1189,0.4494949494949495,12.615643397813288
SJC-KOA,2394,-5.718527812630699,12.614870509607352
LAX-TUL,1880,-1.7412140575079873,12.606382978723405
SLC-GEG,7687,0.18141535253486252,12.605697931572784
SEA-EAT,1381,1.3427741466957153,12.599565532223025
SLC-CVG,3032,0.9514531043593131,12.598944591029024
ATL-MYR,7279,1.1297951326825244,12.597884324769886
ONT-SMF,8685,-1.4892318323160199,12.596430627518709
CMH-BOS,5845,-3.458754930543646,12.591958939264329
SMF-ATL,4432,1.0217194570135746,12.590252707581229
BHM-LGA,2685,-2.3063973063973062,12.588454376163874
ATL-JAN,13052,-0.9296293454071062,12.588109102053323
ATL-GSP,15245,-0.2730256679577234,12.587733683174813
MSP-SEA,12637,-5.388527967041673,12.566273640895782
DCA-LEX,972,-3.7450980392156863,12.551440329218108
LAX-MRY,3028,0.35194416749750745,12.549537648612946
LFT-IAH,1443,-1.4705065926439973,12.543312543312544
ONT-SEA,10089,-1.1045680238331679,12.538408167310934
MSP-DTW,10786,-0.5463315091364438,12.534767290932692
LGA-PHL,1843,-6.2862574687669746,12.533912099837222
GSP-MIA,1572,2.561783439490446,12.53180661577608
DFW-BPT,3763,1.6789628441593156,12.516609088493224
MCI-MKE,775,-0.686046511627907,12.516129032258064
IAH-HRL,1726,2.5034843205574915,12.514484356894554
SMF-LAX,22082,-0.7796556411418215,12.51245358210307
MKE-MSP,7747,-1.026091449237923,12.508067639086098
EAU-ORD,1847,-0.8250270855904659,12.506767731456417
ORF-DTW,4486,3.92367775050212,12.505572893446276
ATL-TYS,12598,1.1781540663009777,12.501984441974917
ACV-PHX,512,6.46078431372549,12.5
MSP-LSE,2241,0.07740492170022371,12.49442213297635
OMA-SFO,713,-4.335203366058906,12.482468443197755
MHT-PHL,1186,1.2778716216216217,12.478920741989882
TUL-CLT,3519,0.27194982896237174,12.475134981528843
SDF-DTW,5115,0.678536489923694,12.473118279569892
RDU-ATL,20375,-0.24113022113022112,12.461349693251533
SLC-BZN,6543,2.352382411521373,12.456059911355648
PIT-JFK,6794,-1.9519315836036568,12.45216367382985
SNA-PDX,4659,-0.5040825096691018,12.427559562137798
BDL-ATL,9335,-0.6870171673819743,12.426352437064809
ROA-ATL,5176,-0.1142691415313225,12.422720247295208
SWO-DFW,3205,2.694565896314803,12.418096723868954
MKE-DTW,6709,0.47577158192932756,12.416157400506782
ATL-MOB,7323,-0.13483915126625598,12.41294551413355
IAD-PIT,4004,1.0762309422644338,12.412587412587413
SAT-SFO,1346,-1.1630677587490692,12.407132243684993
IAH-BRO,1475,2.353699932111337,12.40677966101695
SJC-LGB,5418,-1.7663465090506096,12.4031007751938
RIC-MIA,2056,-1.8591617933723197,12.40272373540856
FAI-ANC,7418,-1.2235706580366774,12.40226476139121
ATL-LFT,5225,1.1034018835287334,12.401913875598087
VLD-ATL,4580,4.528202885876694,12.401746724890831
ABQ-LAX,9492,-0.2535849852382961,12.39991571849979
PDX-SBP,855,1.0784543325526932,12.397660818713451
BDL-MSP,4268,-1.6179300633654072,12.39456419868791
IAH-JAN,928,-2.1837837837837837,12.392241379310345
ATL-BMI,3583,3.737048445813498,12.391850404688808
RDU-SLC,1671,-4.964050329538646,12.387791741472173
MKE-BNA,3552,-1.9664126446514254,12.387387387387387
DDC-LBL,662,1.604261796042618,12.386706948640484
SBA-SEA,2067,-2.7324285021812895,12.385099177552007
MSP-MQT,630,2.1453674121405752,12.380952380952381
AZO-ORD,1950,-1.9619928094504366,12.35897435897436
SAN-MIA,1772,10.844671201814059,12.358916478555305
ATL-VLD,4580,5.300043898156278,12.358078602620088
CSG-ATL,4839,1.774080198429103,12.357925191155198
SAN-IAD,5009,-2.800281011641911,12.357756039129567
PDX-IAH,3464,0.011297798377752027,12.35565819861432
DFW-SPI,2072,0.06004842615012106,12.355212355212355
OMA-STL,3207,-1.2798751950078002,12.34798877455566
PDX-BOI,4448,2.665542060278902,12.342625899280575
OKC-MDW,2220,-0.42766726943942135,12.342342342342343
ITO-HNL,26799,2.0419170616998246,12.340012687040561
BUF-BWI,7383,-2.0637115358546834,12.339157524041717
ACY-RSW,2125,-0.65738555922605,12.329411764705881
SMF-LGB,7578,-1.7060690202300675,12.325151755080496
RSW-MSP,6452,-0.511721782331936,12.306261624302541
IAD-IND,4566,-2.4224950668713,12.28646517739816
BNA-OKC,611,-1.3229508196721311,12.274959083469723
SEA-PUW,1948,0.9376930998970134,12.26899383983573
PSP-MSP,1126,-1.6993755575379126,12.25577264653641
SMF-ORD,4752,0.6500633178556353,12.247474747474747
LAN-DTW,4908,1.2232415902140672,12.245313773431132
MCI-ABQ,686,-0.10218978102189781,12.244897959183673
AGS-ATL,10470,0.998088867654085,12.24450811843362
MSN-LGA,2099,-3.12607861936721,12.243925678894712
ATL-BQK,4202,3.3373148590539894,12.232270347453593
MSP-MOT,6762,-1.2787833827893176,12.23010943507838
HSV-DTW,1031,2.6345966958211857,12.221144519883609
MSP-ESC,1113,3.99096657633243,12.219227313566936
MRY-LAX,3020,1.8764491553494536,12.218543046357617
DEN-FLG,532,-3.2052730696798495,12.218045112781954
ATL-SJC,2644,-5.210147671336615,12.216338880484114
ATL-SHV,6271,-0.3830535571542766,12.214957741986925
DFW-JLN,934,0.3870967741935484,12.205567451820128
SJU-IAD,1836,-0.9672489082969432,12.200435729847495
LFT-ATL,5222,1.2482228626320846,12.198391420911529
PDX-GEG,3296,2.2441542666261767,12.196601941747574
DTW-SLC,7572,-3.076394395982025,12.189646064447967
MSP-CID,4367,-2.2584347027771403,12.18227616212503
ONT-HOU,706,-1.586894586894587,12.181303116147308
DFW-SWO,3210,-0.11454431960049938,12.18068535825545
DCA-PHX,4521,-4.040639573617589,12.165450121654501
LSE-ORD,2910,-1.0997935306262905,12.164948453608247
OKC-LGA,2426,-0.8976377952755905,12.159934047815334
MCI-SEA,4624,-3.6616818378846987,12.153979238754326
ORD-TOL,1045,-3.7883141762452106,12.15311004784689
SMF-SBA,898,-0.9272116461366181,12.138084632516703
TUS-MSP,511,-1.1846758349705304,12.13307240704501
DLH-MSP,6571,-1.4252208346024977,12.129051894688784
ATL-AVL,9343,-0.02671960510784419,12.126725891041422
ONT-ATL,3926,0.15522083226959407,12.124299541518084
BMI-ATL,3580,-0.47284434490481525,12.12290502793296
OAK-LGB,7667,-2.714360381549719,12.116864484152863
PVD-BWI,7810,-1.9329830855971297,12.112676056338028
AZO-DTW,4840,0.649441918147995,12.107438016528924
DVL-JMS,1537,6.554383651944628,12.10149642160052
SMF-MSP,2446,2.4050840508405082,12.101390024529843
DTW-SCE,1389,0.4190751445086705,12.095032397408207
ATL-ABE,4036,0.4946636882601142,12.091179385530229
BOI-SJC,3118,-0.7035611164581328,12.09108402822322
SAT-ATL,12871,0.285136186770428,12.089192758915392
OAK-SLC,10049,-1.0935352126705846,12.070852821176237
PUB-DEN,1674,1.2665869695158398,12.066905615292713
SHD-IAD,945,7.22010582010582,12.063492063492063
PIE-ELM,514,-2.0785854616895874,12.062256809338521
ICT-PHX,1136,-1.9876760563380282,12.059859154929578
DEN-DVL,846,-3.474969474969475,12.056737588652481
SLC-MSP,8372,-0.6293639406982305,12.040133779264215
ELM-DTW,3783,2.40772078265468,12.027491408934708
GRR-MSP,6486,0.375134968378837,12.0259019426457
MSP-MSY,1672,-4.346730653869226,12.02153110047847
MSP-VPS,674,-7.5618479880774965,12.01780415430267
SAT-MDW,2738,-1.7165383204987166,12.016070124178233
PNS-BNA,3762,-1.4996007452754858,12.014885699096226
SHV-ATL,6269,0.7695506157044618,12.011485085340565
ABR-MSP,3555,2.4296567248171077,12.0112517580872
MDT-DTW,3389,1.508133688257912,12.009442313366774
BIS-MSP,7720,-0.4079595540575577,12.007772020725389
ATL-TLH,8741,0.3610919935765084,12.000915227090722
ATL-CSG,4842,1.541312901221785,11.999173895084676
SBN-DTW,2817,-0.8025568181818182,11.998580049698262
TUL-IAH,4084,1.678124232752271,11.998041136141039
SUN-LAX,1009,-1.580773042616452,11.992071357779981
BOI-OAK,3411,-1.1939553990610328,11.990618586924656
MHK-ORD,1535,-1.419060052219321,11.986970684039088
CLE-DTW,7016,0.00042765502494654313,11.986887115165336
GEG-SAN,1577,-1.8152380952380953,11.984781230183895
AVL-ATL,9339,-2.280878414568827,11.982010921940251
ROC-PHL,786,3.508301404853129,11.959287531806616
FAT-LAX,4689,-0.5168803418803419,11.942844956280657
MLI-ATL,3542,-1.2818696883852692,11.94240542066629
SNA-IAH,5620,-2.4139351603080783,11.93950177935943
PHX-IAD,2890,-1.3522056269538034,11.937716262975778
SAT-ORD,6386,0.23739198743126472,11.932352020043846
PHX-DCA,4524,-4.342140319715808,11.91423519009726
MSP-ABR,3560,-1.5263751763046545,11.910112359550562
SLC-TUL,3359,-0.3875968992248062,11.908306043465316
PHX-FLG,5897,2.0402924175450527,11.904358148210955
JNU-KTN,1580,0.08450704225352113,11.89873417721519
SFO-DCA,2826,-4.884574278589241,11.8895966029724
SLC-OKC,3541,1.0689655172413792,11.88929680881107
ATL-AGS,10469,0.8511819312852904,11.882701308625466
DCA-LAS,1574,-7.192479286169535,11.880559085133418
MSP-TVC,1011,-1.5509396636993076,11.869436201780417
GFK-MSP,5495,0.708667152221413,11.86533212010919
ALB-DTW,5969,-0.5911453966124434,11.86128329703468
GEG-OAK,3240,-1.8906394810009268,11.851851851851853
PIT-MSP,5492,-0.41728980485135875,11.835396941005099
BLI-LAS,3265,0.8179581795817958,11.822358346094946
MCI-STL,4265,-1.466572836030964,11.817116060961313
PDX-PSP,2226,0.05263157894736842,11.814914645103325
ALW-SEA,2184,2.1631530705774518,11.813186813186812
SAT-STL,1668,-1.7426514697060589,11.810551558752998
MAF-IAH,6302,0.35970765808706706,11.805775944144715
RDM-PHX,3363,4.438507462686567,11.804936068986024
PDX-SEA,30584,-0.12688960146587266,11.803557415642166
LEX-DCA,983,-1.3710499490316004,11.80061037639878
MSP-PDX,6162,-5.388302193338749,11.798117494320026
SJC-LAX,24861,-3.400917394278357,11.793572261775472
SLC-BOI,8345,-0.16838570400575678,11.791491911324146
CMH-BNA,3096,-2.9877181641887525,11.789405684754522
HNL-ORD,2002,-3.1033617661816355,11.78821178821179
BOI-LAX,8002,-0.9478032294404807,11.784553861534617
PHX-RDM,3369,0.46353855349671247,11.78391214010092
PHX-DRO,3778,0.5884850092862828,11.7787188988883
MBS-DTW,5147,0.4192419825072886,11.773848843986787
LAX-OKC,2720,-2.505709023941068,11.76470588235294
SAT-SLC,4907,2.5386029411764706,11.758712044018749
PHF-CLT,1905,0.9563846558066211,11.758530183727034
GSP-IAH,2010,-0.2624750499001996,11.741293532338307
ACV-LAX,1721,5.870779976717113,11.737361998837885
MSP-ICT,2387,-5.0663308144416455,11.730205278592376
JAN-DCA,1347,4.355970149253731,11.729769858945806
SEA-MFR,8654,0.08176027793862188,11.728680379015485
PHX-CLT,12375,-2.5762684389690387,11.725252525252525
CLE-SFO,1844,-6.355048859934853,11.713665943600867
SNA-HNL,504,-3.6878727634194832,11.706349206349206
PAE-GEG,598,0.24247491638795987,11.705685618729097
ALB-BWI,7160,-2.0672539149888145,11.70391061452514
SLC-PDX,11385,-1.4810482807140972,11.699604743083004
GNV-ATL,7992,-0.14677520350657483,11.6991991991992
GEG-PDX,3284,1.5517661388550548,11.69305724725944
DTW-LEX,4246,-1.0974286388299128,11.681582666038624
DTW-MSP,10788,-3.3864205546795287,11.67964404894327
BOI-IAH,1079,-1.4851301115241635,11.677479147358666
ABY-ATL,4319,1.8099211868335652,11.66936790923825
ATL-ABY,4320,1.1133039238449036,11.666666666666666
SMF-STL,1518,-0.5248180013236268,11.6600790513834
SMF-SLC,9246,0.8154446008881187,11.659095825221717
SYR-DTW,5944,-1.4790509843513377,11.658815612382234
ATL-LEX,10318,0.332815232174082,11.64954448536538
ELP-IAH,3554,2.0807225515100196,11.648846370287
LAX-XNA,1357,-3.5066469719350075,11.643330876934414
MSP-HIB,2989,1.2967806841046277,11.642689862830379
SAN-ORD,12176,-1.487257731958763,11.637647831800264
ATW-ATL,1942,2.435500515995872,11.637487126673532
PVD-PHL,3929,-0.25802343352012225,11.631458386357851
XNA-MIA,731,-2.291780821917808,11.627906976744185
BUF-DTW,6246,-0.8810057655349135,11.623439000960614
LGB-BNA,783,-1.3889602053915275,11.621966794380588
LIH-OAK,2729,-4.003303964757709,11.615976548186149
AEX-ATL,4332,1.5010404624277456,11.611265004616806
ATL-CHA,11810,-0.049661016949152544,11.608806096528365
BDL-IAD,4221,1.089484927605032,11.608623548922056
HRL-IAH,1723,-0.3674418604651163,11.607661056297156
ATL-MLU,4415,-2.1675011379153393,11.59682899207248
CMH-BWI,4649,-2.0953919035314383,11.593891159389116
OAK-STL,837,-1.4904306220095693,11.589008363201913
DTW-GSO,1700,-3.635668040023543,11.588235294117647
BNA-ATL,17812,-0.9655501854557716,11.587693689647429
CLE-BWI,4524,-2.8041602124363796,11.582670203359859
CHO-ATL,5211,-0.48490674870217265,11.57167530224525
PIE-ALB,571,-0.5166959578207382,11.558669001751314
ECP-ATL,10570,-0.7217432496447181,11.542100283822137
PSC-SEA,11106,-0.7278383984128416,11.525301638753827
SLC-FCA,5780,-0.7313769751693002,11.522491349480969
SLC-COS,4012,-0.1397095643465198,11.51545363908275
MCI-MSP,7330,-1.0217064846416382,11.514324693042292
BTR-DCA,504,-0.8562874251497006,11.507936507936508
GEG-ORD,809,-1.8399503722084367,11.495673671199011
EWN-CLT,3686,-0.7840630949143323,11.475854584915899
SLC-PSC,5089,1.100749211356467,11.475731970917666
MLU-ATL,4411,0.5712014535543948,11.471321695760599
SLC-BUR,6959,-2.622513692706832,11.467164822531974
ORF-ATL,11407,0.6016681299385426,11.466643289208381
EAR-DEN,1387,7.513728323699422,11.463590483056956
GRR-ATL,6206,-2.237734021949645,11.456654850145021
XNA-IAH,1641,-0.5003058103975535,11.45642900670323
LAX-SDF,934,-6.338345864661654,11.45610278372591
BJI-MSP,3457,1.0897250361794502,11.455018802429851
ATL-GSO,11220,-0.882452695465905,11.452762923351159
DFW-DRT,1922,-1.2574412532637076,11.446409989594173
ISP-BWI,5959,-2.056648176164061,11.44487330088941
RNO-OAK,2377,-2.2222222222222223,11.442995372318048
MCI-IAD,1294,-1.0650658404337723,11.437403400309119
DHN-ATL,4355,-2.2667893284268628,11.435132032146958
ORD-CGI,1330,-3.041446872645064,11.428571428571429
INL-MSP,2845,2.940225035161744,11.423550087873462
OAK-BWI,753,-2.140770252324037,11.42098273572377
RIC-ATL,15186,-1.3123433997098775,11.411826682470696
CID-MSP,4364,-3.2329206785878037,11.411549037580201
SLC-RNO,6274,-0.5891373801916933,11.396238444373605
RDU-PIT,2563,-2.359515435717077,11.392898946547016
CYS-DEN,1896,1.3023746701846965,11.39240506329114
PDX-MDW,2388,-2.6433978132884777,11.390284757118927
GSP-HOU,641,-8.190625,11.388455538221528
DTW-BGM,1502,-1.8298587760591796,11.384820239680426
MEM-ATL,15430,-1.5421694563383936,11.367465975372651
RKS-DEN,2428,5.548307184145335,11.367380560131796
IAH-VCT,2526,-4.987693529178245,11.361836896278701
ATL-ROA,5186,-0.8124271844660195,11.357500964134209
OMA-ATL,9462,-1.966641957005189,11.350665821179454
MYR-DTW,3119,-1.425088225858197,11.349791599871754
ATL-AEX,4336,-1.2340376131878337,11.346863468634687
SAN-MSP,5896,-2.3227396329027874,11.346675712347354
PIT-BWI,4619,-2.885807150595883,11.344446849967525
SLC-DTW,7569,-1.8377198783229731,11.335711454617519
OMA-MSP,6989,-1.0678596993557623,11.332093289454857
VPS-ATL,10185,-1.0122874275041778,11.330387825233187
CMH-IAD,3375,-1.269572953736655,11.318518518518518
JAX-ATL,19709,-1.0374301675977653,11.309554010857983
MSP-SLC,8377,-2.720363288718929,11.304763041661694
MSY-IAD,3143,-1.385031847133758,11.294941139039134
MSP-RAP,5693,-3.613375683783307,11.294572281749517
ATL-GNV,7995,-1.2658814684876583,11.294559099437148
DTW-MCI,6279,-3.5102788844621515,11.291606943780858
BOI-PDX,4611,1.6878524945770066,11.27738017783561
XNA-PHX,816,-2.9313725490196076,11.27450980392157
BGM-DTW,1500,1.5987983978638185,11.266666666666666
ONT-PDX,2398,-1.8694201084689195,11.259382819015846
YKM-SEA,1333,2.345086271567892,11.252813203300825
TPA-SLC,1734,-4.342956120092379,11.245674740484429
DEN-ATY,703,-3.077142857142857,11.2375533428165
IAH-ABI,561,-1.4385026737967914,11.229946524064172
CVG-ATL,12152,-0.748888156811069,11.224489795918368
OKC-STL,2692,-0.9401709401709402,11.218424962852898
ATW-CLT,1204,-3.453034081463009,11.212624584717608
JAX-IAH,4044,-0.46096654275092935,11.201780415430267
MCI-SFO,1000,-3.218875502008032,11.200000000000001
ROC-DTW,6054,-1.5061157024793388,11.199207135777998
LBE-MYR,1099,-3.4344262295081966,11.191992720655142
MCI-ATL,14138,-1.068466935998299,11.175555241193944
DTW-TYS,3222,-1.9195402298850575,11.1731843575419
STL-SLC,5283,-1.5147727272727274,11.167897028203672
GEG-SLC,7677,-0.3061171253423764,11.16321479744692
IAH-XNA,1640,-2.2591463414634148,11.158536585365853
CMH-ATL,13850,-1.405276472714131,11.140794223826715
SLC-LGB,6850,-1.7581116632563578,11.124087591240876
ATL-CAE,10762,-0.4208960773377951,11.122467942761569
CMH-DTW,7285,-0.015652890292461898,11.118737131091283
SAN-PHL,3358,-0.7328951299671348,11.107802263251935
SCE-DTW,1387,-0.9279019466474405,11.103100216294159
PDX-SNA,4675,-2.1566652378911275,11.101604278074866
MSP-BRD,3118,0.22404371584699453,11.09685695958948
ATL-EVV,4561,-0.28326745718050067,11.09405832054374
MSN-MSP,6743,-1.252114557055943,11.092985318107667
DSM-MSP,5447,-3.2346245639801725,11.088672663851662
SFO-DTW,6253,-3.1515539891060556,11.082680313449544
SMF-IAH,2339,-2.294420600858369,11.073108165882855
MDT-ATL,4410,-2.7029298205768795,11.06575963718821
MEM-MSP,4228,0.04950260540028423,11.045411542100284
BDL-DTW,5967,0.2697533970810267,11.027316909669851
BIL-MSP,2222,3.0162528216704287,11.026102610261027
IND-MSP,6567,-1.0365742151782993,11.024821075072332
GRR-DTW,7699,-2.181759126932571,11.014417456812572
ORD-ALO,1716,-6.68862973760933,11.013986013986015
GRB-ATL,1889,0.2537076271186441,11.011116993118051
OTZ-ANC,2390,-3.6634575136040186,11.00418410041841
TRI-ATL,7253,-2.524210235894606,11.002343857714049
BDL-PHL,3629,-2.027854384997242,10.99476439790576
DTW-CVG,7202,-2.292679538824837,10.969175229103028
TYS-MIA,1404,-0.15939957112223016,10.968660968660968
JAN-IAH,932,-3.447793326157158,10.944206008583691
RST-MSP,5046,-2.3627353815659067,10.93935790725327
CVG-MSP,6964,-3.7826336975273147,10.927627800114877
SFO-LIH,2565,-4.9015625,10.916179337231968
MKE-ATL,10811,-2.4832220986281053,10.91480899084266
COS-LAX,843,-5.592105263157895,10.913404507710558
TOL-ORD,1045,-6.274209012464046,10.909090909090908
MHT-BWI,7225,-4.6968563910815675,10.906574394463668
OAK-SBA,1357,-3.4715447154471546,10.906411201179072
PSP-SJC,1110,-2.571171171171171,10.9009009009009
PIT-DTW,6607,-0.8496365838885523,10.897532919630695
LNK-MSP,780,0.6076923076923076,10.897435897435898
CRP-IAH,2263,-3.5562444641275466,10.870525850640743
ABQ-ATL,4032,-1.6756890985845543,10.863095238095239
CAK-DCA,1427,-1.55024595924104,10.861948142957253
CVG-IAD,1834,-0.7834151663938898,10.850599781897492
SLC-OMA,4021,-1.4460503364066783,10.843073862223328
BNA-SLC,3643,-4.274800769442154,10.842712050507822
SAV-ATL,13143,-1.04629911666159,10.842273453549419
SLC-ONT,6480,-0.7561804697156984,10.833333333333334
BRD-MSP,3120,-2.3106764988778457,10.833333333333334
OGG-LGB,2026,-6.034670629024269,10.809476801579466
LEX-DTW,4247,-0.6032493524841064,10.807628914527902
RHI-MSP,3711,-7.926895063393579,10.805712745890595
ATL-FAY,4889,-1.3789711006353762,10.799754551032931
SEA-SUN,528,-0.5813953488372093,10.795454545454545
ATL-GPT,6253,-0.7767971758664955,10.794818487126179
CRP-HOU,5290,-2.953426732298372,10.793950850661625
DTW-CWA,1326,0.7114654517843584,10.784313725490197
ATL-TRI,7253,-1.084230875448771,10.78174548462705
IAH-SHV,900,-1.8841870824053453,10.777777777777779
FAY-ATL,4888,1.2894898586355255,10.761047463175123
SBN-MSP,1422,-7.221830985915493,10.759493670886076
MFE-IAH,4992,-2.076198115099258,10.757211538461538
VPS-IAH,977,-1.7087179487179487,10.747185261003072
ELP-ATL,3285,-0.7918067869153164,10.745814307458144
VPS-BNA,3192,-3.057124921531701,10.74561403508772
BTR-ATL,6996,-1.9689334287759486,10.7347055460263
SRQ-ATL,11975,-0.5506943282583235,10.730688935281837
MLI-MSP,904,-3.8792912513842746,10.730088495575222
LSE-DTW,550,-3.2112932604735884,10.727272727272727
SBA-SMF,896,-0.39285714285714285,10.714285714285714
MSN-DTW,6239,-0.7599871650890422,10.690815835871133
BOS-SDF,1609,-7.88985687616677,10.689869484151647
MEM-DTW,3706,1.0108020523899541,10.685375067458176
DSM-STL,2977,-4.300504201680672,10.681894524689286
SCC-ANC,2174,-6.90377532228361,10.671573137074516
PHX-BIL,647,-6.068322981366459,10.664605873261205
ABE-CLT,5042,-9.162624254473162,10.650535501785006
SFO-MSP,8030,-4.920074812967581,10.647571606475715
MSP-LNK,780,-4.420103092783505,10.64102564102564
IAH-AEX,517,-4.230019493177388,10.638297872340425
RSW-ATL,15774,-1.2364560177834234,10.637758336503106
PIT-ATL,12317,-2.731013172873638,10.635706746772753
IAD-SLC,1580,-3.726984126984127,10.632911392405063
ATL-HSV,10387,-1.5551916779040647,10.619043034562434
GSO-DTW,1700,-3.8246027074749853,10.588235294117647
RAP-MSP,5680,-1.7507491627005112,10.580985915492958
MCI-SLC,4599,-1.610228509249184,10.567514677103718
SAT-DTW,3653,0.9155238617663193,10.56665754174651
SLC-ABQ,5121,-1.8615023474178405,10.564342901776996
IND-DTW,7238,-1.4767168716318917,10.555402044763747
DTW-CID,1573,-4.329081632653061,10.553083280356008
ATL-TUL,6586,-2.327911219215567,10.537503795930762
RDU-DTW,6990,-0.8435978229733601,10.529327610872675
COS-SLC,4011,-1.2097779995011224,10.521067065569683
SLC-RAP,666,-2.702416918429003,10.51051051051051
MOB-ATL,7322,-4.075629102844639,10.488937448784485
SBP-LAX,2193,1.032390510948905,10.487916096671226
ICT-SEA,630,-4.292993630573249,10.476190476190476
MYR-BDL,1579,-3.2661596958174903,10.449651678277391
GRB-DTW,4923,-2.5304878048780486,10.440788137314645
OGG-DFW,2406,1.1605504587155964,10.432252701579385
PAH-ORD,1803,-2.7257079400333146,10.427066001109262
CRW-DCA,1393,-1.103448275862069,10.4091888011486
SBA-LAX,2413,0.5510373443983403,10.401989225031082
LGB-SLC,6847,-0.11258955987717502,10.39871476559077
CWA-DTW,1328,0.9568835098335855,10.391566265060241
RDU-CVG,1396,-1.1665470208183777,10.386819484240688
PDX-IAD,1137,-3.1083700440528634,10.378188214599824
CVG-SLC,3029,-5.896859504132231,10.366457576758007
GRB-MSP,4849,-4.215479876160991,10.352650030934212
EUG-SEA,9617,-1.2273815720978658,10.346261828012894
TUS-IAH,3499,1.008022922636103,10.34581308945413
MYR-LBE,1102,-5.4763205828779595,10.344827586206897
LIT-ATL,10596,-1.6880136015868519,10.343525858814646
DTW-DSM,4226,-4.4196301564722615,10.340747752011358
GPT-ATL,6250,-1.0550752481588217,10.335999999999999
ATL-ICT,4794,-2.6215764164750155,10.325406758448059
MFR-PHX,3285,2.9542543458371453,10.319634703196346
SAT-MSP,3636,0.2727773190200936,10.313531353135314
ATL-OAJ,4803,-1.2863996662494785,10.306058713304186
BZN-MSP,3825,-1.1990570979570456,10.300653594771243
PDX-ATL,5878,-2.816274309109519,10.292616536236816
BOI-SLC,8346,-0.2560230133045667,10.2803738317757
VCT-IAH,2520,-2.1291219705999205,10.277777777777777
DTW-ITH,1169,-3.621342512908778,10.26518391787853
SLC-BIL,5273,-2.0157674772036476,10.259814147544093
ATL-BTR,7002,-2.304665140240412,10.254213081976578
HNL-IAH,1639,-7.3553516819571865,10.250152532031727
JAN-BWI,1181,-6.171186440677966,10.245554614733276
SLC-WYS,1250,-3.023462783171521,10.24
ATL-XNA,7337,-1.984556512231789,10.235791195311435
MFR-SEA,8642,-0.6922809457579973,10.229113631103912
SLC-PSP,4899,-1.5650572831423895,10.226576852418862
SLC-SBA,763,1.909814323607427,10.222804718217562
SLC-EUG,3784,-1.4217633042096902,10.200845665961946
IAD-RIC,500,-3.22,10.2
IAH-LCH,628,-0.26910828025477707,10.191082802547772
CHA-ATL,11808,-1.56725393867525,10.171070460704607
SDF-ATL,13610,-3.2308201544685544,10.168993387215282
BMI-ORD,1712,-7.342105263157895,10.163551401869158
KOA-SFO,4243,-1.571462319867706,10.157907141173698
SJC-SLC,8963,-1.6126367492743916,10.141693629365168
ATL-DSM,5218,-2.9863775901765157,10.137983901878114
SAN-LAX,7088,-0.4036127575500988,10.12979683972912
CPR-SLC,2351,-0.3221276595744681,10.123351765206296
MLU-IAH,534,-3.8592870544090054,10.112359550561797
ATL-CHO,5213,-2.577700751010976,10.090159217341261
OKC-MIA,1011,-4.909722222222222,10.089020771513352
ATL-GTR,4425,-2.2107409925220938,10.07909604519774
FSD-CLT,685,-6.584795321637427,10.072992700729927
DSM-ATL,5219,-2.515831894070236,10.059398352174746
HNL-SLC,1841,-1.6141304347826086,10.04888647474199
MKE-SLC,1106,-3.0842391304347827,10.03616636528029
LCH-IAH,628,-0.7779552715654952,10.031847133757962
PDX-DTW,1387,-1.0455861070911723,10.021629416005768
SLC-CDC,2894,-1.4821118443904133,10.020732550103663
ATL-ATW,1946,-2.525799793601651,10.020554984583761
BZN-SLC,6540,-0.4028457772337821,10.015290519877675
SJC-IAH,1761,-8.121505989731888,9.994321408290743
SLC-IDA,5939,-1.5543368207897401,9.984845933658864
MSY-MSP,1673,-4.253892215568862,9.982068141063957
OAK-BNA,1002,-1.2957042957042957,9.980039920159681
HNL-DFW,3038,-1.1994715984147952,9.973666886109282
CWA-MSP,3552,-4.779154929577465,9.966216216216216
ABE-DTW,1987,-3.8479355488418934,9.96477101157524
IAH-MLU,532,2.320075757575758,9.962406015037594
BUR-SLC,6970,-1.0764038489156973,9.942611190817791
PDX-MFR,1140,-0.7427312775330397,9.912280701754387
CAK-PHL,515,-4.830409356725146,9.902912621359224
PDX-SLC,11392,-0.5888761971707231,9.901685393258427
ATL-ILM,6414,-2.4697892271662765,9.884627377611475
GSP-DTW,2576,-0.5256410256410257,9.86024844720497
SLC-TUS,5497,-2.248679176534888,9.859923594688013
CLE-IAD,4028,-1.1085984095427435,9.856007944389274
OKC-SLC,3541,0.8267872280305171,9.855972889014403
TYS-EWR,680,-5.932153392330384,9.852941176470589
SDF-IAD,2132,-1.7668077103902209,9.849906191369605
SLC-MFR,3703,-1.5384615384615385,9.829867674858223
LBB-PHX,1608,1.897324206596142,9.82587064676617
ERI-CLT,916,-2.9934138309549945,9.82532751091703
CHS-ATL,13743,-1.9817215263617827,9.823182711198427
SJC-STL,957,-1.0861344537815125,9.822361546499478
TUL-LGA,785,-2.553708439897698,9.80891719745223
MSO-SLC,5477,1.7532443794553099,9.804637575314953
MLB-ATL,6370,-3.3617489776659326,9.764521193092621
CGI-ORD,1373,-4.991240875912409,9.759650400582666
ATL-MSN,4705,-3.2795401319991484,9.755579171094581
CVG-DTW,7200,-3.541186275871649,9.75
ATL-DAY,6113,-2.630441898527005,9.716996564698183
RIC-IAD,505,-2.3035714285714284,9.702970297029703
PDX-STL,516,-3.5980582524271845,9.689922480620156
ALS-DEN,951,-1.0221052631578946,9.674027339642482
XNA-ATL,7332,-2.146371463714637,9.629023458810693
RDD-LAX,1445,2.0256410256410255,9.619377162629759
DAB-ATL,6758,-1.3540308239478365,9.618230245634802
DTW-ABE,1987,-4.865151515151515,9.61248112732763
PIT-RDU,2562,-4.671490027375831,9.601873536299765
ABI-IAH,563,-6.229537366548043,9.591474245115453
TUL-ATL,6580,-3.3671541742839732,9.589665653495441
ILM-ATL,6406,-2.047373358348968,9.584764283484233
SBA-SLC,763,3.1863517060367452,9.567496723460026
DAY-DEN,536,-3.7518796992481205,9.514925373134329
IND-IAD,4616,-2.3213278368409633,9.510398613518198
JAN-ATL,13051,-4.909195490451721,9.493525400352464
GSO-MIA,1784,-0.5685393258426966,9.473094170403588
PSP-LAX,1119,-5.072386058981233,9.472743521000893
PIT-IAD,4004,-1.7993503248375813,9.465534465534466
PHL-HVN,518,-11.472868217054264,9.45945945945946
LWS-SLC,2994,2.185828877005348,9.452237808951235
SLC-LWS,2995,-1.4330761489433077,9.449081803005008
HIB-MSP,2985,-2.4086490110626886,9.447236180904522
BRO-IAH,1474,-1.558723693143245,9.430122116689281
LIT-STL,2779,-2.6594672426205905,9.427851745232099
GPT-IAH,638,-2.8078740157480313,9.404388714733543
LEX-ATL,10310,-3.6311188811188813,9.398642095053345
KOA-OAK,1672,-7.530856800479329,9.389952153110048
TYS-MSP,533,-6.298311444652908,9.380863039399625
GTR-ATL,4425,-5.18397827562797,9.378531073446329
OGG-DEN,1847,-4.851771117166212,9.36654033567948
ICT-ATL,4789,-2.2439891281622413,9.354771351012738
SUN-SLC,4155,1.6117533718689787,9.338146811070999
TLH-ATL,8735,-2.613287514318442,9.33028048082427
LSE-MSP,2236,-3.872930648769575,9.30232558139535
SLC-RDM,3763,-1.6141333333333334,9.301089556205156
SLC-BTM,3129,-4.104771115409413,9.300095877277085
ATL-MDT,4410,-3.3278800272665303,9.297052154195011
SFO-STS,638,13.926332288401253,9.247648902821316
GUM-HNL,1807,-3.286109573879358,9.241837299391257
DTW-DAY,2483,-3.7436517533252722,9.222714458316553
WYS-SLC,1247,1.6733708769106999,9.222133119486768
DAY-PHL,1703,-5.510575793184489,9.219025249559602
ICT-MSP,2383,-3.48781512605042,9.190096516995384
SNA-CLT,567,9.948214285714286,9.171075837742503
MCI-DTW,6284,-1.5387677121477472,9.16613621896881
ITO-OGG,1702,1.8425381903642772,9.16568742655699
OMA-SLC,4021,-2.5976581963129046,9.151952250683909
SLC-SUN,4213,-2.762111352133044,9.138381201044385
RDM-SLC,3758,-0.8180122568611777,9.100585417775413
DBQ-ORD,1451,-7.031034482758621,9.097174362508614
SLC-TWF,3364,-0.7834128878281623,9.096313912009514
ITH-DTW,1168,-4.863869863013699,9.075342465753424
SLC-GJT,2139,-1.5868039307440336,9.069658719027583
IAH-TYS,556,-8.16245487364621,8.992805755395683
SLC-SGU,6795,-3.0528023598820058,8.991905813097866
MEM-BOS,1304,-4.640276710222905,8.97239263803681
OKC-ATL,9580,-3.609628466771324,8.96659707724426
TUL-SLC,3359,-2.6222817992254988,8.96100029770765
SLC-FAT,5736,-3.0871311332285662,8.943514644351465
BHM-ATL,13208,-3.4884108468413877,8.941550575408844
IAH-GPT,640,-1.513302034428795,8.90625
FCA-SLC,5772,-1.77315296566077,8.905058905058905
GSO-ATL,11214,-4.2113857410546975,8.872837524522918
DSM-DTW,4225,-4.388388625592417,8.85207100591716
SLC-MSO,5483,-3.429382670818831,8.845522524165602
ICT-STL,2984,-5.6683433936955065,8.81367292225201
SAT-IAD,2674,-4.210033695245227,8.788332086761406
MYR-ATL,7262,-3.8285044150110377,8.757917928945194
SAT-MCI,641,-4.1796875,8.736349453978159
OGG-PHX,3337,-4.386281588447654,8.720407551693137
MFR-SLC,3700,-2.0121786197564275,8.675675675675675
SJC-MSP,1456,-2.9662301860785667,8.653846153846153
BIL-SLC,5270,-2.941533788914199,8.633776091081593
TUS-ATL,3436,-4.196267133275008,8.556461001164143
ONT-SLC,6470,-1.2789978348283328,8.547140649149924
SEA-ICT,632,-5.312202852614897,8.544303797468354
MFR-PDX,1127,-1.2910381543921916,8.518189884649512
MKE-MCI,693,-3.3766233766233764,8.513708513708513
AEX-IAH,518,-12.736943907156673,8.494208494208493
TUS-PDX,860,-4.008149010477299,8.488372093023255
LIH-PHX,1685,4.065437239738251,8.486646884272997
BTM-SLC,3125,-7.24032,8.48
GTF-SLC,4841,-2.883971044467425,8.46932451972733
PNS-ATL,11962,-3.1366641559963178,8.468483531182077
OAJ-ATL,4802,-2.4254742547425474,8.454810495626822
STS-SFO,639,-0.37715179968701096,8.450704225352112
LRD-IAH,618,-9.59643435980551,8.414239482200648
MSN-ATL,4702,-6.603665033027914,8.400680561463208
IDA-SLC,5935,-1.4486012807549713,8.357203032855939
LIH-SFO,2551,-4.381083202511774,8.310466483731869
HSV-ATL,10385,-5.471970718551339,8.271545498314877
KOA-PHX,1855,3.511627906976744,8.247978436657682
FAT-SLC,5732,-2.4916201117318435,8.199581297976273
SLC-EKO,2297,1.1314060446780552,8.184588593818024
IND-SLC,514,-6.038986354775829,8.171206225680933
AMA-AUS,808,-3.7335811648079305,8.16831683168317
PSC-SLC,5093,-1.6082170237861215,8.168073826821127
CAE-ATL,10763,-4.096207473508087,8.129703614233948
TYS-ATL,12594,-6.0279698053237984,8.107035096077498
PDX-MSP,6161,-4.050886034791091,8.099334523616296
SLC-CPR,2352,-1.169722814498934,8.078231292517007
SJC-ATL,2644,-6.2693474962063735,8.018154311649017
OKC-MSP,2285,-4.197720298114862,8.00875273522976
KOA-DEN,1516,-5.276158940397351,7.981530343007916
EUG-SLC,3785,-1.329187615771368,7.952443857331572
TYS-IAH,554,-8.161524500907442,7.9422382671480145
GTF-MSP,1197,-2.258361204013378,7.936507936507936
RAP-SLC,668,-3.461077844311377,7.934131736526946
HVN-PHL,518,-3.1312741312741315,7.915057915057915
MEM-SLC,1591,-4.9490245437382,7.856693903205531
DTW-EVV,994,-8.376636455186304,7.847082494969819
SLC-CNY,650,-6.040247678018575,7.846153846153846
GSP-ATL,15233,-5.34752052545156,7.805422438127748
ABQ-SLC,5125,-3.7938707788405233,7.785365853658536
LIH-LAS,1094,-8.463728191000918,7.769652650822668
SLC-GTF,4842,-4.795449844881076,7.765386204047914
SGU-SLC,6793,-3.7944338094536887,7.713823053142941
TWF-SLC,3421,-3.4669590643274852,7.687810581701257
TUL-STL,2771,-6.17971851317214,7.68675568386864
EKO-SLC,2297,3.3067538126361655,7.531562908141054
SLC-PIH,3323,-3.6068736810370816,7.523322299127294
DAY-DTW,2481,-5.690850463522773,7.456670697299477
DAY-ATL,6109,-7.829511955453652,7.448027500409232
IAH-LRD,618,-6.13452188006483,7.443365695792881
CDC-SLC,2894,-4.246281563472847,7.394609536973047
KOA-LAS,1056,-8.355851569933396,7.386363636363637
KOA-LIH,1409,0.41536273115220484,7.310149041873669
ABQ-MSP,552,-4.215579710144928,7.246376811594203
SJC-RNO,1378,-5.932412790697675,7.184325108853411
GJT-SLC,2142,-1.5056022408963585,7.142857142857142
HLN-SLC,3703,-3.8619665045921123,7.129354577369701
PSP-SLC,4892,-2.684145841868087,7.093213409648405
ABQ-OAK,1548,-4.70071105365223,7.041343669250646
TUS-SLC,5495,-5.150455373406193,6.9881710646041855
TYS-DTW,3220,-8.452507007162877,6.801242236024844
SJC-ORD,1062,-5.662251655629139,6.779661016949152
CNY-SLC,650,-5.886153846153846,6.769230769230769
EVV-DTW,993,-7.381671701913394,6.747230614300101
PSC-MSP,1622,-4.960542540073983,6.7200986436498145
SLC-HLN,3702,-5.790357529794149,6.4289573203673696
LIH-DEN,1468,-10.335611756664388,6.4032697547683926
LBB-AUS,1143,-5.2024539877300615,6.386701662292213
PIH-SLC,3325,-5.350782190132371,6.255639097744361
SPN-GUM,1631,-6.08645003065604,6.131207847946046
TUS-MDW,1094,-6.846507352941177,5.941499085923217
GUM-SPN,1631,-7.133128834355828,4.353157572041693
