route,flights,avg_arr_delay,pct_delayed
EYW-DFW,525,53.851351351351354,45.14285714285714
SJU-BDL,980,30.00204918032787,42.95918367346939
SJU-PHL,1413,28.221667854597293,41.54281670205237
BDL-SJU,981,28.72114402451481,40.77471967380224
DFW-GEG,680,34.76141384388807,40.14705882352941
DFW-BDL,576,21.612173913043478,39.75694444444444
CLT-SFO,1603,22.391113892365457,39.550842170929506
SAN-SFO,6266,21.249358974358973,39.083945100542614
DFW-MSN,1048,26.97323135755258,38.83587786259542
MIA-SFO,1504,22.68942436412316,38.630319148936174
DFW-CAE,709,36.294200848656295,38.5049365303244
DFW-SFO,3997,21.371964956195242,37.50312734550913
DFW-PBI,1104,24.09090909090909,37.5
JFK-BQN,618,14.715909090909092,37.055016181229774
PHL-SJU,1419,19.92569002123142,36.8569415081043
MIA-SAN,551,25.43302752293578,36.84210526315789
ASE-IAH,610,29.582089552238806,36.55737704918033
PSP-SFO,2269,19.410928476232787,36.40370207139709
DFW-BUF,504,20.94621513944223,36.11111111111111
DFW-RSW,1289,20.318040435458787,36.074476338246704
DFW-DSM,1197,25.805857740585775,36.00668337510442
DFW-MKE,1229,25.544489795918366,35.72009764035802
LAS-SFO,5675,18.049585318510676,35.41850220264317
DFW-FAT,1408,19.153627311522047,35.15625
ORD-HSV,725,19.13278008298755,34.89655172413793
DFW-SAV,967,24.805815160955348,34.74663908996898
MIA-CLE,649,14.830508474576272,34.20647149460709
DFW-MSY,2962,19.735184558076533,34.19986495611074
DFW-SAT,4439,22.329276538201487,33.9716152286551
DFW-GRR,1108,23.806684733514,33.935018050541515
DFW-EYW,527,31.473076923076924,33.776091081593925
CLT-MSN,948,18.75,33.755274261603375
DFW-SMF,1742,19.349425287356322,33.582089552238806
SEA-SFO,6513,15.218980343980345,33.578995854444955
CLT-SEA,1305,20.524615384615384,33.486590038314176
PHX-SFO,4736,17.17712957091524,33.38260135135135
MIA-IND,797,18.295226130653266,33.37515683814304
DFW-MCO,4834,19.99979253112033,33.367811336367396
SNA-SFO,4226,16.07745307674032,33.293894936109794
DFW-BNA,3482,19.48849913743531,33.2854681217691
FLL-PIT,1148,16.604366812227074,33.27526132404181
DEN-SFO,5482,15.496439656746395,33.272528274352425
DFW-TYS,1411,18.552164655784246,33.238837703756204
DFW-BOI,816,14.019607843137255,33.21078431372549
DFW-ECP,1043,21.95,33.17353787152445
BOS-SJU,2014,18.288413724515166,33.16782522343595
MDW-SEA,586,13.280276816608996,33.105802047781566
BUR-SFO,3072,15.716154349247875,33.04036458333333
BNA-SFO,600,16.442404006677798,32.83333333333333
DFW-CID,967,29.06054279749478,32.7817993795243
LAX-SFO,11422,14.929675153643547,32.77884783750656
PDX-SFO,3525,16.29732802728823,32.76595744680851
DFW-SAN,3463,18.592871631411185,32.746173837712966
DFW-PDX,2471,17.67234387672344,32.699312019425335
PHL-SEA,1037,12.399419729206963,32.690453230472514
SEA-PHL,1038,12.091876208897485,32.65895953757225
FLL-AUS,972,14.661506707946337,32.61316872427983
DFW-GSO,908,17.52375690607735,32.59911894273127
DFW-BWI,1548,15.304347826086957,32.55813953488372
PNS-DFW,1705,28.7677304964539,32.55131964809384
CLT-PHL,3909,23.102715163934427,32.540291634689176
BWI-SEA,582,10.986230636833046,32.47422680412371
SLC-SFO,3368,14.68192627824019,32.4228028503563
DFW-OMA,1500,18.63903743315508,32.4
DFW-RIC,977,15.127179487179488,32.3439099283521
RDU-SJU,567,21.058407079646017,32.27513227513227
SJU-DFW,935,22.187224669603523,32.19251336898395
DFW-RDU,2141,22.26451310861423,32.1345165810369
MDW-IAH,595,12.984797297297296,32.10084033613445
CLT-SAT,1399,16.618090452261306,32.0228734810579
DFW-CVG,1837,17.019083969465647,31.954273271638538
GRR-DFW,1108,20.977334542157752,31.949458483754512
DFW-PNS,1703,21.97877358490566,31.943628890193775
CLT-PWM,735,22.01510989010989,31.83673469387755
IAH-ASE,622,22.776649746192895,31.832797427652732
PBI-DFW,1104,26.21747042766151,31.793478260869566
IAH-CVG,567,18.320987654320987,31.746031746031743
DFW-LAS,6065,17.99372730274018,31.70651277823578
MIA-LAS,1515,16.85572468563865,31.683168316831683
CLT-EWR,3776,20.061652936486844,31.673728813559322
SFO-LAS,5675,16.853817668841476,31.665198237885463
TUS-SFO,856,21.73450292397661,31.6588785046729
CLT-DCA,3229,18.4044734389562,31.650665840817588
EYW-CLT,1396,24.466425992779783,31.590257879656157
MIA-TPA,2529,20.53401898734177,31.435349940688017
CLT-CLE,1855,21.164058283864005,31.428571428571427
DFW-SJU,940,15.098290598290598,31.382978723404253
MSY-SFO,524,21.65583173996176,31.297709923664126
JAC-DFW,611,56.27138157894737,31.260229132569556
ORD-COU,576,17.07304347826087,31.25
FLL-MCI,573,12.109947643979057,31.239092495637
ORD-AVP,522,16.92528735632184,31.226053639846747
RSW-DFW,1288,23.376755070202808,31.211180124223603
CLT-BWI,3280,17.334351145038166,31.1890243902439
MCO-SAN,558,16.60431654676259,31.182795698924732
CLT-DSM,716,18.91994382022472,31.145251396648042
ORD-FNT,819,20.154034229828852,31.135531135531135
DEN-MIA,2429,17.985956216439487,31.12391930835735
FLL-RDU,1405,18.7209136331192,31.103202846975087
DFW-ABQ,2399,19.258563074352548,31.0962901208837
LAX-ASE,1138,22.206703910614525,31.019332161687167
FLL-RIC,907,14.613686534216335,30.98125689084895
MIA-MSY,1770,18.412464589235128,30.96045197740113
ORD-LIT,1276,14.026004728132389,30.956112852664575
IAH-OMA,540,19.7012987012987,30.925925925925924
FLL-CMH,1074,16.193097014925375,30.91247672253259
DFW-MIA,4908,17.634914145543746,30.90872045639772
FLL-DFW,2990,18.541905082463817,30.903010033444815
CLT-OKC,809,13.987623762376238,30.902348578491967
MIA-SDF,502,17.794820717131476,30.87649402390438
ASE-ORD,931,22.519736842105264,30.82706766917293
RNO-SFO,1415,18.431914893617023,30.812720848056536
CLT-CID,546,23.359633027522936,30.76923076923077
MIA-SEA,764,12.479002624671915,30.759162303664922
BWI-SYR,622,11.951690821256038,30.70739549839228
STX-MIA,622,38.93225806451613,30.70739549839228
CAE-DFW,707,24.918803418803417,30.693069306930692
CLT-SYR,1195,17.578859060402685,30.627615062761503
MCO-PDX,503,14.646706586826348,30.61630218687873
AVL-DFW,572,30.46099290780142,30.594405594405593
DFW-CLE,1641,15.73947528981086,30.591102985984154
CLT-RDU,3651,18.748972321183885,30.56696795398521
DFW-TPA,2880,17.540766550522648,30.486111111111114
DFW-MFE,2624,18.91828942344406,30.41158536585366
DFW-PHX,5135,18.734152525843573,30.399221032132424
FLL-MSY,1443,14.126476719944407,30.353430353430355
BWI-SJU,1315,12.299542682926829,30.342205323193916
FLL-ORD,2950,19.41420319401971,30.338983050847457
MIA-CHS,775,19.97935483870968,30.32258064516129
ORD-SFO,4897,13.104746317512275,30.28384725342046
MIA-RDU,2352,19.654878568385172,30.272108843537417
CLT-JAX,2286,18.78415061295972,30.271216097987754
MIA-DFW,4910,17.753018211581747,30.26476578411405
ORD-ASE,965,17.58114035087719,30.259067357512954
CLT-AVP,1055,18.61216730038023,30.23696682464455
MSY-DFW,2966,23.267971650354372,30.209035738368172
STL-SFO,500,10.298,30.2
DSM-DFW,1196,24.603694374475232,30.183946488294318
DFW-JAX,1964,17.14525993883792,30.14256619144603
SAN-MRY,584,11.68630849220104,30.136986301369863
IAD-JFK,695,15.722302158273381,30.071942446043167
BWI-BUF,1673,12.521556886227545,30.06575014943216
ORD-ICT,1566,14.042893725992318,30.01277139208174
CLT-LGA,5919,17.24800543201494,29.971278932252073
CLT-TPA,3710,15.819016747703945,29.946091644204852
CLT-LIT,1169,15.753213367609254,29.94011976047904
DFW-SJC,1316,11.529680365296803,29.93920972644377
CLT-MKE,1033,19.07385811467444,29.912875121006778
CLT-SDF,2026,18.30252100840336,29.911154985192496
MIA-BOS,3733,15.508060182697475,29.895526386284487
MCO-DAL,2636,13.134044173648133,29.893778452200305
SFO-SAN,6248,13.478086370203885,29.88156209987196
LAS-SAN,6742,12.660127805023034,29.85760901809552
CLT-IND,1849,15.187533875338753,29.853975121687398
ORD-CAK,1052,16.440114068441066,29.84790874524715
AVL-FLL,617,21.831973898858074,29.821717990275527
DFW-FSD,893,18.55095184770437,29.78723404255319
ONT-SFO,1465,12.644125683060109,29.761092150170647
STS-SAN,706,13.770981507823613,29.745042492917843
DFW-ELP,2978,15.959663865546219,29.71793149764943
DFW-FLL,2983,15.696308724832214,29.70164264163594
DFW-CHS,1216,15.252059308072488,29.6875
DFW-GSP,1179,16.756802721088434,29.686174724342663
EGE-DFW,893,23.367117117117118,29.67525195968645
MCO-DFW,4834,17.691109264644787,29.664873810508897
FLL-SFO,1480,13.358747447243022,29.662162162162165
FLL-IND,1141,14.233333333333333,29.623137598597722
BOS-PBI,1976,13.309294057897409,29.605263157894733
DFW-IND,1853,16.49486763911399,29.573664328116568
DFW-PHL,3473,15.428571428571429,29.570976101353295
MCO-HPN,1299,20.468167701863354,29.561200923787528
CLT-CVG,2220,16.296663660955815,29.549549549549546
IAH-SMF,552,16.682395644283122,29.528985507246375
SAN-HNL,1650,10.522727272727273,29.515151515151516
RDM-SFO,1085,21.067405355494,29.493087557603687
CLT-MCO,5311,16.978318250377075,29.485972509885144
PHX-TPA,987,15.138211382113822,29.48328267477204
RIC-MCO,879,14.580756013745704,29.465301478953354
MIA-MCO,3669,18.933114933114933,29.463068956118832
ORD-TVC,1379,16.846768336964416,29.441624365482234
DFW-JAC,612,17.306291390728475,29.411764705882355
CLT-FLL,3550,16.008754589099123,29.408450704225352
STT-CLT,613,25.8347245409015,29.363784665579118
DFW-TUS,2261,17.021691013722887,29.32330827067669
AUS-RDU,1375,16.74471188913202,29.309090909090905
MSN-DFW,1048,26.836852207293667,29.293893129770993
MDW-PDX,601,10.927852348993289,29.28452579034942
BET-ANC,718,12.032033426183844,29.247910863509752
DFW-AUS,4827,16.861618257261412,29.1692562668324
SEA-JNU,1595,9.72544080604534,29.153605015673982
CLT-BDL,1857,14.932650862068966,29.133010231556273
FLL-AVL,618,20.677471636952998,29.126213592233007
DFW-MEM,2524,15.93851646172154,29.120443740095087
DFW-CLT,4102,15.351404151404152,29.10775231594344
DFW-EGE,898,25.494949494949495,29.06458797327394
DEN-ORF,554,14.882032667876588,29.061371841155236
DAL-SAN,1479,11.28348062542488,29.006085192697768
ORD-PHL,4476,19.54948499776086,28.99910634495085
MIA-AUS,1801,15.990529247910864,28.98389783453637
MIA-IAH,3263,17.268450184501845,28.961078761875577
ATL-SFO,3097,11.430789133247089,28.931223764933804
ECP-DFW,1041,23.603281853281853,28.914505283381363
FLL-LAS,882,9.124858115777526,28.91156462585034
CLT-BUF,1249,15.8125,28.903122497998403
SAN-SAT,654,12.295107033639145,28.899082568807337
DEN-RIC,665,13.146525679758309,28.87218045112782
DAL-TPA,1306,15.422546012269938,28.866768759571208
DFW-MCI,2508,16.831334932054357,28.827751196172247
DEN-BOS,3749,13.18673087212413,28.80768204854628
PHL-PBI,1615,15.267868241143567,28.792569659442723
BWI-CLE,990,12.611336032388664,28.78787878787879
DFW-VPS,1364,16.882916053019144,28.739002932551323
MIA-STL,950,14.160337552742616,28.73684210526316
DSM-CLT,717,27.38268156424581,28.730822873082285
MDW-SMF,620,9.118506493506494,28.70967741935484
BWI-ALB,1658,10.554078549848942,28.70928829915561
FLL-ATL,7608,15.85576923076923,28.66719242902208
BWI-MCI,848,10.325059101654846,28.655660377358487
BOS-RSW,2178,9.491236162361623,28.650137741046834
DFW-SEA,4916,12.435190855276588,28.641171684296175
FLL-BOS,3111,14.084057971014493,28.640308582449375
CLT-SGF,1278,10.887666928515317,28.638497652582164
IAH-STL,734,15.665757162346521,28.610354223433244
MIA-JAX,1853,18.398273070696167,28.602266594711278
ACV-SFO,1028,21.1147859922179,28.599221789883266
CLT-GRR,1056,11.998100664767332,28.59848484848485
CLT-ROC,1063,18.520302171860244,28.598306679209784
ORD-COS,591,11.414965986394558,28.59560067681895
BNA-DFW,3477,22.294575879976918,28.587863100373884
MIA-ATL,6619,16.981845688350983,28.554162260160144
AVL-DCA,564,14.491978609625669,28.54609929078014
EWR-SFO,3921,13.489530132788559,28.538638102524867
EWR-SJU,2222,14.360108303249097,28.532853285328535
FLL-DAL,772,14.305591677503251,28.497409326424872
DCA-PNS,902,16.318534961154274,28.492239467849224
CLT-MEM,1942,14.663575476558474,28.475798146240987
IAH-RSW,787,15.157961783439491,28.46251588310038
CLT-AUS,1888,11.916622411046204,28.44279661016949
CLT-XNA,1540,13.891205211726385,28.44155844155844
ATW-ORD,1816,19.94273127753304,28.41409691629956
PBI-BOS,1968,14.927263479145473,28.40447154471545
CLT-SAN,1613,11.423316708229427,28.394296342219466
IAH-DFW,5112,19.789659224441834,28.38419405320814
CLT-DFW,4094,13.92685321551301,28.382999511480218
RSW-PHL,1339,18.725914861837193,28.37938760268857
CLT-RSW,1963,15.855901890648953,28.37493632195619
DFW-IAH,5102,17.628436763550667,28.36142689141513
BOS-FLL,3121,12.477645545191379,28.35629605895546
PBI-PHL,1612,22.907510862818125,28.34987593052109
MCO-SFO,1129,11.932504440497336,28.3436669619132
CLT-ALB,1193,18.572268907563025,28.331936295054483
DFW-ONT,2360,15.342094107672743,28.30508474576271
DFW-PSP,1007,14.492537313432836,28.30188679245283
DFW-BOS,4007,14.587690768076056,28.300474170202143
SBA-SFO,1159,17.503454231433505,28.30025884383089
HHH-CLT,948,9.434920634920635,28.270042194092827
CLT-DEN,2886,12.381167477414872,28.23977823977824
TPA-DFW,2876,19.005950297514875,28.2336578581363
MIA-DEN,2427,17.095415117719952,28.224145035022662
TPA-SFO,560,12.250450450450451,28.214285714285715
DFW-LAX,6931,13.580337808575141,28.206607993074595
ORD-CID,2036,14.68327577701036,28.192534381139488
MDW-SJC,564,8.980357142857143,28.191489361702125
IAH-JAX,862,13.908246225319395,28.190255220417633
TPA-SEA,984,7.166666666666667,28.15040650406504
CLT-VPS,1162,17.385615251299825,28.141135972461274
FLL-MCO,1269,12.081954294720251,28.132387706855795
MIA-BHM,672,9.175595238095237,28.125
CLT-IAH,2574,16.50390015600624,28.088578088578085
ORD-CMI,645,15.297674418604652,28.06201550387597
JFK-SJU,3689,12.178513293543137,28.05638384386012
ORD-FAR,1718,18.6707530647986,28.055878928987195
IAH-SFO,3098,14.591863093316112,28.05035506778567
DFW-SLC,3945,17.565846231920833,28.010139416983527
IAH-MIA,3252,15.789636027143738,27.982779827798275
MCO-SDF,940,14.831914893617022,27.97872340425532
MIA-LAX,3496,14.51103468042419,27.974828375286044
CLT-MDW,808,9.997512437810945,27.970297029702973
BOS-MCO,4749,12.346308440871589,27.9216677195199
SJU-CLT,1100,21.26923076923077,27.90909090909091
CLT-PIT,1918,15.17318727177882,27.89363920750782
IAH-RDU,850,12.90341578327444,27.88235294117647
SAV-DFW,965,23.212278876170657,27.875647668393782
DFW-DEN,6080,15.652818991097924,27.861842105263158
ATL-DFW,6415,16.579351402161993,27.856586126266563
CLT-RIC,2734,18.00183284457478,27.834674469641552
ASE-DFW,1089,17.514842300556587,27.823691460055095
MIA-PHX,1747,14.565442020665902,27.819118488838008
ORD-CMX,698,22.63005780346821,27.793696275071632
ORD-CRW,911,15.631346578366445,27.771679473106474
DEN-BHM,1077,8.62453531598513,27.762302692664807
DFW-BUR,717,12.415384615384616,27.754532775453278
CRW-ORD,908,20.52212389380531,27.75330396475771
CLT-CMH,2026,15.0,27.73938795656466
CLT-PVD,1569,18.206389776357828,27.724665391969406
ORF-MCO,736,15.33242506811989,27.717391304347828
FLL-PHL,2487,16.472624798711756,27.70406111781263
MIA-JFK,5372,15.250606456428438,27.699180938198065
SAN-FAT,1004,12.161515453639083,27.689243027888445
MIA-PIT,679,13.19440353460972,27.68777614138439
DFW-ORF,968,15.402489626556017,27.685950413223143
AUS-FLL,969,11.469917012448132,27.657378740970074
DEN-JAX,922,11.36304347826087,27.65726681127983
BNA-CLT,3624,16.982872928176796,27.64900662251656
RSW-BOS,2175,15.632718894009217,27.632183908045977
MIA-PHL,3073,15.215890589384566,27.62772534982102
LAS-OMA,1144,8.467954345917471,27.62237762237762
DFW-RNO,1307,12.142307692307693,27.620504973221117
SAN-MCO,565,8.978685612788633,27.61061946902655
CLT-CAK,1275,15.984301412872842,27.6078431372549
ATL-MIA,6623,16.974708465848856,27.600785142684586
BWI-BDL,1674,10.426778242677825,27.598566308243726
CMX-ORD,700,17.759656652360515,27.57142857142857
OMA-DFW,1498,15.473543201607502,27.570093457943923
SDF-CLT,2024,17.21622958931222,27.56916996047431
EWR-MCI,555,9.517179023508138,27.56756756756757
DAL-BHM,922,12.77765726681128,27.54880694143167
ASE-LAX,1089,18.166820276497695,27.548209366391184
DFW-STL,2345,14.112724167378309,27.547974413646052
SFO-DFW,3997,15.489073097211756,27.52064048036027
AVL-CLT,2043,15.118079372856442,27.508565834557025
AUS-SMF,549,10.067395264116575,27.504553734061933
MCO-PHL,5454,15.487975032127776,27.502750275027505
DCA-BGR,935,12.154340836012862,27.48663101604278
ORD-ATW,1823,18.22222222222222,27.48217224355458
SAT-DFW,4434,18.994579945799458,27.46955345060893
LIT-DFW,2938,16.55672913117547,27.467665078284547
ORD-MLI,1170,15.05222602739726,27.435897435897438
LIT-ORD,1277,17.137686860739574,27.4079874706343
IND-FLL,1135,13.735865724381625,27.400881057268723
PBI-ORD,968,19.989648033126294,27.37603305785124
SAN-HOU,833,11.031363088057901,27.370948379351738
STL-FLL,881,12.831626848691695,27.355278093076052
MEM-DFW,2527,15.86935866983373,27.34467748318164
DEN-OAK,1856,9.482740021574973,27.316810344827587
PBI-JFK,2080,13.71710843373494,27.307692307692307
IAH-CMH,608,16.96540362438221,27.302631578947366
DEN-LBB,674,11.655223880597015,27.299703264094955
ATL-MCO,8790,15.078668338843917,27.29237770193402
DCA-HPN,1273,17.674015748031497,27.258444619010213
ORD-SBN,1938,15.571059431524548,27.24458204334365
DEN-FLL,1549,9.17000646412411,27.24338282763073
CLT-PNS,2060,14.613735996103264,27.233009708737864
ORD-MKE,2534,16.76451995258791,27.229676400947117
MSY-AUS,1528,10.87221494102228,27.225130890052355
EWR-IAD,1327,14.408301886792453,27.20422004521477
SAN-AUS,1960,9.353932584269662,27.193877551020407
RDU-DCA,2671,11.98948948948949,27.180831149382257
STT-SJU,740,13.501355013550135,27.16216216216216
DFW-EWR,3483,14.705576422999133,27.160493827160494
MCO-BQN,906,11.196902654867257,27.1523178807947
LAS-TPA,943,9.775053304904052,27.1474019088017
MIA-MDW,792,14.60864040660737,27.146464646464647
IAD-EWR,1323,15.44553706505295,27.13529856386999
BWI-DFW,1541,17.110893672537507,27.125243348475014
ORD-JFK,2706,14.370644922164566,27.12490761271249
FLL-BDL,789,13.512040557667934,27.122940430925226
MCO-HOU,2028,11.549281822684497,27.120315581854044
EWR-ROC,520,11.696153846153846,27.115384615384613
SJU-RDU,568,15.280918727915195,27.11267605633803
JFK-PBI,2073,10.977734753146176,27.110467920887604
AUS-BOS,1428,15.825842696629213,27.100840336134453
JFK-FLL,3820,10.450315457413248,27.094240837696336
SDF-MIA,502,21.11354581673307,27.091633466135455
MCO-AUS,2728,10.87559633027523,27.089442815249264
SEA-BUR,1521,7.116479152878888,27.087442472057855
CLT-PBI,2016,13.81781981085117,26.984126984126984
BWI-ISP,1249,10.612179487179487,26.98158526821457
FLL-CLE,1038,10.689788053949904,26.97495183044316
CRW-CLT,1083,13.895467160037002,26.96214219759926
DFW-SDF,2126,12.703389830508474,26.952022577610535
BWI-ROC,1106,9.454298642533937,26.94394213381555
BWI-CLT,3281,13.334249923617476,26.94300518134715
PHL-SFO,1381,8.975254730713246,26.937002172338886
ASE-DEN,2677,14.201271979049757,26.9331341053418
IAH-MCI,509,17.72244094488189,26.91552062868369
CLT-BNA,3631,12.752895752895753,26.907188102451112
FLL-SJU,2386,10.00083857442348,26.906957250628665
BWI-PWM,1253,9.490807354116706,26.895450917797287
HSV-DCA,1387,16.687726942628903,26.892573900504686
BWI-ORF,1529,8.396596858638743,26.880313930673644
BWI-MSY,1161,8.922279792746114,26.873385012919897
MDW-LAX,1362,7.373422420193021,26.87224669603524
DFW-TUL,3075,14.723778501628665,26.86178861788618
ORD-MSP,5942,12.603977081226828,26.859643217771794
MSP-SFO,1925,6.058333333333334,26.857142857142858
CLT-STL,1981,13.094492167761496,26.855123674911663
MIA-EWR,4067,13.686589281304025,26.850258175559382
MIA-DCA,3838,10.988222978277937,26.83689421573736
MIA-LGA,5547,11.497273718647765,26.80728321615288
GEG-DFW,679,22.739910313901344,26.804123711340207
CLT-ORD,4485,12.891173184357543,26.800445930880713
IAH-TUS,556,14.367567567567567,26.798561151079138
MKE-DFW,1224,18.919275123558485,26.797385620915033
SFB-TYS,616,10.607142857142858,26.785714285714285
SJU-ORD,1191,10.890691716481639,26.78421494542401
BWI-MKE,885,9.835028248587571,26.779661016949152
AUS-SNA,706,11.223796033994335,26.770538243626063
FLL-MYR,557,13.055655296229803,26.750448833034113
IAH-ICT,602,17.28405315614618,26.744186046511626
FLL-IAH,2563,12.912754303599375,26.726492391728446
MCO-PIT,2335,10.470588235294118,26.723768736616705
SYR-CLT,1194,15.128355704697986,26.716917922948074
BZN-DFW,700,29.48414985590778,26.71428571428571
MCO-MEM,809,12.38566131025958,26.699629171817058
CLT-LAX,2948,11.994565217391305,26.696065128900948
MIA-BNA,2481,15.178802588996763,26.68278919790407
ORD-DFW,6435,14.153497813866334,26.65112665112665
BOS-PDX,657,6.307926829268292,26.636225266362253
SAN-LAS,6653,12.774770711171252,26.63460093191042
CLT-SJU,1101,17.037340619307834,26.612170753860127
SEA-ANC,7516,6.321390516782099,26.609898882384247
CLE-PHL,1218,16.21264367816092,26.60098522167488
HSV-ORD,722,16.803051317614425,26.59279778393352
SEA-OAK,2242,8.295850066934404,26.583407671721677
DEN-SBP,730,11.947148817802503,26.575342465753426
DFW-CMH,1690,14.039762611275965,26.568047337278106
SAN-STS,704,9.35,26.5625
CLT-MSY,1834,13.421627525942109,26.553980370774266
ORD-SAT,1416,10.251946213729653,26.55367231638418
MCO-SAT,1175,10.40153452685422,26.553191489361698
DFW-PIT,1514,14.104566512243547,26.55217965653897
SEA-FAI,2309,6.177797051170859,26.548289302728456
CLT-BTV,716,10.873772791023843,26.536312849162012
BWI-HOU,1376,7.666422823701536,26.526162790697676
AVL-ORD,1086,12.040778498609823,26.519337016574585
BOI-SFO,1471,11.429158110882957,26.512576478586
HOU-MIA,668,11.378378378378379,26.497005988023954
CLT-SRQ,1737,16.208429561200923,26.482440990213014
CLT-JFK,3512,14.637115165336374,26.480637813211843
MIA-CLT,3588,14.210055865921788,26.477146042363437
ORD-CHO,627,10.456869009584665,26.475279106858054
JFK-MCO,4491,9.20656543099598,26.475172567356935
BOS-SFO,4403,5.672134882661198,26.45923234158528
TPA-CVG,953,15.227701993704093,26.442812172088143
FLL-HPN,972,12.26839378238342,26.440329218106996
FLL-ACY,575,8.945898778359512,26.43478260869565
MSN-CLT,946,19.437632135306554,26.42706131078224
IAH-AUS,2165,14.370781322237633,26.420323325635103
BWI-CMH,1094,11.241758241758241,26.416819012797077
DFW-MDW,534,14.155430711610487,26.40449438202247
SEA-SAT,629,6.225755166931638,26.391096979332275
AUS-SFO,1952,13.109799897383274,26.383196721311474
MSY-LAS,1036,8.08695652173913,26.351351351351347
CLT-ORF,2668,15.785204656402554,26.349325337331337
ORD-EWR,5968,12.256897711978466,26.340482573726543
CLT-ILM,2791,12.954414931801866,26.334647079899675
RIC-DFW,976,16.696813977389517,26.331967213114755
FLL-CHS,623,11.271268057784912,26.324237560192614
CLT-OMA,813,14.35960591133005,26.322263222632223
FLL-BWI,3816,10.778273419050118,26.310272536687627
DEN-MFR,730,10.94896551724138,26.301369863013697
MCO-MCI,1692,10.81020166073547,26.300236406619387
DAL-MCO,2639,11.620007607455307,26.29784009094354
SJU-BOS,2134,13.225047080979284,26.288659793814436
SAN-DAL,1514,12.184298070525616,26.28797886393659
CLT-BOS,5140,12.107344632768362,26.284046692607006
FLL-JFK,3825,13.679433368310598,26.27450980392157
BWI-PIT,1070,9.163551401869158,26.261682242990652
EWR-ORD,5956,11.640356782228206,26.259234385493617
SJU-EWR,2210,13.989076012744652,26.244343891402718
AGS-CLT,992,19.58467741935484,26.209677419354836
STT-JFK,538,14.9106463878327,26.20817843866171
MDW-ALB,710,9.394625176803395,26.197183098591548
DEN-TPA,3176,9.349336702463676,26.19647355163728
BWI-PHX,1123,5.292595896520964,26.179875333926983
BWI-PBI,1330,8.855312735493595,26.165413533834585
SAN-DFW,3459,18.78200290275762,26.16363110725643
LAS-FLL,883,11.896473265073947,26.160815402038505
CLT-SLC,914,10.34357848518112,26.148796498905906
RDU-CLT,3649,14.003015350877194,26.14414908194026
CAK-ORD,1052,17.723120837297813,26.140684410646386
MIA-SLC,551,11.147810218978103,26.13430127041742
FLL-SEA,873,9.047785547785548,26.11683848797251
DAL-SMF,556,7.827338129496403,26.07913669064748
IAH-BOS,1948,12.669757856774858,26.07802874743326
ORD-FLL,2954,13.39368206521739,26.066350710900476
IND-MIA,798,15.834170854271356,26.065162907268167
ORD-MBS,1036,11.655405405405405,26.061776061776058
BWI-RDU,1861,8.269644779332616,26.06125738850081
HPN-DCA,1278,17.20204402515723,26.056338028169012
MIA-STX,622,13.332797427652734,26.04501607717042
VPS-CLT,1156,19.40727902946274,26.038062283737023
CVG-CLT,2216,15.254520795660037,26.037906137184113
PHL-CVG,1264,14.951702296120349,26.02848101265823
CLT-MIA,3581,13.77634529147982,26.02624965093549
BWI-SAN,980,7.1915550978372815,26.02040816326531
BWI-RSW,1361,10.56364974245769,26.01028655400441
IAH-CLT,2558,14.939287113200157,25.99687255668491
GSO-DFW,908,14.597790055248618,25.991189427312776
CLT-HPN,1455,13.57033957033957,25.979381443298973
BWI-PVD,1840,9.984782608695653,25.97826086956522
MDW-OAK,639,5.21978021978022,25.978090766823158
LGA-PBI,2857,10.372060372060371,25.971298564928247
MIA-MSP,1263,12.122918318794607,25.96991290577989
CHO-ORD,624,16.576489533011273,25.961538461538463
MCO-ATL,8830,14.331595057249745,25.94563986409966
SEA-TPA,991,7.165650406504065,25.93340060544904
DFW-ORD,6439,12.18853225303833,25.904643578195376
CLT-PHX,3019,8.79628400796284,25.90261676051673
DFW-ATL,6417,13.815727882665003,25.899953249181863
PHL-ORF,726,18.466206896551725,25.895316804407713
LAS-MCO,1263,9.891183478951548,25.890736342042754
FNT-ORD,815,22.088452088452087,25.88957055214724
DFW-LEX,1043,13.478344562078922,25.886864813039313
JAX-DFW,1963,14.408717948717948,25.87875700458482
BWI-SAT,773,5.5519480519480515,25.873221216041397
CLT-LEX,2010,12.806178375685102,25.870646766169152
DEN-HNL,576,16.008802816901408,25.868055555555557
PHX-MSY,758,10.08454425363276,25.857519788918204
CLT-EYW,1404,15.909287257019438,25.85470085470086
ACT-DFW,1060,15.302830188679245,25.849056603773583
IAH-EWR,3669,12.327751852868515,25.838103025347507
CLT-CRW,1084,11.530989824236817,25.830258302583026
MCI-FLL,573,12.905759162303665,25.82897033158813
DEN-RDU,1874,8.712987707108498,25.827107790821774
MDW-MIA,792,15.705583756345177,25.757575757575758
DEN-ASE,2683,16.27399322544223,25.754752143123373
SGF-CLT,1278,19.71114599686028,25.7433489827856
ORD-FWA,1212,13.762613730355666,25.742574257425744
DTW-LAN,995,16.278391959798995,25.728643216080403
MIA-DTW,1621,11.117719950433704,25.724861196792105
TPA-AUS,1003,10.67032967032967,25.72283150548355
MDW-HOU,1739,5.91453488372093,25.704427832087408
CLT-TYS,2545,12.088443396226415,25.697445972495085
MDW-CLT,810,7.158415841584159,25.679012345679013
DEN-ICT,1745,11.158438576349024,25.673352435530084
SDF-DFW,2123,14.349716446124763,25.671219971738108
JFK-ROC,1664,9.459134615384615,25.661057692307693
CLE-TPA,1025,10.121212121212121,25.658536585365855
MKE-CLT,1034,19.243217054263567,25.62862669245648
TPA-DAL,1315,11.45912910618793,25.627376425855513
PHL-MCO,5462,11.124610020187191,25.613328451116807
ECP-CLT,1152,14.889276373147341,25.60763888888889
DEN-LAS,8078,9.480366654279697,25.60039613765784
ORD-GRB,1677,12.635223880597016,25.581395348837212
AUS-IND,688,9.841569767441861,25.581395348837212
DFW-OKC,3237,12.034610630407911,25.57924003707136
FLL-CLT,3550,16.005084745762712,25.577464788732396
BWI-IND,1181,9.002540220152413,25.57154953429297
DFW-DTW,3579,13.023536004483049,25.565800502933783
CAE-DCA,1002,10.183550651955867,25.54890219560878
SFO-SEA,6486,7.038093769278223,25.547332716620414
SAV-BOS,607,10.064462809917355,25.53542009884679
ATL-FLL,7610,12.694393261384574,25.532194480946124
SJU-MIA,2930,17.776144907723854,25.52901023890785
SAN-SBP,525,9.381679389312977,25.523809523809526
BWI-AUS,1301,5.9451313755795985,25.518831667947733
FLL-MDW,1176,11.21994884910486,25.510204081632654
IAH-FLL,2556,12.946253432718713,25.508607198748045
HSV-DFW,2110,13.622919638611508,25.497630331753555
CLT-MDT,1335,14.687171792948238,25.468164794007492
BNA-RSW,609,10.237232289950576,25.451559934318556
DFW-BZN,700,12.410071942446043,25.428571428571427
DEN-DAL,3233,9.886024844720497,25.425301577482212
DEN-EWR,3009,12.874916387959866,25.423728813559322
VPS-DFW,1361,26.957933579335794,25.42248346803821
SLC-MIA,551,9.22323049001815,25.40834845735027
ATL-EWR,5935,14.366130397967824,25.39174389216512
PHX-CMH,1036,13.015488867376574,25.386100386100384
EWR-BOS,4232,10.576695816591823,25.37807183364839
DFW-DCA,3240,12.589002795899347,25.37037037037037
FSD-DFW,891,13.219347581552306,25.364758698092032
DEN-SDF,1104,8.79654859218892,25.36231884057971
BWI-FLL,3823,9.0,25.346586450431595
CVG-DFW,1835,13.092501368363438,25.340599455040874
MDW-ORF,588,8.916524701873936,25.34013605442177
LGA-FLL,4561,9.573849878934626,25.323393992545494
JAX-FLL,549,11.743169398907105,25.318761384335154
AZA-PVU,632,19.21746031746032,25.31645569620253
CLT-MCI,1375,9.88840262582057,25.30909090909091
FLL-HOU,976,8.412190082644628,25.307377049180328
PHX-EWR,2668,7.143827859569649,25.29985007496252
BWI-SAV,965,7.3073727933541015,25.28497409326425
MCO-ACY,922,10.236126224156692,25.271149674620393
DEN-DFW,6088,13.501484658528538,25.262812089356114
DTW-SFO,1517,6.955085865257596,25.24719841793013
ORF-DFW,967,13.25287356321839,25.232678386763187
MIA-HOU,670,15.013595166163142,25.223880597014926
COU-ORD,575,12.071428571428571,25.217391304347824
CLT-CHS,2780,12.841555635577961,25.215827338129497
BWI-JAX,1404,7.845824411134903,25.213675213675213
STL-DFW,2338,16.87001287001287,25.192472198460226
DAL-OAK,667,7.786786786786787,25.187406296851574
ORD-SGF,1688,12.678167757287328,25.177725118483412
IAH-IAD,1669,12.204804804804805,25.164769322947873
DAL-FLL,771,10.652795838751626,25.1621271076524
DTW-AUS,1277,7.487038491751767,25.137039937353173
HSV-CLT,1126,14.41459074733096,25.133214920071044
SJU-FLL,2384,13.86890756302521,25.1258389261745
CLT-TUL,812,8.415024630541872,25.12315270935961
ORD-BOI,609,7.208881578947368,25.12315270935961
SAT-SEA,629,5.709728867623604,25.119236883942765
ORD-OMA,2146,12.052287581699346,25.11649580615098
MCO-BOS,4754,11.368553988633971,25.11569204880101
SAT-JFK,649,22.967391304347824,25.115562403698
FLL-EWR,5131,11.704674359475845,25.102319236016374
CLT-PIA,745,6.762803234501348,25.100671140939596
STT-MCO,534,10.084778420038536,25.0936329588015
CLT-DAY,1367,12.890762463343108,25.091441111923924
MCO-CVG,1758,14.456459874786567,25.085324232081913
SAN-TUS,606,9.070957095709572,25.082508250825082
CLE-DFW,1639,9.989570552147239,25.07626601586333
DCA-GRR,682,10.652941176470588,25.073313782991203
CLT-LAS,2557,9.174696435566,25.068439577630038
SAN-BOS,1504,10.029940119760479,25.066489361702125
ATL-TPA,6631,13.454847478103291,25.064092896998947
IAH-SAT,2071,12.733204446592557,25.060357315306614
MDW-BUF,834,10.431654676258994,25.059952038369303
TPA-BNA,2231,10.991917377638078,25.056028686687583
CLT-SAV,2806,13.879285714285714,25.05345687811832
LAX-LAS,9516,10.516664914309747,25.05254308532997
SFO-ACV,1026,19.487204724409448,25.048732943469787
ACY-FLL,575,4.724258289703316,25.043478260869566
MCO-MSY,2448,11.082719082719082,25.040849673202615
MCO-CMH,2117,9.758620689655173,25.035427491733586
ORD-MSN,2249,11.133066310636405,25.033348154735435
FLL-LGA,4575,9.653280667105552,25.02732240437158
ORD-AUS,2985,8.158106747230613,25.025125628140703
MCO-BUF,1607,10.27431421446384,25.015556938394525
MCO-JFK,4471,14.62807881773399,25.005591590248265
IAH-IND,852,9.849588719153937,25.0
PHL-CLE,1220,11.71123872026251,25.0
FLL-STL,876,9.056064073226544,25.0
RSW-LGA,936,14.442534908700322,25.0
BQK-ATL,793,17.442622950819672,24.968474148802017
SFO-PHX,4743,13.904661463826198,24.963103520978283
BWI-MHT,1587,7.342155009451796,24.95274102079395
DEN-PHL,2955,12.806517311608962,24.94077834179357
PHL-TPA,2564,10.827856025039123,24.921996879875195
LAS-PIT,935,6.688436830835117,24.919786096256686
ORD-DEC,614,13.006535947712418,24.9185667752443
SEA-RNO,831,7.322463768115942,24.90974729241877
ORD-ORF,1165,11.623063683304647,24.892703862660944
EWR-SAN,1599,6.546540880503144,24.89055659787367
ORD-MSY,1824,7.846619021440352,24.890350877192983
ORD-SAN,2851,12.699647887323943,24.868467204489654
IAH-OKC,752,16.559571619812584,24.867021276595743
SEA-IND,531,6.220754716981132,24.858757062146893
MFR-SFO,865,12.95949074074074,24.85549132947977
GSO-CLT,2479,11.242033077853973,24.848729326341267
CID-DFW,966,24.74558670820353,24.84472049689441
SEA-BOS,2560,5.939773171685569,24.84375
DAL-IAH,584,11.183219178082192,24.82876712328767
DFW-AVL,576,30.25609756097561,24.82638888888889
MDW-PVD,665,9.731927710843374,24.81203007518797
IND-SEA,528,6.212121212121212,24.810606060606062
BWI-DAL,1818,6.494754279403645,24.80748074807481
CHS-BOS,1238,14.068881685575365,24.79806138933764
ORD-DCA,6065,13.616175008286378,24.781533388293486
CLT-MYR,2591,13.596443757247778,24.778077962176763
EWR-FLL,5122,8.295556860442357,24.775478328777822
GSP-CLT,3177,11.885390428211586,24.77179729304375
EWR-MIA,4074,8.059778597785979,24.766813942071675
MSY-DAL,2234,12.142792995060619,24.7538048343778
SAN-ABQ,602,8.930232558139535,24.750830564784053
MCO-RDU,2647,12.61955286093217,24.744994333207405
COS-DFW,1952,15.695629820051414,24.743852459016395
PBI-EWR,3335,11.488708220415537,24.737631184407796
SAN-BNA,853,8.616197183098592,24.73622508792497
TPA-DCA,1989,16.276574307304784,24.73604826546003
DEN-IAH,4998,9.936823104693142,24.729891956782712
CLE-LAS,898,10.745515695067265,24.721603563474385
JAC-ORD,708,16.19054441260745,24.717514124293785
PDX-DFW,2472,13.510586319218241,24.716828478964402
SEA-DFW,4920,10.739165985282094,24.715447154471544
IAH-MCO,3670,12.108440316853319,24.713896457765667
MCO-PHX,1599,12.507210031347963,24.702939337085677
DTW-BHM,502,8.191235059760956,24.701195219123505
RSW-JFK,1312,14.259174311926605,24.695121951219512
PHX-PIT,729,10.955983493810178,24.691358024691358
DEN-HOU,2674,7.930346385542169,24.682124158563948
ATL-SBN,1021,17.333660451422965,24.681684622918706
DTW-DFW,3578,8.434269662921348,24.678591391839017
PIT-PHL,1702,17.00588235294118,24.676850763807284
JFK-BUF,2765,9.854196816208393,24.66546112115732
SJU-TPA,1533,14.930019620667103,24.65753424657534
FLL-BUF,503,9.624750499001996,24.652087475149106
EWR-IAH,3674,9.16793893129771,24.63255307566685
MCO-EWR,6376,10.523067233506534,24.62358845671267
BUF-CLT,1251,16.824,24.620303756994407
MDW-BOS,1381,9.342753623188406,24.619840695148444
MIA-ORD,4290,9.582124473561066,24.615384615384617
AVP-ORD,520,14.100580270793037,24.615384615384617
MSY-PHX,756,11.818302387267904,24.6031746031746
BWI-MDW,1960,9.501277465508432,24.591836734693878
ORD-MCI,3189,10.37731699654414,24.584509250548763
SAN-MDW,1030,5.590243902439024,24.563106796116504
CHS-FLL,623,14.827974276527332,24.558587479935795
LAS-COS,904,6.834811529933481,24.557522123893804
AUS-MIA,1804,17.87,24.556541019955656
PIA-DFW,721,11.321727019498606,24.549237170596395
PDX-BOS,664,13.393665158371041,24.548192771084338
SLC-LAS,4372,9.467505720823798,24.542543458371455
PHL-SAN,925,9.311207834602829,24.54054054054054
DEN-BDL,811,8.26699629171817,24.537607891491987
RDU-DFW,2144,15.137300843486411,24.53358208955224
DAL-IND,693,11.603174603174603,24.53102453102453
RDU-PHL,2394,14.124895572263993,24.519632414369255
PHL-FLL,2492,9.697067095218964,24.518459069020867
AUS-DFW,4813,23.431156405990016,24.516933305630584
ROC-MCO,620,8.758957654723128,24.516129032258064
SLC-DAL,669,8.177177177177176,24.51420029895366
JAN-DFW,1910,15.571353620146905,24.50261780104712
FLL-JAX,551,9.290909090909091,24.500907441016334
SAN-RNO,845,8.969121140142517,24.497041420118343
MCO-BDL,1862,8.518796992481203,24.489795918367346
JFK-RSW,1315,7.992343032159265,24.486692015209126
LGA-TPA,2369,10.481481481481481,24.482904178978472
MDW-CVG,674,8.397626112759644,24.480712166172104
RDU-AUS,1377,8.91326530612245,24.473493100944083
FLL-CVG,805,10.822139303482587,24.472049689440993
MIA-SJU,2935,10.307613519972687,24.463373083475297
TPA-CLT,3700,14.175913396481732,24.45945945945946
BUF-FLL,503,5.278330019880715,24.45328031809145
DCA-CAE,1006,6.48804780876494,24.45328031809145
BHM-MCO,720,13.617524339360223,24.444444444444443
LAS-IND,1481,7.556081081081081,24.442943956785957
DEN-GEG,1887,7.085896076352068,24.43031266560678
HOU-JAN,827,9.407272727272728,24.425634824667473
PHX-CVG,565,12.666666666666666,24.424778761061948
MCO-CLT,5307,11.590900509722484,24.420576596947427
DFW-ICT,2630,14.736942432329394,24.4106463878327
BWI-LAX,1823,5.474753018660812,24.410312671420737
DFW-MSP,3175,12.12365930599369,24.409448818897637
FAT-SAN,1000,9.501504513540622,24.4
PNS-CLT,2058,19.344222330570453,24.392614188532555
BZN-SEA,697,5.753956834532374,24.390243902439025
ICT-DFW,2624,13.754486445208094,24.390243902439025
CID-ORD,2026,13.204253214638971,24.383020730503453
DEN-AMA,603,7.303333333333334,24.378109452736318
PIT-FLL,1145,8.00349956255468,24.366812227074234
MCO-SYR,903,9.848115299334811,24.363233665559246
ORD-ANC,780,4.332474226804123,24.358974358974358
MCO-MKE,1630,8.811309157959435,24.355828220858896
LAS-AUS,3302,9.601579107197084,24.348879466989704
DEN-CMH,1816,9.196802646085997,24.33920704845815
ORD-RIC,637,7.232339089481947,24.332810047095762
DAL-DCA,1683,9.72879330943847,24.301841948900773
DEN-SAN,5478,8.085928911689264,24.29718875502008
DCA-TYS,1054,8.415954415954415,24.28842504743833
SBP-SFO,947,11.563424947145878,24.287222808870116
JAX-DCA,1540,16.849413298565842,24.285714285714285
ILM-DCA,758,9.506596306068602,24.274406332453825
SLC-BWI,717,3.36731843575419,24.267782426778243
MRY-SFO,573,7.507853403141361,24.25828970331588
BWI-CVG,734,8.453678474114442,24.250681198910083
BWI-MCO,5267,9.801673321924321,24.245300930320866
BWI-SDF,891,8.940516273849607,24.242424242424242
LEX-CLT,2009,12.771457085828343,24.24091587854654
CLT-AGS,986,23.95528455284553,24.239350912778903
ORD-BOS,6849,11.412840011699327,24.237114907285733
MSY-FLL,1440,10.586062717770035,24.23611111111111
JFK-TPA,2150,8.203373945641987,24.232558139534884
ATL-AUS,4278,7.628277153558052,24.216923796166434
DCA-GSO,731,10.024657534246575,24.21340629274966
MCO-ORD,4883,10.3126540673788,24.206430473069833
DAL-LAX,1810,7.532338308457711,24.19889502762431
TPA-JFK,2149,13.217086834733893,24.19730107026524
MCO-STL,2398,7.731493099121707,24.186822351959965
EWR-ATL,5943,11.507845453011642,24.17970721857648
MSY-JFK,1216,12.184145334434351,24.177631578947366
SEA-AUS,2006,6.491254372813593,24.177467597208373
ALB-CLT,1192,16.263246425567704,24.161073825503358
CHS-DFW,1213,13.751449875724937,24.154987633965376
BTR-CLT,944,11.2826780021254,24.152542372881356
MCO-LAS,1263,5.063341250989707,24.14885193982581
CLT-MHT,1085,9.467712177121772,24.147465437788018
BQN-MCO,907,9.37265711135612,24.14553472987872
DEN-MDW,3235,7.372518610421836,24.142194744976816
ORD-MEM,1570,9.459770114942529,24.14012738853503
ANC-ORD,775,7.759067357512953,24.129032258064516
CLT-BTR,945,7.92152704135737,24.126984126984127
SAN-SMF,5423,8.731414868105515,24.11949105661073
BWI-MIA,2355,8.932340425531915,24.118895966029726
CLT-MLI,709,10.326271186440678,24.118476727785616
DEN-MKE,2704,8.449092928544983,24.11242603550296
CHA-ORD,1041,14.58614051973051,24.111431316042268
ATL-LAS,4923,7.431216931216931,24.11131423928499
TPA-PHX,983,13.523421588594704,24.109867751780264
SAN-OAK,3468,7.852813852813853,24.106113033448672
MLI-ORD,1170,17.486324786324786,24.102564102564102
PIT-SFO,581,9.20552677029361,24.096385542168676
LAS-OKC,1133,7.022065313327449,24.095322153574582
DFW-COS,1955,11.44889573703133,24.092071611253196
AUS-ELP,1046,9.189473684210526,24.091778202676863
DCA-CLT,3226,12.001551349674216,24.085554866707998
DEN-EUG,955,5.936125654450262,24.083769633507853
MDW-SAT,681,6.253313696612666,24.082232011747433
MCO-SEA,1794,6.304980414101847,24.08026755852843
DFW-IDA,540,7.171322160148976,24.074074074074073
IAH-ATL,4493,11.848707664884136,24.059648341865124
PHL-BTV,744,12.774932614555256,24.059139784946236
SFO-PSP,2250,10.745762711864407,24.044444444444444
XNA-DFW,3245,17.00400863398088,24.03697996918336
PHL-RSW,1344,8.252985074626865,24.032738095238095
CLT-SBN,1157,8.817316017316017,24.027657735522904
TYS-SFB,616,11.329545454545455,24.025974025974026
BOS-TPA,2567,8.004312034496277,23.996883521620568
TPA-PHL,2563,15.15078125,23.995317986734296
BNA-MIA,2484,12.640226628895185,23.993558776167472
DEN-SEA,6676,6.8613653413353335,23.981426003594965
OKC-CLT,809,16.463444857496903,23.980222496909764
MDW-DFW,538,7.603738317757009,23.977695167286246
SAN-BOI,684,11.553440702781845,23.976608187134502
CLT-JAN,609,6.53125,23.973727422003286
LAS-PSP,705,6.984352773826458,23.97163120567376
IAH-TPA,1794,10.719082260772243,23.968784838350054
JFK-MIA,5378,8.147684839432412,23.968017850502047
PHL-RDU,2395,11.517587939698492,23.96659707724426
MCO-DEN,4628,8.691390153979613,23.962834917891097
ATL-ORD,5602,11.5945558739255,23.955730096394145
STT-ATL,643,14.322784810126583,23.950233281493002
LAS-BZN,714,8.423728813559322,23.949579831932773
FLL-TPA,1165,7.313573883161512,23.948497854077253
FLL-BNA,1997,8.912192674360261,23.935903855783675
SLC-DFW,3944,13.754837067209776,23.935091277890468
AUS-TPA,1024,10.415279138099901,23.92578125
SFO-LAX,11383,8.936632097029355,23.921637529649477
DCA-FLL,2383,9.235046335299073,23.919429290809905
STT-MIA,899,24.96976483762598,23.915461624026698
ORD-ATL,5601,13.048309178743962,23.906445277628997
EUG-SFO,845,10.611834319526627,23.90532544378698
BOS-MEM,569,4.165492957746479,23.901581722319857
EWR-RSW,1929,6.048907388137357,23.89839294971488
LAS-DAL,2910,7.302381774249223,23.883161512027492
AUS-JFK,2370,13.240118997025075,23.881856540084385
JAX-BOS,1202,10.21,23.87687188019967
BNA-PHL,2756,12.974918211559434,23.875181422351233
BOS-SAN,1500,1.970509383378016,23.866666666666667
MFE-DFW,2619,15.864627151051625,23.864070255822835
PHL-LAS,1605,9.353529044347283,23.862928348909655
DEN-MCO,4681,9.183279742765274,23.862422559282205
MCO-DTW,3739,11.663276231263383,23.85664616207542
SEA-BZN,696,7.171223021582734,23.850574712643677
IAH-ORD,5242,11.764008414610824,23.84586035864174
SFO-PDX,3532,7.739167374681394,23.839184597961495
MCI-JFK,709,11.491477272727273,23.836389280677007
DAL-HOU,4032,9.08036825080866,23.8343253968254
ORD-CLT,4477,14.07544213118424,23.810587446951086
MSP-SNA,567,4.578761061946903,23.809523809523807
STL-BOS,1554,8.237113402061855,23.809523809523807
DFW-COU,1168,8.375643224699829,23.8013698630137
LEX-DFW,1042,12.525505293551491,23.80038387715931
IAH-SEA,2101,8.153368370759676,23.798191337458352
ORD-PIA,1143,14.218804920913884,23.79702537182852
ORD-GRR,2648,10.210128495842781,23.791540785498487
ORD-MDT,946,10.395127118644067,23.78435517970402
DEN-SMF,4058,7.56209955643174,23.780187284376538
AUS-SAN,1981,8.437183383991895,23.775870772337203
DCA-GSP,980,9.141248720573182,23.77551020408163
MFE-AUS,694,20.1976911976912,23.77521613832853
RDU-EWR,2570,11.770159719516945,23.774319066147857
SYR-MCO,896,10.01010101010101,23.772321428571427
DFW-HNL,648,13.709428129829984,23.765432098765434
RSW-MDW,1073,9.985004686035614,23.76514445479963
BWI-LAS,2020,4.7415674603174605,23.762376237623762
AUS-PHL,968,28.180124223602483,23.7603305785124
DEN-LNK,884,15.535754824063565,23.755656108597282
LAX-DFW,6930,13.953794901506374,23.751803751803752
TTN-MCO,598,5.031986531986532,23.745819397993312
AUS-MFE,695,15.162824207492795,23.741007194244602
ALB-MCO,1070,9.923220973782772,23.738317757009344
MCO-MDW,2871,8.83759187959398,23.719958202716825
DEN-MSY,2277,6.726431718061674,23.715415019762844
SEA-HNL,2868,5.846834099752388,23.70990237099024
LAS-HNL,1561,11.234215885947046,23.70275464445868
ORD-LAX,6568,9.096080524630166,23.69062119366626
TPA-CLE,1026,11.101463414634146,23.684210526315788
SMF-SAN,5401,9.219335683800335,23.680799851879282
DEN-OMA,3229,9.656841452063295,23.660576029730567
MCI-CLT,1374,14.75072886297376,23.653566229985444
JAX-CLT,2283,12.525438596491227,23.653088042049937
FLL-DCA,2385,9.318602693602694,23.647798742138367
BDL-MCO,1861,13.129989212513484,23.643202579258464
DEN-TUS,2517,8.445461783439491,23.639253079062374
LIT-CLT,1172,19.75897435897436,23.634812286689417
ORD-TPA,3030,10.224611313264969,23.63036303630363
JFK-BOS,5477,9.277178878128996,23.626072667518713
MSY-BOS,881,11.826136363636364,23.609534619750285
SEA-STL,877,6.112128146453089,23.603192702394526
DFW-BIL,640,8.028169014084508,23.59375
MDW-BDL,797,10.469259723964868,23.588456712672524
DTW-GRR,1539,9.649122807017545,23.586744639376217
BWI-BOS,4015,7.790378863409771,23.586550435865504
MCO-PSE,670,9.751497005988025,23.582089552238806
SFO-CLT,1603,17.704630788485606,23.580786026200872
EWR-CLT,3804,11.186034255599473,23.58044164037855
DFW-GRK,1760,10.228100113765644,23.579545454545457
BWI-CHS,1239,6.38498789346247,23.56739305891848
ORD-FSD,1150,10.711421098517873,23.565217391304348
DFW-IAD,1689,12.009489916963227,23.564239194789817
MCO-LGA,4818,8.980580496972228,23.55749273557493
MDW-MEM,658,6.575342465753424,23.556231003039514
DEN-BUR,1974,6.002030456852792,23.556231003039514
ATW-MSP,934,15.042918454935622,23.554603854389722
DEN-ONT,2904,6.809162934894936,23.553719008264462
IAH-LAS,4149,11.60844390832328,23.547842853699684
PIA-ORD,1147,13.278988666085441,23.539668700959023
DEN-ORD,6398,10.31607843137255,23.538605814316973
LAS-OAK,4603,7.493698392003477,23.528133825765803
BDL-DFW,574,4.580701754385965,23.519163763066203
SFO-SLC,3364,10.983645554564378,23.513674197384066
ATL-PHL,5767,11.379274431522305,23.5130917288018
MSY-MIA,1765,14.112436115843272,23.512747875354105
STL-CLE,702,5.764957264957265,23.504273504273502
BHM-DFW,2289,14.300702370500439,23.503713411970292
IND-RSW,902,9.606666666666667,23.503325942350333
SMF-DFW,1736,12.453650057937427,23.502304147465438
BOI-DFW,817,7.895577395577396,23.50061199510404
PHL-PWM,949,11.686440677966102,23.498419388830346
MSY-SEA,698,5.747126436781609,23.49570200573066
PHL-DFW,3482,11.448425310603872,23.492245835726592
HPN-PBI,1920,8.293563579277865,23.489583333333332
CLT-GPT,1009,8.24230387288977,23.48860257680872
BNA-SAN,873,6.716763005780347,23.482245131729666
LAS-TUS,1299,4.545454545454546,23.479599692070824
ROW-DFW,937,19.097326203208556,23.479188900747065
PHX-SAN,5661,9.436968838526912,23.476417594064653
MDW-SAN,1031,5.2428991185112634,23.47235693501455
LGA-MCO,4815,7.575234131113423,23.468328141225335
AUS-LAS,3291,9.840888348037724,23.45791552719538
RDU-LGA,4020,12.351958094287852,23.45771144278607
IAH-MDW,597,14.052100840336134,23.450586264656618
DAL-COS,887,7.7313769751693,23.449830890642616
EWR-RDU,2580,9.38073038073038,23.449612403100776
MCO-BWI,5267,8.056442417331812,23.447883045376873
DEN-CLE,1851,7.2612222823147645,23.446785521339816
EWR-PBI,3340,5.951680672268908,23.44311377245509
ATL-IAH,4496,9.708538220831471,23.443060498220643
MDW-PHL,1758,8.145381984036488,23.435722411831627
DCA-PWM,1276,10.92078431372549,23.432601880877744
SGF-ORD,1690,16.784569732937687,23.431952662721894
BOS-AUS,1430,5.689824561403508,23.426573426573427
RDU-MCO,2634,11.811787072243346,23.424449506454064
MCO-RIC,888,9.223224351747463,23.423423423423422
ORD-CHA,1046,10.03732057416268,23.422562141491397
STL-LAX,1170,9.914310197086547,23.418803418803417
DAL-DEN,3241,7.510046367851623,23.41869793273681
DTW-ELM,709,18.241477272727273,23.413258110014105
ATL-SNA,1004,6.48948948948949,23.40637450199203
DFW-GCK,714,12.217207334273624,23.389355742296917
CLT-AVL,2040,16.13310412573674,23.38235294117647
BLI-SEA,958,12.39874739039666,23.382045929018787
ORD-JAC,710,13.898860398860398,23.380281690140844
SFO-DEN,5492,8.242971887550201,23.37946103423161
COU-DFW,1168,12.49828473413379,23.373287671232877
PIT-PHX,753,14.996,23.37317397078353
SFO-EWR,3937,7.826942740286299,23.368046736093472
MOT-MSP,1224,12.52088452088452,23.366013071895424
MSY-DCA,1764,8.718430034129693,23.356009070294785
MCI-DFW,2509,14.705952856572113,23.355918692706258
DEN-RNO,2402,7.428870292887029,23.355537052456288
CMH-CLT,2022,15.820118929633301,23.34322453016815
CLT-CHA,969,8.570837642192348,23.323013415892675
LAS-DFW,6051,13.648406374501992,23.318459758717566
STL-ORD,2595,15.185427910562836,23.314065510597302
CVG-DCA,1883,8.790202342917999,23.31386086032926
MDW-MCO,2844,8.078742937853107,23.312236286919834
ORD-CLE,2879,11.385605006954103,23.306703716568254
ATL-SAN,2403,6.9614255765199164,23.30420307948398
PIT-RSW,558,8.678635547576302,23.297491039426525
GRR-DCA,674,16.275964391691396,23.293768545994066
TLH-DFW,1069,12.01780693533271,23.292797006548177
HOU-DFW,2225,10.97796762589928,23.280898876404493
ORD-MIA,4288,7.811373742101568,23.274253731343283
EWR-BUF,748,7.143048128342246,23.262032085561497
MCO-IAH,3663,11.716127262753703,23.25962325962326
RNO-SAN,847,9.681279620853081,23.258559622195985
DFW-BHM,2296,12.178368948975141,23.257839721254356
SJU-MCO,6226,10.757283116046999,23.257308062961773
SHV-DFW,1875,14.339381003201707,23.253333333333334
HOU-FLL,972,7.76313079299691,23.25102880658436
BDL-CLT,1858,11.960150780829295,23.2508073196986
EWR-LAX,5445,7.521546961325967,23.25068870523416
PHL-PIT,1699,11.234982332155477,23.248969982342555
SAN-BWI,998,5.630784708249497,23.246492985971944
ORD-PBI,968,8.757009345794392,23.24380165289256
ORD-PDX,2220,7.377027027027027,23.243243243243246
DEN-BOI,2784,8.449119021934555,23.239942528735632
PHL-GSP,568,6.802469135802469,23.239436619718308
MDW-FLL,1175,7.809036658141517,23.23404255319149
ORD-LGA,10743,10.42674146797569,23.233733593968164
ATL-ORF,2475,11.181265206812652,23.232323232323232
DFW-TXK,719,11.614525139664805,23.226703755215578
EWR-SEA,1981,2.7058227848101266,23.220595658758203
LGA-MIA,5549,7.6111010667148795,23.211389439538653
PHL-BDL,642,12.107644305772231,23.20872274143302
DAL-SLC,668,8.429640718562874,23.20359281437126
DAL-ABQ,1677,7.919952210274791,23.19618366129994
DFW-ABI,1742,11.009764503159104,23.19173363949483
PSP-LAS,703,8.160739687055477,23.186344238975817
AMA-DEN,604,11.114808652246257,23.178807947019866
MSP-ORD,5937,8.203506997133704,23.17668856324743
ATL-JAX,4483,8.24586869138008,23.176444345304485
JFK-HNL,699,2.891117478510029,23.17596566523605
ELP-DFW,2978,13.947048903878583,23.169912693082605
ORD-SEA,4938,4.971810991685256,23.167274200081003
PBI-CLT,2016,13.592850049652434,23.16468253968254
RDU-MIA,2353,11.209897610921502,23.1619209519762
AUS-SJC,1218,4.988505747126437,23.15270935960591
STL-IAH,730,12.563961485557083,23.15068493150685
ORD-SCE,553,12.321234119782215,23.146473779385172
SGF-DFW,2991,10.822958500669344,23.136074891340687
RDU-IAH,856,11.091872791519435,23.130841121495326
MDW-LGA,2352,7.745524296675192,23.12925170068027
DAL-MCI,2011,8.867098058735689,23.12282446544008
OKC-DFW,3235,13.94585396039604,23.122102009273572
MCO-ALB,1069,8.369606003752345,23.10570626753976
BWI-GSP,580,8.470588235294118,23.103448275862068
IAH-LGA,4044,8.47713071732067,23.095944609297725
ATL-JFK,3516,10.573588134626355,23.094425483503983
BWI-SRQ,1330,6.219622641509434,23.082706766917294
ORD-IAH,5247,7.0461951313015145,23.079855155326854
TLH-MIA,1287,8.969673405909798,23.076923076923077
FWA-ORD,1209,13.947761194029852,23.076923076923077
GSP-DFW,1179,14.560477001703578,23.070398642917727
ORD-ALB,1266,8.762470308788599,23.06477093206951
TUL-DFW,3074,16.772890192245033,23.0644111906311
ABQ-DFW,2394,19.347589098532495,23.05764411027569
AUS-HOU,1570,6.434227330779055,23.05732484076433
PHL-CLT,3917,13.323958066990539,23.053357161092674
ABQ-SAN,603,9.239530988274707,23.0514096185738
MIA-CMH,820,5.953601953601954,23.04878048780488
ATL-PBI,4157,8.329556412729026,23.0454654799134
DEN-SGF,933,6.292918454935623,23.04394426580922
SJC-DFW,1315,8.096625766871165,23.041825095057035
MBS-ORD,1033,14.113702623906706,23.039690222652467
HNL-JFK,699,4.671469740634006,23.032904148783977
BWI-TPA,3183,9.371572644185314,23.028589381087023
IAH-PHX,2545,12.138582677165354,23.025540275049117
PWM-CLT,734,25.59618008185539,23.024523160762943
DAL-LGA,1338,8.688721804511278,23.019431988041852
DAL-MSY,2259,8.825855175477566,23.01903497122621
MCO-SJU,6239,8.88150289017341,23.016509055938453
JAX-MIA,1851,15.053571428571429,23.014586709886547
ATL-LAX,5206,6.795612009237876,23.011909335382253
MSP-BOS,2143,6.221391872956563,23.005132991133927
PIT-DFW,1513,11.95877659574468,23.000660938532715
SEA-JFK,2887,4.73002084781098,22.9996536196744
BWI-MYR,1187,6.366779089376054,22.99915754001685
DAL-LAS,2905,7.504650361694798,22.994836488812393
CLT-HSV,1122,9.39572192513369,22.994652406417114
ORD-DSM,1918,10.163350785340315,22.99270072992701
SBN-DFW,857,9.88561320754717,22.987164527421236
PHX-LAS,7017,8.901767892785857,22.987031494940858
MCO-IND,2394,8.292937735060594,22.974101921470343
TYS-CLT,2542,13.201495474222748,22.97403619197482
ATL-BWI,5999,10.242697379402436,22.970495082513754
PHL-MDW,1759,9.799315849486888,22.96759522455941
ORD-PVD,1193,8.993288590604028,22.967309304274938
MYR-DCA,601,8.025,22.961730449251245
FAT-DFW,1407,15.96987087517934,22.956645344705045
RIC-CLT,2727,14.048879088570379,22.955628896222954
BDL-TPA,941,6.226254002134472,22.954303931987248
DEN-PIT,1813,8.255107675317504,22.9453943739658
CID-DCA,523,10.34423076923077,22.94455066921606
DFW-LIT,2943,10.213945578231293,22.93577981651376
JFK-SFO,6397,2.375880971025842,22.932624667813037
LAS-LAX,9485,7.340892310937665,22.93094359515024
LAS-MKE,1352,6.730712166172107,22.928994082840237
IAH-PDX,881,11.657954545454546,22.92849035187287
EWR-MCO,6368,6.304847340258105,22.92713567839196
SBN-CLT,1156,10.56969696969697,22.92387543252595
LAS-SBA,838,4.960096735187425,22.911694510739856
SAN-CLT,1615,8.559226932668329,22.910216718266255
ORD-TUS,1004,4.3662674650698605,22.90836653386454
MCO-BHM,716,10.952447552447552,22.905027932960895
IND-CLT,1847,13.085636856368565,22.9020032485111
DEN-IND,2638,7.650986342943854,22.896133434420015
JFK-ATL,3521,8.168561682774303,22.891224084067026
DEN-PHX,9345,7.563276231263384,22.8892455858748
MIA-TLH,1289,4.679626749611198,22.885958107059736
JFK-DFW,1844,5.123152709359606,22.885032537960953
DEN-RDM,721,9.354659248956885,22.88488210818308
SEA-LAS,6559,6.819097010372178,22.884586064948927
DTW-GRB,988,12.627789046653144,22.874493927125506
DEN-DSM,2291,8.15391342369917,22.872108249672632
CLT-OAJ,927,10.080993520518359,22.86947141316073
TYS-DFW,1408,11.187991422444604,22.869318181818183
DTW-FLL,2440,6.655710764174199,22.86885245901639
SEA-BWI,586,4.109401709401709,22.866894197952217
SLC-EWR,1194,10.166101694915254,22.8643216080402
AUS-CLT,1886,17.63104731525784,22.852598091198303
LAS-TUL,744,7.960863697705803,22.849462365591396
JAN-CLT,604,14.21523178807947,22.8476821192053
COD-DEN,626,9.540064102564102,22.843450479233226
ORD-TUL,1576,9.148854961832061,22.84263959390863
MDW-OMA,1401,6.277857142857143,22.840827980014275
PHX-IND,1498,8.974598930481283,22.83044058744993
MDW-MSP,2821,8.287234042553191,22.8287841191067
RNO-SEA,828,6.001212121212121,22.82608695652174
SRQ-ORD,793,16.610126582278482,22.82471626733922
DEN-STL,3808,6.953745072273325,22.820378151260503
GJT-DFW,929,13.699239956568947,22.820236813778255
TVC-ORD,1376,11.150545454545455,22.819767441860463
PBI-DCA,1648,13.675609756097561,22.815533980582526
EWR-DEN,3016,5.8436980379115395,22.811671087533156
DFW-HOU,2227,7.723423423423424,22.81095644364616
OAK-SAN,3380,8.302194543297746,22.810650887573964
LFT-DFW,1552,15.445378151260504,22.809278350515463
DAL-ELP,1723,6.563879210220674,22.80905397562391
DEN-TUL,2272,6.737538597265108,22.799295774647888
DFW-JAN,1917,10.994246861924687,22.79603547209181
ORD-BUF,1843,10.881521739130434,22.788931090613133
CLT-GSP,3177,12.856062992125985,22.78879446018256
PHX-GEG,1216,10.738271604938271,22.779605263157894
DAL-SJC,606,6.996699669966997,22.772277227722775
DCA-BHM,975,10.556923076923077,22.76923076923077
PHL-BOS,5183,7.951351351351351,22.766737410765966
STL-OKC,694,5.42507204610951,22.76657060518732
PHL-AUS,971,6.881987577639752,22.760041194644696
DCA-TPA,1986,9.918099089989889,22.759315206445116
STL-RSW,857,7.237426900584795,22.75379229871645
BZN-LAS,712,4.692415730337078,22.752808988764045
MDW-PHX,3081,4.618985695708712,22.752353132099966
CLT-GNV,554,5.770343580470163,22.743682310469314
BOS-CHS,1240,4.740680713128039,22.741935483870968
PHX-COS,972,4.574819401444788,22.73662551440329
MDW-TPA,1733,8.335648148148149,22.73514137334103
AUS-MSY,1536,7.863666014350946,22.721354166666664
SFO-BUR,3068,6.2816579634464755,22.718383311603652
MCI-PHL,841,19.26762246117085,22.711058263971463
SJU-BWI,1321,9.79498861047836,22.71006813020439
DAL-BWI,1801,7.75319622012229,22.70960577456968
SAT-SAN,648,6.204968944099379,22.685185185185187
ORD-LNK,961,7.082377476538061,22.684703433922998
CMH-IAH,604,8.877280265339968,22.68211920529801
OMA-CLT,816,12.31081081081081,22.67156862745098
EWR-BNA,1954,5.800923550538738,22.671443193449335
SLC-JFK,1932,8.619344773790951,22.67080745341615
AUS-LAX,4000,9.822072072072071,22.650000000000002
IAH-BNA,1961,10.414198161389173,22.641509433962266
MDW-DAL,2192,5.889041723979826,22.62773722627737
HDN-DEN,1516,3.1517150395778364,22.62532981530343
SEA-MDW,588,4.4512820512820515,22.61904761904762
CLT-HHH,955,7.2824025289778715,22.61780104712042
LAS-DSM,575,5.865619546247818,22.608695652173914
SAN-SJC,5658,7.766307229980555,22.60516083421704
ATL-CRW,1062,17.13692162417375,22.598870056497177
DRO-DFW,1089,9.119926199261993,22.58953168044077
MCO-DCA,4959,11.20089195215893,22.585198628755798
DEN-CVG,1812,7.4566537824406405,22.571743929359823
PHL-JAX,1595,8.317440401505646,22.570532915360502
SLC-BOS,1294,8.767621998450814,22.56568778979907
RSW-STL,860,8.43720930232558,22.55813953488372
LAX-HOU,1197,6.659663865546219,22.55639097744361
ORD-LEX,1534,7.493464052287582,22.55541069100391
STL-SAN,572,5.959578207381371,22.552447552447553
DFW-TLH,1069,8.283036551077789,22.5444340505145
SMF-SFO,976,10.511270491803279,22.540983606557376
DFW-LGA,6367,7.747820573783484,22.538087011151248
BWI-DEN,3160,3.725079365079365,22.531645569620252
FWA-ATL,1012,14.352126607319486,22.529644268774703
MDW-RSW,1079,6.9544186046511625,22.520852641334567
SFO-BNA,604,3.9700996677740865,22.516556291390728
DFW-ACT,1057,10.582781456953642,22.516556291390728
DEN-SLC,8043,6.727204876228386,22.504040780803184
MSN-ORD,2241,8.694953104064314,22.48995983935743
ORD-TYS,1801,7.191986644407345,22.48750694058856
IAH-DEN,4969,9.06480920654149,22.479372107063796
ONT-LAS,2763,8.697320782041999,22.475570032573287
DTW-MIA,1624,6.296913580246914,22.47536945812808
AUS-MCO,2729,7.646713183988248,22.462440454378893
IAH-CLE,1229,9.722675367047309,22.457282343368593
BOS-IAH,1946,4.465873836608067,22.456320657759505
CLE-PHX,864,8.077636152954808,22.453703703703702
DAL-PHX,3060,7.686601307189543,22.450980392156865
ATL-MSY,4566,9.474088713219148,22.448532632501095
TPA-EWR,2843,10.548022598870057,22.44108336264509
CLE-MCO,1992,9.042232277526395,22.439759036144576
DEN-LGA,4556,7.2998890122086575,22.431957857769973
ROC-CLT,1061,16.019848771266542,22.431668237511783
EWR-MSP,2252,10.933303690529124,22.424511545293072
CLT-GSO,2484,8.89242546333602,22.423510466988727
MDW-LAS,3082,4.152322182526794,22.420506164828033
ATL-BQK,794,18.918032786885245,22.418136020151135
CLT-ATL,5313,9.444821092278719,22.416713721061544
SAF-DFW,1575,12.334182049649904,22.41269841269841
MSP-EWR,2254,8.959447415329768,22.404614019520853
RDU-FLL,1406,9.127583749109052,22.403982930298717
PHL-MIA,3071,9.324509803921568,22.403126017583848
HOU-SAN,804,3.9962311557788945,22.388059701492537
HOU-AUS,1555,6.091318327974276,22.379421221864952
TPA-LGA,2364,12.127921801954951,22.377326565143825
MDW-LGB,523,4.678846153846154,22.37093690248566
LAS-MSY,1046,5.566091954022989,22.37093690248566
ORD-LAS,5240,6.084272883623161,22.366412213740457
ORD-OKC,2012,5.373817819810851,22.365805168986082
EWR-DFW,3493,7.833285177694308,22.359003721729174
ATL-ONT,908,5.402209944751381,22.356828193832598
ISP-MCO,1333,6.63984962406015,22.355588897224308
BOS-DFW,4005,5.593450881612091,22.347066167290887
MDW-RDU,1128,6.265777777777778,22.340425531914892
IAD-LGA,1437,1.4257839721254355,22.338204592901878
DFW-EVV,873,6.344036697247707,22.336769759450174
LGA-MSY,1339,5.2956586826347305,22.330097087378643
BWI-STL,1335,5.748498498498498,22.322097378277153
RIC-FLL,914,5.969298245614035,22.319474835886215
DEN-MEM,1259,7.902303415409055,22.319301032565527
CHO-LGA,1331,6.095416979714501,22.31404958677686
DTW-IAH,2420,6.222591362126246,22.31404958677686
GSO-ORD,1291,8.603260869565217,22.30828814872192
CLE-CLT,1856,11.889848812095032,22.306034482758623
OAJ-CLT,928,11.75323275862069,22.306034482758623
CVG-PHX,565,9.21985815602837,22.300884955752213
ORD-SMF,1166,4.827171109200344,22.29845626072041
SJC-SAN,5718,7.906414300736067,22.298006295907662
LAS-MDW,3081,4.43701044386423,22.297955209347613
DEC-ORD,619,20.969205834683954,22.294022617124394
LAX-STL,1153,7.2719374456993915,22.289679098005205
SEA-MCI,1162,3.249352890422778,22.289156626506024
MSY-TPA,1181,8.76590330788804,22.269263336155802
BDL-PBI,512,2.581532416502947,22.265625
ORD-AVL,1087,7.988929889298893,22.263109475620976
LAS-PDX,3733,6.020632368703108,22.260916153227967
BUF-ORD,1842,12.077215878194671,22.258414766558086
DEN-AUS,4646,6.792917296480242,22.255703831252692
EWR-TPA,2846,5.8426807760141095,22.24174279690794
DEN-BWI,3121,5.754177377892031,22.23646267222044
MOB-DFW,1048,9.941570881226054,22.232824427480917
EVV-DFW,873,3.960919540229885,22.22222222222222
DTW-BOS,2714,8.522140221402214,22.21812822402358
LAS-ABQ,2093,5.602772466539197,22.216913521261347
ATL-BOS,4984,7.082998392282958,22.211075441412518
ATL-STT,644,6.089341692789969,22.204968944099377
BOS-SEA,2558,1.470450097847358,22.204847537138388
MTJ-DFW,563,20.414590747330962,22.202486678507995
STT-FLL,509,3.128712871287129,22.20039292730845
MIA-BWI,2370,8.714828897338403,22.19409282700422
ROA-ORD,703,16.484285714285715,22.190611664295876
SLC-FLL,586,6.030716723549488,22.18430034129693
TPA-IND,1100,9.141947224749773,22.181818181818183
BTV-ORD,956,5.730890052356021,22.17573221757322
LAX-ATL,5192,7.335970667695871,22.168721109399076
DFW-XNA,3248,8.118790496760258,22.167487684729064
SFO-BOS,4404,5.6224396904870275,22.161671207992732
PNS-DCA,898,16.078212290502794,22.160356347438753
EYW-DCA,537,9.11320754716981,22.160148975791433
EYW-MIA,1214,7.478153338829348,22.15815485996705
TPA-BOS,2555,8.558915946582875,22.15264187866928
PHL-LAX,2560,7.303871724677356,22.1484375
DEN-PDX,4449,6.143660071942446,22.13980669813441
CMH-FLL,1075,6.24044734389562,22.13953488372093
ORD-DAY,1197,12.231993299832496,22.138680033416875
BTR-DFW,1920,13.382567849686847,22.135416666666664
DCA-SAV,881,4.017103762827822,22.13393870601589
SLC-AUS,1754,7.5202741290691035,22.120866590649943
GSP-DCA,981,5.6984615384615385,22.120285423037718
DEN-ABQ,2803,7.142755174875089,22.11915804495184
DAL-ECP,692,7.723988439306359,22.109826589595375
BWI-IAH,1167,7.043140638481449,22.10796915167095
CHA-CLT,968,9.743801652892563,22.107438016528928
LAS-HOU,2031,6.517565561603167,22.107336287543085
SEA-BNA,1303,3.793528505392912,22.10283960092095
STL-MCI,1041,6.635226179018287,22.094140249759846
STL-TPA,1127,6.641964285714286,22.09405501330967
DEN-CLT,2888,6.5851543531044054,22.09141274238227
ORD-CAE,720,7.206944444444445,22.083333333333332
SAN-PHX,5620,11.166785332858668,22.081850533807827
PHX-JFK,2632,12.591377336894315,22.074468085106382
PHL-MSY,1042,5.197483059051307,22.072936660268713
TPA-MCI,580,8.812824956672443,22.06896551724138
SEA-ORD,4935,6.367039674465921,22.066869300911854
CLT-BHM,2258,7.609756097560975,22.054915854738706
ORD-MCO,4908,7.907176446534451,22.04563977180114
LAX-DAL,1810,6.924402445803224,22.044198895027627
FLL-LAX,1919,3.643828451882845,22.042730588848357
JFK-PWM,1003,4.6783567134268536,22.033898305084744
MCI-TPA,581,8.092943201376936,22.030981067125648
DCA-MIA,3831,8.488999476165532,22.03080135734795
DFW-LBB,2606,12.018853405155829,22.02609363008442
DEN-ELP,1807,6.653931339977851,22.02545655783066
LAS-SEA,6547,4.663101604278075,22.0253551244845
MSP-AUS,1403,3.6227630637079455,22.024233784746972
DEN-JFK,1503,10.278260869565218,22.02262142381903
PDX-HNL,722,7.809457579972183,22.022160664819946
IAD-JAX,831,7.501204819277109,22.021660649819495
DTW-MCO,3742,8.805838243170863,22.020309994655264
PHL-MYR,545,10.438532110091742,22.018348623853214
MCO-PVD,1576,7.417302798982188,22.01776649746193
ORD-DEN,6385,8.371625863151287,22.004698512137825
ORF-LGA,1665,8.184939759036144,21.98198198198198
PBI-LGA,2848,8.422560113154173,21.980337078651687
LAX-MIA,3490,7.295199770048865,21.97707736389685
SJU-STT,628,9.4048,21.97452229299363
IAH-DCA,2103,8.811365807067812,21.96861626248217
SFO-HNL,2500,5.318527410964386,21.959999999999997
MSP-DFW,3179,8.51740506329114,21.95659012268009
ATL-DCA,6792,9.969988172678889,21.952296819787986
TPA-MDW,1722,10.971411901983664,21.951219512195124
DSM-DCA,697,9.165945165945166,21.951219512195124
MSY-HOU,2215,8.699367088607595,21.941309255079005
PBI-ISP,971,11.490702479338843,21.936148300720905
DTW-SAN,1172,5.014579759862778,21.928327645051194
SEA-MSY,698,2.7593123209169055,21.91977077363897
CVG-MCO,1752,11.904516866781018,21.91780821917808
TPA-ATL,6626,10.354453349463178,21.913673407787503
LAN-DTW,995,12.051256281407035,21.909547738693465
CMH-LAS,1100,4.6979071883530485,21.90909090909091
PHX-MCO,1607,7.811875,21.904169259489734
LGA-DFW,6360,5.987337765115543,21.90251572327044
JFK-SAT,653,3.457055214723926,21.898928024502297
MIA-STT,900,7.368243243243243,21.88888888888889
HPN-DTW,905,18.53274139844617,21.878453038674035
ORD-BWI,2583,7.269588828549263,21.873790166473093
DCA-DAL,1674,4.759159159159159,21.863799283154123
DEN-FAT,1441,7.138290479499653,21.859819569743234
MSY-PHL,1034,14.100677637947726,21.8568665377176
MCO-BNA,2837,6.974911660777385,21.854071201973916
DEN-IAD,3185,9.523570081709616,21.85243328100471
LGA-OKC,984,5.006147540983607,21.84959349593496
DCA-ORF,1273,8.09291338582677,21.838177533385704
MSY-MCO,2450,8.779141104294478,21.836734693877553
TPA-DEN,3179,8.365214646464647,21.830764391318024
GRK-DFW,1759,10.17292377701934,21.83058555997726
ATL-PHX,3661,10.329224869898658,21.824638077028137
BTV-DCA,1357,10.799261992619925,21.812822402358144
DCA-DSM,697,6.620490620490621,21.8077474892396
LBB-DFW,2605,12.908531898539584,21.8042226487524
GRR-CLT,1055,11.632227488151658,21.80094786729858
IAH-SJU,936,6.953961456102784,21.794871794871796
DAL-TUL,1092,7.187728937728938,21.794871794871796
MSP-MCO,2152,7.380242311276794,21.79368029739777
BQN-JFK,615,7.94281045751634,21.788617886178862
STL-HOU,1533,6.924590163934426,21.787345075016308
CVG-TPA,955,11.422712933753942,21.780104712041883
BNA-BOS,2728,7.050275229357799,21.774193548387096
EWR-BGR,643,10.698907956318253,21.77293934681182
HOU-SAT,1617,4.890470297029703,21.768707482993197
SFO-FAT,1029,7.793974732750243,21.768707482993197
PHL-STL,1599,8.462742642454602,21.76360225140713
ORD-ROC,1581,6.511097019657577,21.758380771663504
BUF-TPA,786,6.512755102040816,21.755725190839694
ORD-CVG,2966,7.9308600337268125,21.74645987862441
MDW-BHM,598,6.346153846153846,21.73913043478261
FAT-LAS,1767,8.276740237691001,21.731748726655347
DEN-OKC,2899,7.015193370165746,21.73163159710245
PHL-IAH,2104,6.7151747247486835,21.720532319391637
DTW-HPN,907,13.494972067039106,21.719955898566703
MSP-CLE,1280,6.234375,21.71875
CHA-DFW,1432,10.546918767507004,21.717877094972067
EWR-AUS,1782,4.555368184373243,21.71717171717172
MIA-CVG,1165,5.609965635738831,21.716738197424892
ATL-DTW,4918,7.81538774679422,21.716144774298495
DAL-MDW,2192,7.9436038514442915,21.715328467153284
FSM-DFW,1156,7.056228373702422,21.71280276816609
LAX-AUS,4003,8.067300475356518,21.708718461154135
IAH-PHL,2110,16.375950570342205,21.70616113744076
DEN-GRR,1313,7.879204892966361,21.706016755521706
SAN-DEN,5515,5.920254314259764,21.70444242973708
XNA-CLT,1539,11.49316851008458,21.702404158544507
MCO-ISP,1341,5.98955223880597,21.700223713646533
SAN-STL,590,7.310169491525424,21.694915254237287
PBI-HPN,1924,11.56276150627615,21.673596673596673
PHL-SAV,969,8.139607032057912,21.671826625387
BWI-BNA,1938,4.625193598347961,21.671826625387
DEN-SJC,3157,5.361102312321824,21.66613873930947
EWR-BTV,928,2.535059331175836,21.65948275862069
OAK-BOI,666,6.156626506024097,21.62162162162162
DCA-MSY,1776,3.6766365688487586,21.62162162162162
ALB-DCA,1175,11.970034246575343,21.617021276595743
AEX-DFW,1064,14.34901222953904,21.616541353383457
MEM-CLT,1939,12.857658586900465,21.609076843733884
ISP-PBI,972,7.284536082474227,21.604938271604937
MCO-STT,537,6.99249530956848,21.601489757914337
MKE-ORD,2523,9.708283789139912,21.601268331351566
SEA-SAN,4602,4.677124183006536,21.599304650152106
CLT-ABE,1153,12.866492146596858,21.595836947094536
ROC-JFK,1667,8.743251349730054,21.595680863827234
RNO-DFW,1306,13.8125,21.592649310872893
ATL-SJU,2108,7.968616262482168,21.584440227703986
DEN-MCI,4244,6.629131255901794,21.583411875589068
DEN-SAT,3193,5.539378726074679,21.578452865643598
DEN-SAF,876,9.087456846950518,21.575342465753426
ORD-RDU,3157,9.198919605973943,21.571111815014255
DCA-LGA,4228,8.117396449704142,21.570482497634817
ORD-BTV,960,5.411887382690303,21.5625
DAL-LBB,1587,6.041666666666667,21.550094517958414
LAS-DEN,8092,6.371287128712871,21.53979238754325
ORD-SRQ,794,5.816687737041719,21.536523929471034
XWA-MSP,729,15.550068587105624,21.536351165980797
IND-DAL,692,6.476744186046512,21.53179190751445
IAH-BWI,1152,8.153310104529616,21.52777777777778
CLT-SHV,827,4.955097087378641,21.5235792019347
DFW-MAF,3048,6.433968462549277,21.522309711286088
MGM-DFW,920,8.592148309705562,21.521739130434785
SRQ-PHL,618,16.19935170178282,21.521035598705502
STL-CLT,1980,10.36368234699039,21.515151515151516
IAH-MSY,2840,10.361199294532629,21.514084507042252
DCA-DFW,3240,9.439304563800063,21.512345679012345
SEA-PDX,5214,6.473138910207214,21.49980820866897
OMA-DEN,3247,8.131051495528832,21.496766245765322
STL-SAT,549,6.815693430656935,21.493624772313296
MIA-SAV,791,10.024142312579416,21.491782553729458
IAH-MSP,1806,9.10421286031042,21.483942414174972
MCO-MIA,3668,12.47708674304419,21.483097055616142
STL-DSM,675,6.158989598811293,21.48148148148148
MRY-SAN,582,10.352941176470589,21.477663230240548
PIA-CLT,745,14.166666666666666,21.476510067114095
BHM-DTW,503,15.002,21.47117296222664
TPA-CMH,871,7.965437788018433,21.469575200918484
ICT-IAH,559,9.725631768953068,21.46690518783542
JFK-DEN,1505,5.178428761651132,21.461794019933556
DEN-COS,4937,7.763846622032867,21.450273445412193
SEA-TUS,1035,4.576402321083172,21.44927536231884
DEN-SBA,1096,4.3988919667590025,21.44160583941606
JAX-JFK,1819,10.621353880022014,21.440351841671248
IND-DFW,1847,9.862275449101796,21.440173253925284
BNA-CLE,751,5.784,21.438082556591212
RSW-CVG,779,7.2169448010269575,21.437740693196407
GGG-DFW,714,10.743697478991596,21.428571428571427
BOS-MDW,1386,6.632874728457639,21.428571428571427
FSD-MSP,1531,8.280862181580666,21.423905943827563
MDW-MSY,985,5.780388151174668,21.421319796954315
JFK-PDX,929,1.7400215749730312,21.420882669537136
JFK-MKE,817,9.43558282208589,21.41982864137087
IAH-PIT,607,10.726072607260726,21.4168039538715
OAK-SEA,2237,4.038444345105051,21.412606168976307
PSE-MCO,668,5.356821589205397,21.407185628742514
DEN-BIL,1397,7.686246418338109,21.403006442376523
DFW-PIA,720,7.616133518776078,21.38888888888889
LAS-CVG,692,9.516642547033285,21.38728323699422
HOU-LAX,1183,4.979695431472082,21.386306001690617
ATL-FWA,1010,13.611881188118812,21.386138613861387
DEN-RSW,823,7.547008547008547,21.38517618469016
DAL-AUS,2479,5.986682808716707,21.379588543767646
GCK-DFW,711,13.326760563380281,21.37834036568214
CAE-CLT,1235,7.418623481781377,21.376518218623485
SEA-MIA,772,2.0467532467532465,21.373056994818654
SAN-JFK,2368,6.100722481937952,21.368243243243242
MCO-SLC,1844,5.1797385620915035,21.36659436008677
SAV-BNA,707,3.6354609929078014,21.35785007072136
LAS-SAT,2337,6.0656089193825045,21.352160890029953
DTW-BUF,1293,9.029434546862896,21.34570765661253
SFO-SNA,4207,6.175756132412479,21.345376753030664
LAS-GEG,759,2.5204755614266845,21.34387351778656
LCH-DFW,1059,18.004721435316338,21.34088762983947
ORD-DAL,1134,2.409372236958444,21.340388007054674
SCE-ORD,553,7.444444444444445,21.338155515370705
GRR-ORD,2648,8.827039274924472,21.3368580060423
MAF-DFW,3042,9.9703654922621,21.33464825772518
DTW-OMA,1022,8.958742632612967,21.330724070450096
MYR-EWR,1191,6.991554054054054,21.326616288832913
PIT-MIA,680,6.873343151693667,21.323529411764707
FAR-ORD,1712,15.19836161497952,21.320093457943926
EWR-PDX,821,3.545232273838631,21.315468940316688
RSW-ORD,2632,7.914982844071674,21.314589665653497
LGA-LIT,596,0.25084175084175087,21.308724832214764
MSY-CLT,1835,13.180775532495904,21.30790190735695
DFW-HSV,2112,8.040265277119849,21.306818181818183
DFW-BTR,1920,10.930656934306569,21.302083333333332
DFW-DAY,1334,13.95423855963991,21.289355322338828
ORD-BZN,869,5.070520231213873,21.288837744533947
IAH-SAN,1781,9.666478873239436,21.280179674340257
DEN-LGB,1086,3.3505535055350553,21.2707182320442
STL-MIA,945,9.579171094580234,21.26984126984127
HOU-LGA,1199,5.668345927791772,21.267723102585485
SJU-ATL,2102,11.60832137733142,21.26546146527117
CLT-ECP,1157,8.418544194107453,21.2618841832325
MDW-BWI,1985,5.729934376577486,21.259445843828715
DEN-RAP,2075,9.05560928433269,21.253012048192772
CHS-MIA,772,14.609597924773022,21.243523316062177
ABY-ATL,758,15.914134742404228,21.240105540897098
DCA-RDU,2678,6.962200598802395,21.209858103061986
DFW-GGG,712,6.754583921015515,21.207865168539325
JFK-MCI,712,2.6741573033707864,21.207865168539325
ATL-ALB,1000,9.287287287287286,21.2
DFW-MLI,788,6.00765306122449,21.19289340101523
BNA-TPA,2218,7.153254972875226,21.190261496844006
BUR-LAS,4375,5.908093278463649,21.18857142857143
DCA-MHT,1213,7.691164327002477,21.187139323990106
HOU-MEM,727,7.605226960110041,21.182943603851445
CID-MSP,798,6.5959849435382685,21.17794486215539
IAH-SNA,1261,7.554216867469879,21.173671689135606
BWI-DTW,2045,5.537408312958435,21.17359413202934
STL-DAL,2069,5.72093023255814,21.169647172547123
SRQ-CLT,1734,15.43699421965318,21.16493656286044
ATL-PVD,997,9.1742195367573,21.163490471414242
GSP-ORD,1427,4.9071729957805905,21.163279607568324
DEN-DCA,1446,4.816411682892907,21.16182572614108
OAK-LAS,4614,6.844603381014304,21.1530125704378
MDW-AUS,1480,4.262372881355932,21.14864864864865
STL-ICT,681,5.063235294117647,21.145374449339208
SEA-EWR,1982,3.657200811359026,21.14026236125126
SDF-BOS,686,6.272327964860907,21.137026239067055
MDW-SAV,511,5.142857142857143,21.135029354207436
OKC-DEN,2977,7.035341635812857,21.128653006382265
SLC-MCO,1842,7.435659760087241,21.118349619978286
CVG-AUS,573,4.873905429071804,21.11692844677138
MDW-GRR,971,5.990721649484536,21.112255406797118
EWR-LAS,3103,3.2207876049063913,21.108604576216564
ATL-ABY,758,14.589403973509933,21.108179419525065
TUS-SEA,1033,5.499515033947624,21.10358180058083
BNA-FLL,1995,5.614457831325301,21.102756892230577
DEN-DTW,3000,6.572001336451721,21.099999999999998
SAT-MCO,1166,8.055077452667813,21.09777015437393
ORD-SLC,2883,7.515140967629655,21.089143253555324
FWA-DFW,901,3.6254180602006687,21.08768035516093
SFO-MIA,1508,11.80186170212766,21.087533156498676
CHS-DTW,612,9.277777777777779,21.07843137254902
DCA-BDL,1936,7.019111570247934,21.074380165289256
SMF-HNL,731,5.350205198358413,21.06703146374829
LAS-CLT,2554,9.630460448642268,21.064996084573217
PHL-TYS,508,7.2445759368836296,21.062992125984252
SLC-HNL,627,10.324281150159745,21.052631578947366
SMF-DAL,551,6.664835164835165,21.052631578947366
DFW-MOB,1050,7.762906309751434,21.047619047619047
ORF-EWR,898,8.177455357142858,21.046770601336302
XNA-DEN,1283,10.4578125,21.044427123928294
CVG-PHL,1264,11.346550356859636,21.044303797468356
MSY-DEN,2305,6.175933970460469,21.0412147505423
ORD-GSO,1288,5.577760497667185,21.040372670807454
LAS-ELP,1426,6.638148667601683,21.037868162692845
TYR-DFW,1060,11.697542533081286,21.037735849056606
DTW-TVC,1127,10.737544483985765,21.029281277728483
DAL-AMA,1265,5.779097387173397,21.027667984189723
SLC-DEN,8030,6.579715568862276,21.021170610211705
EWR-SRQ,904,2.5360710321864595,21.01769911504425
SFO-FLL,1475,3.9422946367956553,21.01694915254237
ELM-DTW,709,18.720733427362482,21.015514809590975
FAR-DEN,1447,10.346952908587257,21.00898410504492
LAS-BNA,2023,4.972745292368682,21.008403361344538
RSW-DCA,814,10.107407407407408,21.007371007371006
EWR-STL,1033,2.292517006802721,21.00677637947725
ORD-SDF,2071,6.8768115942028984,21.004345726702077
ATL-DEN,6020,5.069655057490419,20.996677740863788
BHM-CLT,2253,11.341040462427745,20.994229915667997
TYS-DCA,1053,7.798856053384175,20.98765432098765
ORD-PIT,2916,9.281936813186814,20.98765432098765
PWM-JFK,1015,12.17142857142857,20.985221674876847
SEA-IAH,2097,5.384431709646609,20.982355746304243
SFO-ORD,4900,5.085158648925281,20.97959183673469
MHT-MCO,634,5.218700475435816,20.977917981072554
BTV-PHL,739,10.670284938941656,20.974289580514206
DTW-RSW,1923,5.299635226680563,20.95683827353094
PHL-CHS,1360,7.582045621780721,20.955882352941178
BNA-MCO,2859,6.109901685393258,20.951381601958726
RDU-SEA,883,1.4607508532423208,20.951302378255946
TUS-DFW,2258,13.750665483584738,20.947741364038972
MSP-PHL,1900,7.7358689910195455,20.94736842105263
MDT-CLT,1332,14.45071482317532,20.945945945945947
DTW-PLN,831,10.665859564164649,20.938628158844764
ORD-CMH,3229,6.16031007751938,20.935274078662125
ORD-STL,2594,9.24256469679413,20.932922127987663
DAL-LIT,1008,5.151093439363817,20.932539682539684
PIT-LAS,946,3.8044397463002113,20.930232558139537
SEA-RDU,884,2.2857142857142856,20.92760180995475
BUR-SEA,1520,4.312582781456953,20.92105263157895
PVD-CLT,1568,12.308184143222507,20.918367346938776
JFK-JAX,1817,5.158765159867696,20.913593835993396
LAX-PHX,7125,7.910252808988764,20.912280701754383
DEN-MTJ,1473,5.649456521739131,20.90970807875085
LAS-RNO,4195,3.867032704702793,20.90584028605483
DFW-LFT,1550,7.365633074935401,20.903225806451616
CLT-MSP,2512,5.536653386454184,20.89968152866242
EWR-CVG,1694,7.342587123449498,20.89728453364817
LAS-MIA,1518,10.408394403730846,20.88274044795784
SBN-ATL,1020,9.404527559055119,20.88235294117647
HOU-ELP,1020,3.968596663395486,20.88235294117647
ATL-CLE,2984,7.7018779342723,20.878016085790886
TPA-STL,1121,5.776092774308653,20.87421944692239
DTW-PWM,690,13.655021834061136,20.869565217391305
ORD-BDL,2027,7.986179664363277,20.868278243709916
PIT-TPA,968,7.708376421923474,20.867768595041323
MYR-FLL,561,8.98752228163993,20.855614973262032
DCA-HOU,1007,4.556112224448897,20.854021847070506
MSP-IAD,926,6.1967567567567565,20.84233261339093
CLT-DTW,3858,8.34025974025974,20.839813374805598
IAD-SFO,2716,2.161504424778761,20.839469808541974
ORD-BNA,4657,7.347882175876156,20.828859780974877
DCA-HSV,1383,3.8201595358955767,20.824295010845987
MSP-CLT,2512,4.690771074710348,20.820063694267514
DTW-ORF,831,9.967312348668282,20.81829121540313
MKE-PHL,514,13.998054474708171,20.817120622568094
STL-OMA,759,6.337285902503294,20.816864295125164
SEA-MCO,1792,3.202808988764045,20.814732142857142
BWI-ATL,5953,7.0529946164199195,20.81303544431379
IAD-MCO,1629,7.47539975399754,20.810313075506446
PHX-OAK,2033,5.857283464566929,20.806689621249387
GRB-ORD,1674,9.304841601912731,20.78853046594982
GRR-DEN,1309,2.7591743119266057,20.77922077922078
ATL-RSW,3239,8.195975232198142,20.778017906761345
DCA-CVG,1887,6.75304716481187,20.773714891361948
EWR-PHX,2677,4.491944548520045,20.76951811729548
PHX-DFW,5133,9.768900175815588,20.767582310539645
DEN-ATL,6048,5.274879947011095,20.767195767195766
BDL-DCA,1936,9.715468184169685,20.764462809917354
MIA-ORF,554,16.902173913043477,20.75812274368231
EWR-DTW,3248,9.557336621454994,20.751231527093598
CLT-CAE,1229,9.04315960912052,20.748576078112286
JFK-AUS,2362,3.6977437207322263,20.745131244707874
LAS-EWR,3110,3.247482949009419,20.739549839228296
TLH-CLT,979,10.417177914110429,20.73544433094995
PHL-MCI,844,6.7434679334916865,20.734597156398106
DFW-LRD,1635,5.279510703363915,20.733944954128443
ORD-SYR,1611,6.64449968924798,20.7324643078833
RSW-IND,902,6.60377358490566,20.73170731707317
BNA-DAL,2383,6.357504215851602,20.73017205203525
DCA-OKC,714,4.009817671809257,20.72829131652661
CHS-CLT,2779,11.132204610951009,20.726880172724
BOI-SAN,700,5.7439198855507865,20.714285714285715
PHL-SLC,676,11.330860534124628,20.710059171597635
STL-LAS,2086,4.68426103646833,20.709491850431448
MSY-BWI,1159,5.883217993079585,20.707506471095773
LGA-DAL,1333,4.356711915535445,20.705176294073517
TPA-IAH,1792,9.716367713004484,20.703125
DCA-DAY,1111,9.508108108108107,20.7020702070207
BNA-LAS,2034,4.555555555555555,20.698131760078663
PHX-BWI,1160,3.1600346020761245,20.689655172413794
AUS-BNA,3055,7.568897637795276,20.687397708674304
LAS-BWI,2040,3.454500737825873,20.68627450980392
MSP-FSD,1533,5.84323971260614,20.678408349641224
CVG-MIA,1166,7.296391752577319,20.668953687821613
DTW-IAD,1316,10.48936170212766,20.66869300911854
MDW-DTW,2066,6.559051306873185,20.667957405614715
BIS-DFW,600,5.574539363484087,20.666666666666668
ATL-RIC,3073,7.735026041666667,20.663846404165312
DEN-MSP,6302,5.190347674234006,20.66010790225325
GRI-DFW,717,18.831460674157302,20.641562064156208
LAS-ONT,2739,3.922571219868517,20.627966411098942
AVP-CLT,1052,13.000951474785918,20.627376425855513
RDU-JFK,3840,7.9919144496609285,20.625
STL-DEN,3845,5.2592399791775115,20.624187256176853
LAX-STS,616,5.921824104234528,20.616883116883116
MSP-SAN,1320,2.454337899543379,20.606060606060606
CVG-LAS,694,8.45664739884393,20.605187319884728
IAH-DTW,2417,9.337339411520928,20.604054613156805
IAH-DAL,597,8.018487394957983,20.603015075376884
IAD-BDL,631,7.907936507936508,20.602218700475436
LAS-FAT,1767,3.727066817667044,20.599886813808716
ORD-JAX,1617,4.6499380421313505,20.59369202226345
SEA-GEG,5157,6.331781140861467,20.593368237347295
ORD-IAD,1671,11.450569203115638,20.586475164572114
PHX-BOS,2138,7.06235349273324,20.5799812909261
HOU-MCO,2002,6.598294884653962,20.579420579420578
SEA-PHX,7114,4.278902953586498,20.57913972448693
ILM-DFW,593,3.062818336162988,20.57335581787521
PVD-MCO,1570,5.294945617402432,20.573248407643312
DEN-BNA,3996,5.622930255895635,20.57057057057057
BOS-EWR,4225,5.452025586353945,20.568047337278106
HOU-ABQ,953,5.161764705882353,20.566631689401888
SAT-HOU,1624,5.4003701418877235,20.56650246305419
SEA-KTN,1415,5.641281138790036,20.565371024734983
PHL-DEN,2937,5.365803814713897,20.5652025876745
ORD-DTW,5490,8.465463823583015,20.564663023679415
BOS-JAX,1206,3.998341625207297,20.563847429519072
ORD-ROA,710,6.140625,20.56338028169014
ATL-ELP,710,5.3342736248236955,20.56338028169014
LAS-CLE,900,6.341870824053452,20.555555555555554
DAL-BNA,2379,6.253052631578948,20.55485498108449
PHL-BNA,2754,5.724163027656477,20.551924473493102
SLC-SAN,2613,6.462984273110855,20.55109070034443
DTW-MDT,545,8.248618784530386,20.55045871559633
SFO-BOI,1460,7.0535346602608096,20.54794520547945
SEA-DCA,730,1.7215363511659807,20.54794520547945
STL-PHX,2375,6.2681281618887015,20.54736842105263
PIT-MCO,2307,6.614050303555941,20.54616384915475
MSP-GRB,1008,10.159045725646124,20.535714285714285
LGA-RSW,935,6.181330472103005,20.53475935828877
CRW-ATL,1062,12.777777777777779,20.527306967984934
PWM-PHL,950,13.744994731296101,20.526315789473685
TUS-SAN,609,4.745065789473684,20.525451559934318
JFK-ORD,2705,9.343079200592154,20.51756007393715
DEN-LAX,7662,5.735509138381201,20.516836335160534
MSP-SMF,546,2.663003663003663,20.51282051282051
CVG-RSW,780,8.18346253229974,20.51282051282051
LAS-PHX,7001,6.27950843098028,20.497071846879017
BDL-ORD,2020,7.085402184707051,20.495049504950494
LAS-CMH,1093,4.0467032967032965,20.494053064958827
TPA-HOU,1030,7.52729044834308,20.485436893203886
LAS-OGG,825,10.359477124183007,20.484848484848484
SFO-RNO,1416,6.9314002828854315,20.480225988700564
BOS-DTW,2710,5.038433111603843,20.479704797047972
DFW-JFK,1841,5.770447110141767,20.478001086366106
SEA-SMF,4098,5.473889702293802,20.47340165934602
DFW-AMA,2379,5.513900589721988,20.470786044556537
SEA-LIH,1065,-0.725883476599809,20.469483568075116
ORD-PHX,5897,8.558084239130435,20.468034593861287
DFW-FSM,1158,5.021720243266724,20.466321243523318
BOS-JFK,5469,5.084491587417703,20.460778935820077
DFW-CLL,1090,4.654377880184332,20.458715596330276
PHX-AUS,3458,5.783870031911808,20.445344129554655
AUS-LGB,587,4.137989778534924,20.442930153321974
SEA-DEN,6658,4.706839409460681,20.44157404626014
MSP-DCA,2270,6.1744340878828226,20.440528634361232
DFW-SHV,1884,9.183749336165693,20.435244161358813
DAL-MAF,1444,5.578874218207088,20.429362880886426
PHL-ATL,5758,5.684531059683313,20.423758249392147
DEN-LIT,1322,5.742057488653555,20.423600605143722
DFW-MGM,916,7.447483588621444,20.41484716157205
DFW-SNA,2748,6.206065034709536,20.41484716157205
ORF-CLT,2665,11.954083552879187,20.412757973733584
BNA-PHX,2244,4.641964285714286,20.409982174688057
CLE-MIA,647,4.27639751552795,20.401854714064914
LAS-ORD,5235,6.218791946308725,20.401146131805156
MSP-MSN,1422,6.434904996481351,20.393811533052038
MSP-SAT,873,6.423650975889782,20.389461626575027
EWR-CLE,1889,7.189719130895601,20.38115404976178
FLL-DTW,2444,6.920966420966421,20.376432078559738
DAL-ATL,3509,8.86273949099228,20.37617554858934
MDW-CMH,1330,6.401355421686747,20.37593984962406
DCA-MCO,4963,6.700344199230614,20.370743501914166
DTW-DCA,2666,6.024454477050414,20.367591897974492
DEN-MAF,1252,3.967173738991193,20.36741214057508
IAH-SLC,1964,8.21173469387755,20.366598778004075
MSP-RHI,820,6.700488997555012,20.365853658536583
MCO-TTN,604,7.085714285714285,20.364238410596027
STL-AUS,879,5.979498861047836,20.36405005688282
SBN-ORD,1935,8.79483204134367,20.361757105943152
CMH-ORD,3232,7.801299907149489,20.358910891089106
PHX-MKE,1454,4.640248104755341,20.357634112792297
DFW-SAF,1582,7.7484116899618805,20.353982300884958
RSW-EWR,1926,8.788592360020932,20.35306334371755
TPA-MIA,2521,12.182215164747916,20.3490678302261
DCA-BUF,1160,7.236614853195164,20.344827586206897
DCA-JFK,2232,4.969534050179211,20.340501792114697
JAN-HOU,831,6.4227053140096615,20.33694344163658
AUS-EWR,1791,4.996058558558558,20.323841429369068
ELP-LAS,1427,6.551893408134642,20.322354590049056
MDW-MCI,2175,4.687096774193549,20.321839080459768
PHX-CID,625,4.827419354838709,20.32
DAY-ORD,1196,7.675041876046901,20.317725752508363
ORD-SJU,1196,5.982367758186398,20.317725752508363
DEN-HDN,1516,5.272365805168986,20.316622691292878
RSW-CMH,635,9.24447949526814,20.31496062992126
DFW-SGF,2993,6.41608040201005,20.314066154360173
SNA-STS,640,6.209702660406886,20.3125
CAK-CLT,1280,9.841444270015698,20.3125
HOU-LAS,1994,4.687907676869042,20.310932798395186
MDW-MHT,522,5.019157088122605,20.306513409961685
SEA-KOA,1340,-1.05446293494705,20.298507462686565
DTW-APN,611,11.638613861386139,20.29459901800327
DEN-CID,1109,6.877828054298643,20.28854824165915
IAD-BOS,1442,9.660416666666666,20.249653259361995
PHX-BNA,2268,5.386754966887417,20.238095238095237
PHL-MKE,509,2.7810650887573964,20.23575638506876
CHS-PHL,1359,9.886514369933677,20.235467255334804
IAH-PIB,613,8.410801963993453,20.22838499184339
DTW-MBS,1147,12.25741710296684,20.226678291194418
DTW-LAS,3176,3.586511188150016,20.21410579345088
PDX-SAN,1702,6.517688679245283,20.211515863689776
HOU-CRP,1138,3.980650835532102,20.210896309314588
MCO-MSP,2158,8.956420955030135,20.203892493049118
DFW-FWA,901,3.588888888888889,20.199778024417313
PHX-EUG,604,8.963576158940397,20.198675496688743
ORD-DLH,1030,4.7368421052631575,20.19417475728155
DFW-GPT,1040,5.4429400386847195,20.192307692307693
SGF-DEN,936,10.973233404710921,20.192307692307693
LAS-SMF,5527,4.308541440463265,20.191785778903565
BNA-JAX,956,6.0722513089005234,20.188284518828453
LAS-BOS,1595,5.626827717736808,20.188087774294672
CMH-TPA,872,6.165517241379311,20.18348623853211
PHL-ORD,4474,6.961254199328107,20.183281180151987
PHL-BHM,560,4.258064516129032,20.17857142857143
GPT-CLT,1011,9.294642857142858,20.178041543026705
TPA-ORD,3038,7.319338842975206,20.177748518762343
IAD-DFW,1695,7.89757252812315,20.17699115044248
PHX-HOU,2082,5.698213423466925,20.172910662824208
RIC-LGA,2058,6.450292397660819,20.165208940719147
LGA-HOU,1206,4.197159565580618,20.149253731343283
MCO-IAD,1633,7.955269607843137,20.14696876913656
LAX-TUS,2487,9.09621578099839,20.14475271411339
RDU-MDW,1117,7.489208633093525,20.143240823634738
BWI-SLC,720,2.673611111111111,20.13888888888889
HOU-PHX,2096,4.276981852913085,20.13358778625954
BOS-MIA,3731,2.534983853606028,20.12865183596891
LAX-IND,636,8.749211356466876,20.125786163522015
DTW-AZO,989,9.49341438703141,20.12133468149646
DCA-ALB,1168,5.499571550985433,20.11986301369863
BHM-MIA,676,7.085925925925926,20.118343195266274
TXK-DFW,716,15.436974789915967,20.11173184357542
MSP-XWA,731,11.134800550206327,20.109439124487004
PHX-SAT,2667,8.6296992481203,20.097487814023246
STL-MCO,2355,7.1777966822628665,20.084925690021233
ORD-GSP,1419,5.674894217207334,20.084566596194502
DTW-RIC,986,8.956345177664975,20.08113590263692
GEG-SFO,533,5.430451127819549,20.075046904315197
MCO-LAX,2915,6.796907216494845,20.06861063464837
MDW-SLC,648,2.886996904024768,20.061728395061728
ATL-BUF,1316,6.943768996960486,20.060790273556233
MSY-LGA,1341,7.188297074268567,20.05965697240865
SJT-DFW,1067,10.07029053420806,20.056232427366446
MYR-CLT,2583,7.503295851105079,20.05420054200542
BOS-SLC,1292,3.186966640806827,20.046439628482972
PHX-STL,2415,5.458662235147487,20.041407867494822
HPN-FLL,973,3.794421487603306,20.041109969167522
ATL-SRQ,2605,8.382454790303964,20.038387715930902
IAD-IAH,1667,3.7104154124021673,20.03599280143971
DEN-MSN,1128,5.679680567879326,20.0354609929078
BUF-DCA,1168,10.727194492254734,20.034246575342465
HOU-DAL,4044,5.286917740336968,20.02967359050445
DFW-CMI,719,7.810659186535764,20.027816411682892
SFO-ONT,1463,5.42202462380301,20.027341079972658
RSW-IAH,784,6.313222079589217,20.02551020408163
HNL-SFO,2492,6.520691040578545,20.024077046548957
PHX-DSM,884,9.439909297052154,20.02262443438914
DEN-TYS,934,4.860215053763441,20.021413276231264
MEM-ORD,1569,3.8396166134185306,20.01274697259401
LAS-STL,2105,4.479713603818616,20.0
LGB-LAS,2260,4.9375,20.0
STS-SNA,640,6.9125,20.0
DFW-GRI,710,8.252840909090908,20.0
SAN-PDX,1692,4.609338061465721,19.976359338061467
DCA-RSW,816,2.4341943419434195,19.975490196078432
STL-LIT,676,4.343703703703704,19.97041420118343
XWA-DEN,1212,10.5,19.966996699669966
MSP-CVG,1373,5.36661807580175,19.956300072833212
BUF-MCO,1614,4.760397268777157,19.950433705080545
BOS-ATL,4983,3.5354916549366577,19.94782259682922
JFK-IAD,707,8.103399433427763,19.943422913719942
ILM-CLT,2783,9.727436174038116,19.942508084800576
ATL-SYR,1043,7.822456813819578,19.942473633748804
MCO-CLE,2001,5.2442442442442445,19.940029985007495
TPA-PIT,963,5.410176531671858,19.937694704049843
BHM-DAL,923,7.776200873362446,19.934994582881906
DTW-SAT,893,4.612107623318385,19.932810750279955
LGA-IAH,4036,5.801646706586826,19.920713577799802
ATL-SAT,2967,5.058803649881717,19.919110212335692
LAS-LGB,2260,2.1792828685258963,19.911504424778762
MCI-LAX,1241,4.482675261885576,19.90330378726833
PHX-MDW,3066,4.670931758530184,19.89562948467058
SJU-IAH,940,6.389903329752954,19.893617021276597
EWR-SAV,920,1.9042437431991295,19.891304347826086
JFK-MSP,1086,3.0663594470046083,19.88950276243094
JAX-DTW,528,5.996212121212121,19.886363636363637
BNA-JFK,2173,8.513837638376383,19.880349746893692
SAV-JFK,1459,9.337680164722032,19.87662782727896
SEA-PSC,1761,5.339965889710062,19.875070982396366
PHX-ORD,5872,3.8471533595486407,19.873978201634877
JFK-MSY,1218,2.4584362139917695,19.868637110016422
BOS-SAV,609,1.8932676518883416,19.868637110016422
ABQ-LAS,2104,4.860199714693295,19.866920152091254
IND-IAH,851,5.199292452830188,19.858989424206815
RDU-TPA,1234,6.566206336311941,19.854132901134523
AUS-MAF,937,7.443970117395945,19.850586979722518
ATL-PDX,1346,2.9529499626587006,19.836552748885588
ATL-DAL,3519,4.558278711883728,19.835180448991192
HNL-PDX,721,3.352288488210818,19.83356449375867
BUF-JFK,2764,7.459978268743209,19.826338639652676
DSM-LAS,575,4.923344947735192,19.82608695652174
CID-CLT,545,16.823853211009176,19.816513761467892
IND-LAX,636,11.95440251572327,19.81132075471698
MLU-DFW,1136,9.37885462555066,19.806338028169016
MLI-CLT,707,10.285714285714286,19.801980198019802
PIT-IAH,606,7.953488372093023,19.801980198019802
COS-LAS,909,5.5291529152915295,19.801980198019802
SMF-GEG,601,6.545757071547421,19.800332778702163
HPN-CLT,1450,10.606081548030408,19.79310344827586
ATL-LGA,8013,6.2820962888666,19.792836640459257
DCA-BOS,9499,5.819647939285338,19.79155700600063
TPA-DTW,2284,10.00920245398773,19.78984238178634
PHL-MEM,566,4.25531914893617,19.78798586572438
LAS-BUR,4352,4.222401474994238,19.784007352941178
LAX-MCO,2918,4.418932874354561,19.773817683344756
SAN-SEA,4597,5.640618197649108,19.773765499238635
ORD-RSW,2635,4.527820121951219,19.772296015180267
IAH-LAX,5346,6.594943820224719,19.771791994014215
DFW-FAR,931,3.3967741935483873,19.763694951664874
SFO-ABQ,577,5.770833333333333,19.75736568457539
CVG-ORD,2972,6.683625336927224,19.75100942126514
LAS-MCI,2056,4.220924574209246,19.747081712062258
AUS-ORD,2983,7.060840336134453,19.745222929936308
MCI-DCA,1783,7.955467869222097,19.742007851934943
PHX-DAL,3050,5.949308755760368,19.737704918032787
SEA-ATL,3497,4.556128293241695,19.73119816985988
LAX-PHL,2565,5.36278342455043,19.7270955165692
STL-PHL,1597,8.839296924042687,19.724483406386977
AUS-CVG,573,11.807692307692308,19.720767888307154
SFO-MCO,1131,0.9456812110418522,19.71706454465075
SAT-CLT,1400,12.197424892703863,19.714285714285715
PWM-BWI,1258,6.202229299363057,19.71383147853736
DCA-PBI,1649,3.3788706739526413,19.708914493632506
PHX-SBA,1365,10.045218680504076,19.706959706959708
LAS-PHL,1604,3.8827238335435057,19.70074812967581
ORD-XNA,1965,2.5422606924643585,19.69465648854962
DTW-MSN,1295,6.2567672080433105,19.69111969111969
BOS-LAX,4637,2.5223493845821636,19.689454388613328
AMA-DFW,2377,7.861661746098693,19.688683214135466
PHX-SMF,3652,5.8929060531361275,19.687842278203725
FAY-CLT,569,8.725352112676056,19.68365553602812
DTW-JFK,1667,6.292917166866746,19.67606478704259
DTW-TPA,2282,6.649802023757149,19.67572304995618
MDW-SDF,1047,3.5453677172874882,19.675262655205348
JAX-PHL,1596,12.281504702194358,19.674185463659146
DFW-SBN,859,5.246783625730994,19.67403958090803
MSP-FAR,1703,6.933607520564042,19.67116852613036
DCA-SFO,727,3.3953168044077136,19.669876203576344
BDL-FLL,783,1.4030808729139923,19.66794380587484
DFW-ILM,595,3.8527918781725887,19.66386554621849
ATL-ROC,1002,7.248248248248248,19.660678642714572
DCA-MSN,936,10.285101822079314,19.65811965811966
DEN-MSO,1104,4.37511353315168,19.655797101449277
DAL-STL,2066,6.646631119728551,19.651500484027107
DAL-SAT,2692,4.621330360460795,19.650817236255573
SLC-PHL,677,3.285925925925926,19.64549483013294
DFW-SJT,1069,2.7706766917293235,19.644527595884004
PHL-MSP,1899,5.393234672304439,19.641916798314902
BNA-AUS,3048,4.810917461361394,19.619422572178475
DEN-CHS,699,6.002865329512894,19.599427753934194
CHS-DEN,699,6.089595375722543,19.599427753934194
LGA-ORD,10727,5.601290081331214,19.595413442714644
DTW-MKE,1480,8.457374830852503,19.594594594594593
ORD-SNA,2114,0.8731521220791607,19.5837275307474
EWR-PWM,960,5.35245046923879,19.583333333333332
BNA-ORD,4613,7.318112633181126,19.575113808801213
LAX-HNL,5574,4.060197663971249,19.573017581628992
MCI-BWI,843,5.290973871733967,19.572953736654807
DCA-MYR,608,4.7838283828382835,19.572368421052634
LAS-BOI,1681,3.470518165574747,19.571683521713265
BIL-DFW,639,10.775157232704403,19.561815336463223
LGA-CLT,5902,4.619460010188487,19.552694002033206
SFO-EUG,849,4.535377358490566,19.55241460541814
OAK-MDW,660,2.4490106544901065,19.545454545454547
BHM-PHL,563,10.09608540925267,19.538188277087034
CMI-ORD,645,10.266666666666667,19.53488372093023
RNO-LAS,4205,4.1901023078753274,19.5243757431629
ORD-HPN,1009,3.180099502487562,19.52428146679881
MSP-RST,999,13.06106106106106,19.51951951951952
FAT-SFO,1030,7.889105058365759,19.514563106796118
STS-LAX,615,6.845528455284553,19.51219512195122
JFK-SAV,1461,3.457789979409746,19.50718685831622
MEM-DEN,1256,5.3171314741035856,19.506369426751593
CLT-DAB,1364,4.997797356828194,19.501466275659823
DEN-DRO,1764,6.803642572566876,19.501133786848072
RSW-PIT,554,7.648014440433213,19.494584837545126
LAS-JFK,3325,3.6738667477943414,19.48872180451128
MDW-DCA,2073,4.344309927360775,19.48866377231066
SYR-ORD,1596,3.117610062893082,19.48621553884712
LAX-BWI,1827,1.769906644700714,19.485495347564314
SJU-JFK,3690,7.60048886474742,19.48509485094851
HRL-HOU,1345,6.343261355174981,19.479553903345725
DCA-ILM,765,1.54521625163827,19.477124183006538
BOI-MSP,801,7.491228070175438,19.475655430711612
RNO-LGB,724,4.037344398340249,19.475138121546962
MSP-ATW,935,7.598070739549839,19.46524064171123
TPA-LAX,1084,5.436111111111111,19.464944649446494
DEN-BIS,1249,5.216237942122186,19.45556445156125
PDX-LAS,3691,4.931436314363143,19.452722839338932
MDW-PIT,1162,4.405335628227195,19.44922547332186
DFW-DRO,1085,4.683085501858736,19.447004608294932
DFW-ROW,936,10.485991379310345,19.444444444444446
AUS-PHX,3459,12.03299565846599,19.4275802254987
JFK-RDU,3846,3.0140625,19.422776911076443
PHX-MCI,2626,5.648225867989317,19.42117288651942
DEN-BZN,2657,5.458553127354936,19.4203989461799
MSP-ANC,649,4.2326656394453,19.41448382126348
EWR-SLC,1195,7.973176865046102,19.414225941422593
CMH-RSW,634,4.085987261146497,19.400630914826497
IAD-MIA,567,3.7389770723104054,19.400352733686066
LGA-MDW,2346,2.670794192997438,19.394714407502132
MSP-ABR,722,10.457697642163662,19.390581717451525
AUS-MSP,1398,7.307086614173229,19.38483547925608
DTW-ALB,1295,4.685271317829457,19.382239382239383
RDM-SEA,1641,7.7471054235222425,19.378427787934186
BOS-RDU,2983,3.82817753866846,19.376466644317798
ABQ-SFO,573,4.155866900175131,19.3717277486911
RSW-DEN,821,7.607317073170732,19.366626065773445
STL-TUL,692,3.26878612716763,19.36416184971098
ORF-DEN,558,8.388489208633093,19.35483870967742
HOU-TPA,1023,4.766895200783545,19.35483870967742
TUS-LAS,1297,3.698535080956052,19.35235158057055
BOS-PHX,2141,1.6597938144329898,19.33675852405418
DAL-ORD,1164,3.5671256454388987,19.329896907216497
BOS-PHL,5184,6.815830115830116,19.328703703703702
PDX-BUR,1097,7.126373626373627,19.325432999088424
FAT-PHX,1491,12.766599597585513,19.3158953722334
JFK-SYR,1481,3.9770114942528734,19.311276164753544
DCA-CHS,1735,1.5262550490478939,19.30835734870317
DEN-PSP,1844,4.099182561307902,19.305856832971802
SNA-LAS,3652,5.411394138592167,19.304490690032857
MIA-PNS,1068,3.853795688847235,19.288389513108616
LGA-ROA,617,0.48366013071895425,19.286871961102108
LAS-SNA,3661,2.2407761683520087,19.28434853865064
BOS-MSY,882,2.075170842824601,19.27437641723356
DAL-LGB,633,3.492868462757528,19.273301737756714
DTW-PHX,2283,9.742543859649123,19.27288655278143
MSO-DEN,1100,5.953551912568306,19.272727272727273
LGA-SRQ,685,4.256598240469208,19.27007299270073
DEN-HSV,711,3.404225352112676,19.268635724331926
SEA-SJC,4484,4.0678117332143655,19.268510258697592
GSO-DCA,737,10.49931787175989,19.26729986431479
AUS-IAH,2154,6.8842936802973975,19.26648096564531
CLL-DFW,1090,9.838235294117647,19.26605504587156
SEA-CLT,1303,14.782307692307691,19.2632386799693
JFK-DTW,1667,7.5264423076923075,19.25614877024595
IAH-MFE,805,9.610211706102117,19.25465838509317
LAS-BLI,852,4.714453584018801,19.248826291079812
DFW-GJT,930,5.730021598272138,19.247311827956988
TPA-LAS,941,2.65356004250797,19.234856535600425
OAK-DAL,650,5.179012345679013,19.230769230769234
MHT-CLT,1082,8.732590529247911,19.223659889094268
DEN-SGU,718,4.379551820728292,19.220055710306408
PHX-ONT,3295,4.59945338597024,19.21092564491654
FLL-DEN,1541,4.757496740547588,19.208306294613887
JFK-BNA,2166,3.6794634597594817,19.205909510618653
CHS-DCA,1729,7.417780360255665,19.20185078079815
DEN-FCA,1052,6.8683206106870225,19.20152091254753
EWR-ORF,901,6.478309232480534,19.20088790233074
CVG-SEA,698,-0.8080229226361032,19.197707736389685
DCA-JAX,1542,6.114359974009097,19.1958495460441
MKE-MCO,1636,4.0703363914373085,19.193154034229828
MSN-DCA,938,7.5963597430406855,19.189765458422176
TVC-DTW,1126,9.013321492007105,19.182948490230906
LAX-RDU,683,10.95307917888563,19.1800878477306
LAS-ATL,4943,4.728600405679513,19.17863645559377
PIT-CLT,1919,8.06621480709072,19.17665450755602
TPA-BWI,3177,6.202583490863264,19.169027384324835
SDF-MCO,934,5.947368421052632,19.16488222698073
ATW-DTW,809,12.496902106567534,19.15945611866502
BOS-MYR,689,5.0087082728592165,19.15820029027576
MCO-FLL,1274,5.815251572327044,19.15227629513344
PHL-IND,1657,5.369184290030211,19.13095956547978
MDT-ORD,941,5.602127659574468,19.128586609989373
ATL-MDW,3780,6.781789222192726,19.126984126984127
RSW-CLT,1961,10.852459016393443,19.12289648138705
SAT-LAS,2348,6.244463373083475,19.122657580919935
OGG-SEA,1705,3.49645390070922,19.120234604105573
RIC-JFK,701,7.400855920114123,19.115549215406563
STL-CMH,654,5.834862385321101,19.113149847094803
DTW-ATW,811,10.628712871287128,19.112207151664613
CID-PHX,623,6.743961352657005,19.101123595505616
DFW-CRP,2456,4.616795760293519,19.096091205211728
BNA-IAH,1959,8.332479508196721,19.091373149566103
BOS-ORD,6838,4.452412377181405,19.08452763966072
ANC-BET,718,5.35933147632312,19.080779944289695
ATL-CSG,981,10.425944841675179,19.06218144750255
BNA-MKE,766,5.065274151436031,19.06005221932115
DTW-PHL,3243,7.553395061728395,19.056429232192414
MSP-BOI,803,3.244084682440847,19.05354919053549
DTW-DEN,2997,2.2423938482113006,19.052385719052385
IND-MCO,2378,5.724588781105019,19.049621530698065
MSP-SDF,898,5.497767857142857,19.042316258351892
DEN-SNA,3592,2.2074839430326723,19.042316258351892
ECP-DAL,688,4.78978102189781,19.040697674418606
MSP-BWI,1471,3.42574931880109,19.03467029231815
ALB-ORD,1261,1.980952380952381,19.032513877874703
ORD-PSP,578,0.9079861111111112,19.031141868512112
AUS-MDW,1477,3.4193328795098705,19.025050778605284
CLT-STT,615,5.436988543371522,19.024390243902438
SFO-ATL,3091,4.303177691309987,19.02296991264963
LAS-IAH,4164,4.26743905382573,19.020172910662826
ATL-MCI,3260,6.098647818070067,19.018404907975462
DCA-DEN,1446,7.34882108183079,19.017980636237898
BOS-BNA,2729,1.6918262150220913,19.017955294979846
ORD-IND,3945,5.568965517241379,19.011406844106464
CVG-FLL,805,4.294776119402985,19.006211180124225
MSP-RSW,1258,4.379585326953748,18.998410174880764
BOS-PIT,2174,3.7540304007369873,18.997240110395584
HPN-ORD,1006,2.6762948207171315,18.986083499005964
TPA-SJU,1533,6.329196603527106,18.98238747553816
LAX-MDW,1391,1.8459869848156183,18.979151689432065
DTW-JAX,527,2.3263757115749524,18.975332068311197
BIS-DEN,1249,6.35024154589372,18.975180144115292
MDW-ABQ,506,1.2944664031620554,18.972332015810274
LAW-DFW,1049,10.59580552907531,18.970448045757866
DCA-LAX,1450,0.04450625869262865,18.96551724137931
SLC-SAT,1023,4.600588812561335,18.963831867057674
LAX-FLL,1925,0.42745709828393136,18.961038961038962
SMF-LAS,5575,5.800574403159217,18.95964125560538
DCA-STL,2268,4.72153574580759,18.95943562610229
OGG-PDX,649,1.6646058732612055,18.952234206471495
MKE-JFK,818,10.209815950920245,18.94865525672372
SJC-LAS,4492,4.727960819234194,18.94479073909172
MYR-PHL,528,10.962121212121213,18.939393939393938
MCI-EWR,544,7.341372912801484,18.933823529411764
ORF-DCA,1273,6.44488188976378,18.931657501963866
DEN-PSC,729,5.440165061898212,18.930041152263374
SFO-PHL,1379,2.990559186637618,18.92675852066715
HOU-MDW,1733,4.276682134570765,18.9267166762839
DTW-ORD,5485,7.27154857560263,18.92433910665451
HLN-DEN,724,17.279166666666665,18.922651933701655
OMA-MSP,1375,5.901018922852984,18.90909090909091
RHI-MSP,820,-2.1646341463414633,18.902439024390244
MSP-IND,1344,5.0566318926974665,18.898809523809522
ATL-CLT,5325,7.053749295245255,18.892018779342724
RDU-LAX,683,3.822840409956076,18.887262079062957
GRB-MSP,1006,5.2288557213930345,18.886679920477135
BOI-LAS,1669,7.465227817745803,18.873576992210907
JFK-SLC,1934,-3.4370792335577423,18.87280248190279
COS-DAL,885,3.6625,18.870056497175142
PHL-PVD,997,9.02008032128514,18.85656970912738
JFK-STT,541,9.34380776340111,18.853974121996302
DCA-PIT,1556,2.3221864951768487,18.830334190231362
HOU-BWI,1402,2.9492857142857143,18.830242510699
BGR-DCA,935,6.398924731182795,18.823529411764707
ORF-MIA,553,16.16152450090744,18.806509945750452
ONT-DFW,2361,11.494247976139754,18.80559085133418
BNA-EWR,1941,6.6637351267459906,18.804739824832563
MAF-AUS,936,7.1038543897216275,18.803418803418804
DFW-BIS,601,2.8,18.80199667221298
DFW-TYR,1064,9.525870178739417,18.796992481203006
HOU-MCI,1001,2.995,18.78121878121878
SAT-DAL,2689,3.7002978406552494,18.780215693566383
MHT-DCA,1225,7.725409836065574,18.775510204081634
SAN-ATL,2408,7.812161599333611,18.77076411960133
ANC-MSP,650,7.0170278637770895,18.76923076923077
ELP-SAT,778,5.266752577319588,18.76606683804627
SLC-ORD,2883,7.698606271777003,18.765175164758933
PHX-SEA,7104,3.5107852812632174,18.764076576576578
FAI-SEA,2303,2.3725575336517584,18.758141554494138
AUS-SEA,1986,3.4509605662285137,18.731117824773413
TYS-ORD,1794,5.889821029082774,18.729096989966553
PHX-BOI,1704,4.2522045855379185,18.720657276995308
MSP-MIA,1266,4.5400475812846945,18.72037914691943
STL-EWR,1031,2.724340175953079,18.71968962172648
HOU-DEN,2714,2.726467331118494,18.717759764185704
PHX-FAT,1491,6.484889187374076,18.712273641851105
LGA-BTV,930,2.6307857911733046,18.70967741935484
LGA-ATL,7998,2.696969696969697,18.704676169042262
MLI-DFW,786,1.9540229885057472,18.702290076335878
PWM-DCA,1278,7.8725413060582214,18.70109546165884
IND-PHX,1498,3.746995994659546,18.69158878504673
PHX-RNO,2393,6.684696016771489,18.67948182198078
PWM-ORD,1060,3.5563981042654027,18.679245283018865
RDU-BOS,2983,4.684563758389261,18.672477371773383
OKC-LAS,1131,2.4716814159292033,18.65605658709107
OMA-ORD,2139,10.044007490636703,18.653576437587656
RAP-DFW,1099,7.465690759377859,18.653321201091902
DEN-FSD,1695,4.180580224985198,18.643067846607668
SAN-OGG,692,2.340675477239354,18.641618497109828
SFB-ABE,633,5.491283676703645,18.64139020537125
HOU-TUL,676,2.5044510385756675,18.639053254437872
PIT-BOS,2168,4.690212373037858,18.634686346863468
HNL-SEA,2866,-0.12918994413407822,18.632240055826937
MSN-DEN,1122,8.546916890080428,18.627450980392158
TPA-FLL,1165,1.7459227467811158,18.626609442060087
DTW-MDW,2067,6.787584869059166,18.626028059990325
MSP-DEN,6311,2.319155689573084,18.61828553319601
BNA-SAV,709,3.362482369534556,18.61777150916784
DFW-ASE,1128,-0.3790849673202614,18.617021276595743
DTW-EWR,3266,4.760502913216805,18.61604409063074
SFO-JFK,6387,3.92659541024835,18.615938625332706
MEM-HOU,736,4.015047879616963,18.61413043478261
JFK-SEA,2885,-1.6548611111111111,18.613518197573654
PHX-CLE,865,2.719582850521437,18.61271676300578
TPA-MSY,1182,4.848433530906012,18.61252115059222
ORF-ATL,2472,7.40494527766518,18.6084142394822
LEX-ORD,1537,4.8423452768729645,18.607677293428758
MDW-DEN,3225,3.235550031075202,18.6046511627907
FLL-SLC,586,2.7042735042735044,18.600682593856654
SEA-FAT,855,4.4491228070175435,18.596491228070175
PHX-DEN,9368,5.25847140566542,18.59521776259607
TUS-LAX,2485,6.717277486910994,18.591549295774648
FLL-STT,511,1.7692307692307692,18.590998043052835
DEN-HLN,721,7.685236768802229,18.58529819694868
MSP-BDL,888,5.503954802259887,18.58108108108108
ROC-ORD,1577,3.4218551461245235,18.579581483830058
PHL-SRQ,619,-0.5445705024311183,18.578352180936992
SFO-DTW,1518,6.302310231023102,18.57707509881423
MSP-INL,646,6.948837209302326,18.575851393188856
LGA-DEN,4549,2.9275907883082373,18.575511101340954
MSP-GRR,1368,4.871250914411119,18.567251461988306
PHX-PDX,3846,5.970052083333333,18.564742589703588
CLT-FAY,571,6.176882661996498,18.563922942206652
JFK-CLT,3523,3.8180523917995446,18.56372409877945
AUS-DAL,2478,3.6022635408245756,18.563357546408394
JAX-EWR,1277,6.666404405979543,18.55912294440094
DFW-MLU,1137,4.709106984969054,18.557607739665787
HOU-HRL,1342,2.2296793437733036,18.554396423248882
PLN-DTW,830,5.672289156626506,18.55421686746988
LRD-DFW,1634,11.451474201474202,18.543451652386782
PNS-MIA,1068,6.07981220657277,18.53932584269663
BIS-MSP,1554,6.551191242755956,18.53281853281853
LGA-CHS,1587,0.9476670870113493,18.525519848771268
DCA-ORD,6074,5.095795548227535,18.521567336187026
PVD-ORD,1188,7.575168918918919,18.51851851851852
SDF-ORD,2074,4.368777187046883,18.514946962391516
BNA-LAX,2085,4.779538904899136,18.513189448441246
JFK-PHX,2631,0.3127383676582761,18.510072215887497
AGS-ATL,2134,10.09845288326301,18.509840674789128
SFO-RDM,1086,6.647276084949215,18.50828729281768
ATL-BDL,2113,6.410317084713677,18.504495977283483
MTJ-DEN,1470,1.034717494894486,18.503401360544217
DCA-ROC,1022,4.832681017612525,18.493150684931507
BNA-MSY,1314,3.2051868802440886,18.493150684931507
SFO-PIT,584,-0.8175559380378657,18.493150684931507
JFK-CHS,1677,2.0107398568019095,18.485390578413835
DCA-BTV,1358,4.7202952029520295,18.483063328424155
SRQ-LGA,682,12.679049034175334,18.475073313782993
SLC-MCI,953,4.725263157894737,18.467995802728225
BUF-ATL,1316,3.075399847677075,18.465045592705167
DEN-MOT,742,9.34375,18.463611859838274
BZN-ORD,867,9.266203703703704,18.45444059976932
IDA-DFW,542,4.70925925925926,18.45018450184502
BOS-CLT,5133,2.638385020479813,18.44924995129554
DEN-MRY,629,4.590690208667737,18.441971383147855
SDF-DCA,987,12.901322482197354,18.439716312056735
DEN-CPR,1421,5.565186751233263,18.437719915552428
MSY-ORD,1828,7.2825728422210005,18.435448577680525
CMH-DFW,1687,9.93575252825699,18.435091879075284
RDU-DEN,1877,4.270443613041154,18.433670751198722
IND-AUS,689,2.7583697234352256,18.432510885341074
LAX-DCA,1449,1.4513212795549375,18.426501035196686
CMH-PHL,1444,8.165742024965326,18.421052631578945
GSP-BWI,581,3.2659758203799654,18.416523235800344
MYR-BOS,690,3.9608127721335267,18.405797101449277
OAK-GEG,652,3.824884792626728,18.404907975460123
RSW-BWI,1353,5.167036215816704,18.403547671840354
DTW-GSP,663,6.785714285714286,18.401206636500756
MDW-CLE,1163,4.348537005163511,18.400687876182285
RSW-CLE,1060,2.7233238904627006,18.39622641509434
BDL-DEN,810,-0.04472049689440994,18.395061728395063
ATL-SAV,2816,5.144788331554607,18.394886363636363
APN-DTW,609,9.789819376026273,18.39080459770115
SLC-SEA,3955,0.9511392405063291,18.38179519595449
PHL-DTW,3244,7.146160962072155,18.372379778051787
ATL-RDU,4730,5.243540872511647,18.372093023255815
LAX-BNA,2064,4.5570665371539585,18.362403100775193
LAX-EWR,5448,1.1960856720827178,18.355359765051396
MSP-IAH,1809,2.792547274749722,18.352681039248203
MSP-CID,801,5.73,18.352059925093634
EWR-JAX,1286,2.1634241245136185,18.35147744945568
MKE-BOS,845,2.7748815165876777,18.34319526627219
DTW-CLE,1467,8.623465211459754,18.336741649625086
ATL-PWM,502,6.3213572854291415,18.326693227091635
RDU-ORD,3139,5.441073139572022,18.317935648295634
SAV-PHL,961,8.021897810218977,18.314255983350677
MSP-OMA,1376,6.267297887836854,18.313953488372093
STL-MSY,699,2.5630372492836675,18.31187410586552
BOS-DEN,3736,0.49530201342281877,18.30835117773019
HOU-MAF,1300,3.6605080831408774,18.307692307692307
AUS-MCI,825,4.649635036496351,18.303030303030305
MSP-HIB,623,7.564516129032258,18.298555377207062
CMH-DEN,1798,3.0178372352285394,18.298109010011125
BOS-DCA,9504,4.07964135021097,18.297558922558924
DFW-MTJ,563,4.539964476021314,18.29484902309059
CRP-DFW,2449,7.3330608908868005,18.29318089015925
RDU-SFO,656,2.6396946564885497,18.29268292682927
SFO-MSY,525,1.4789272030651341,18.285714285714285
DEN-COD,629,3.1136,18.282988871224166
DFW-BRO,1614,2.131055900621118,18.277571251548945
DAY-DFW,1335,2.6215199398043643,18.277153558052433
MGM-ATL,1390,8.90850144092219,18.27338129496403
GEG-MSP,799,2.951188986232791,18.272841051314142
BWI-JFK,564,9.2677304964539,18.26241134751773
IND-TPA,1090,6.558011049723757,18.256880733944953
MEI-IAH,608,10.790774299835256,18.25657894736842
MLB-CLT,1112,6.71996386630533,18.255395683453237
LIT-DEN,1321,3.344224924012158,18.243754731264193
LAS-SLC,4402,3.0714123265863087,18.241708314402544
CMI-DFW,719,6.141258741258741,18.219749652294855
CLT-TLH,977,2.804727646454265,18.219037871033777
SNA-DFW,2745,6.272993770611945,18.21493624772313
BNA-HOU,1719,2.2387624051371864,18.20826061663758
SAV-CLT,2802,7.583928571428571,18.201284796573873
SAV-MDW,511,6.276470588235294,18.199608610567513
BNA-ECP,1044,3.0057581573896353,18.199233716475096
DTW-IND,1485,5.942048517520216,18.181818181818183
IAD-FLL,792,4.365019011406844,18.181818181818183
DTW-BWI,2041,4.140686274509804,18.17736403723665
DCA-DTW,2658,3.201731275875047,18.17155756207675
DTW-ATL,4905,3.6288280930992243,18.1651376146789
LAX-ORD,6557,5.218017465910832,18.163794418179044
RSW-DTW,1924,5.333333333333333,18.139293139293137
BWI-MSP,1472,1.9469026548672566,18.13858695652174
LAX-BOS,4643,1.8972366148531952,18.134826620719362
JFK-LAS,3320,-3.7625942684766214,18.132530120481928
DFW-BMI,717,2.5692307692307694,18.13110181311018
BNA-DEN,4017,3.1449239211773508,18.12297734627832
BOS-BUF,916,3.978142076502732,18.12227074235808
BNA-CMH,745,4.361073825503356,18.120805369127517
BOS-BWI,4001,3.2489367025268954,18.120469882529367
MSP-STL,1987,2.0171198388721048,18.117765475591344
DCA-CID,519,1.560077519379845,18.11175337186898
MSP-BIS,1557,3.7733419188667097,18.11175337186898
DTW-SYR,1292,5.038699690402477,18.111455108359134
DCA-MKE,1342,2.819133034379671,18.107302533532042
IAD-SEA,2206,0.5400363967242948,18.087035358114235
DSM-ORD,1914,5.90491118077325,18.0773249738767
CHS-JFK,1671,4.961007798440312,18.073010173548774
LNK-ORD,963,12.74089490114464,18.06853582554517
BNA-CHS,742,4.074123989218329,18.059299191374663
BNA-PNS,886,2.056497175141243,18.058690744920995
HOU-OKC,1324,3.765684051398337,18.051359516616312
MSY-ATL,4561,6.583845478489903,18.0442885332164
SFO-TPA,571,0.708994708994709,18.038528896672503
OAK-HNL,1082,-1.52548656163114,18.02218114602588
MCI-BOS,694,2.670995670995671,18.011527377521613
GPT-DFW,1044,8.917387127761767,18.007662835249043
MCI-DEN,4232,3.9661458333333335,18.005671077504726
CLT-MLB,1111,3.763963963963964,18.001800180018
BNA-DCA,4079,4.136173356316179,17.994606521206176
MSP-ATL,3679,2.9001088731627656,17.994020114161458
BMI-DFW,717,2.691444600280505,17.99163179916318
STL-SEA,873,0.6215596330275229,17.983963344788087
MSN-MSP,1418,7.204240282685513,17.983074753173483
DCA-MCI,1791,1.2973124300111982,17.978782802903407
MSP-MEM,880,1.0318543799772468,17.954545454545453
AUS-BWI,1276,2.1407232704402515,17.946708463949843
LAX-KOA,1616,4.6160547604231486,17.945544554455445
PHX-OKC,1778,4.826576576576577,17.94150731158605
PHX-BUR,3149,4.233077905491698,17.91044776119403
LAX-FAT,771,5.7315175097276265,17.898832684824903
PBI-BWI,1330,5.26355421686747,17.894736842105264
PDX-PHX,3869,6.736801242236025,17.885758593951927
PSP-ORD,576,2.471304347826087,17.881944444444446
ABQ-AUS,727,4.195323246217331,17.881705639614857
SLC-IAH,1958,4.975872689938399,17.87538304392237
DAY-DCA,1108,5.603260869565218,17.870036101083034
MCI-AUS,845,2.603080568720379,17.869822485207102
STL-DCA,2272,6.971315092674316,17.869718309859156
ABQ-DAL,1679,5.278639618138425,17.86777843954735
DCA-CLE,1388,3.375630857966835,17.86743515850144
PDX-MCO,504,2.802395209580838,17.857142857142858
MAF-DEN,1255,4.895582329317269,17.848605577689245
SFO-GEG,527,6.461977186311787,17.836812144212523
DEN-GJT,1727,5.000580383052815,17.8343949044586
DFW-RAP,1099,2.2153987167736022,17.8343949044586
PHX-LAX,7122,4.61376404494382,17.832069643358608
ORD-PWM,1060,1.8816287878787878,17.830188679245282
BTV-CLT,718,8.899159663865547,17.827298050139277
DEN-XNA,1285,4.14519906323185,17.82101167315175
SMF-SEA,4097,1.2050342130987293,17.817915547961924
ATL-MKE,2464,4.724095895977245,17.816558441558442
BOS-RIC,1704,1.6310223266745005,17.781690140845072
DTW-PIT,1350,5.0889547813194955,17.77777777777778
ICT-DEN,1789,6.08127802690583,17.775293460033538
LGA-OMA,1401,3.581478822684853,17.77301927194861
DFW-HRL,1615,2.6875776397515527,17.770897832817337
SEA-IAD,2206,2.31073703366697,17.769718948322758
DCA-MEM,1002,-1.9481037924151696,17.764471057884233
DFW-CHA,1430,2.94327731092437,17.762237762237763
PHL-CMH,1436,7.11235170969993,17.757660167130922
MSP-JFK,1087,-1.172062904717854,17.75528978840846
ATL-STL,3408,3.9788359788359786,17.752347417840376
DTW-SEA,2062,-1.3945578231292517,17.749757516973812
MCI-MCO,1702,4.541224970553593,17.743830787309047
BNA-RDU,2311,7.220632856523624,17.741237559498053
PHL-PHX,2469,2.6114494518879416,17.739975698663425
ATL-MLI,716,3.3874125874125873,17.737430167597765
MCI-HOU,998,2.938631790744467,17.73547094188377
BNA-PIT,936,7.112179487179487,17.735042735042736
PHX-OMA,1754,4.2409845449341725,17.730900798175597
CMH-MCO,2115,4.603800475059383,17.73049645390071
ABR-MSP,722,10.718836565096954,17.72853185595568
SAN-SLC,2606,6.296082949308755,17.728319263238678
IAD-DTW,1315,9.010654490106544,17.718631178707227
RSW-BNA,604,7.447761194029851,17.715231788079468
OGG-SMF,525,2.2614503816793894,17.71428571428571
OKC-HOU,1316,3.833968012185834,17.705167173252278
GEG-LAS,757,3.2417437252311756,17.701453104359313
BOS-LAS,1599,-1.5598746081504702,17.698561601000627
IND-LAS,1486,1.298718813216453,17.69851951547779
DLH-MSP,1181,3.972904318374259,17.696867061812025
DEN-XWA,1215,6.239202657807309,17.695473251028808
IAD-ORD,1673,3.1879114302812686,17.692767483562463
DRO-DEN,1758,7.080865603644647,17.690557451649603
IAD-SAN,1555,0.2532299741602067,17.684887459807076
SEA-ALW,526,3.6368821292775664,17.680608365019012
MEM-MCO,809,4.548946716232962,17.676143386897404
LAS-SJC,4504,1.371530091050411,17.67317939609236
SAV-BWI,962,4.387733887733888,17.671517671517673
BHM-DCA,974,7.320987654320987,17.659137577002053
TUL-HOU,674,2.9285714285714284,17.655786350148368
DFW-SPS,714,4.738028169014084,17.647058823529413
OMA-LAS,1128,2.233156028368794,17.641843971631204
AUS-ABQ,737,3.358695652173913,17.639077340569877
DEN-LBF,618,4.285251215559157,17.637540453074433
BNA-MYR,584,5.017123287671233,17.636986301369863
ATL-HOU,3205,4.151221039448967,17.628705148205928
MIA-EYW,1214,0.7683429513602638,17.627677100494235
IAD-DEN,3200,3.714866979655712,17.625
PHX-MIA,1742,3.446685878962536,17.623421354764638
CVG-RDU,664,3.9939759036144578,17.620481927710845
LGA-BOS,7585,2.740168910002639,17.61371127224786
ATL-IND,3231,4.790207623179423,17.610646858557722
MEM-LAS,619,2.1132686084142396,17.60904684975767
JAC-DEN,1528,3.5872703412073492,17.604712041884817
HRL-DFW,1614,5.267080745341615,17.59603469640644
ROA-LGA,614,7.096091205211726,17.58957654723127
DSM-DEN,2287,6.184763572679509,17.577612592916484
BUR-DFW,717,10.377652050919378,17.573221757322173
MSP-GFK,1087,4.434101382488479,17.571297148114077
DEN-JAC,1531,4.666446499339498,17.570215545395165
SFO-MRY,575,6.253496503496503,17.565217391304348
SEA-FLL,877,2.355097365406644,17.559863169897376
MSP-DSM,1008,4.0587064676616915,17.559523809523807
SFO-TUS,860,3.882284382284382,17.558139534883722
FAR-MSP,1703,3.7157956547269526,17.557251908396946
SEA-RDM,1641,4.367421922841396,17.550274223034734
HRL-AUS,718,4.147838214783821,17.548746518105848
AUS-SLC,1744,3.7126436781609193,17.545871559633028
DAY-CLT,1368,7.255303584491587,17.543859649122805
PHX-LGB,1431,1.7475524475524475,17.54018169112509
TPA-RDU,1232,3.9796251018744906,17.532467532467532
BOS-MSP,2145,0.9822595704948646,17.52913752913753
EWR-MSY,1427,0.7808988764044944,17.51927119831815
MSY-LAX,1627,2.540973505853358,17.516902274124156
PHX-TUL,1086,2.838709677419355,17.495395948434624
DCA-PVD,2464,6.530678585940675,17.491883116883116
DTW-CHS,612,9.46808510638298,17.483660130718953
DCA-ATL,6787,4.101992619926199,17.47458376307647
LAX-SBA,704,14.611428571428572,17.47159090909091
TPA-BDL,945,6.498409331919406,17.46031746031746
PIT-DCA,1558,1.3660886319845857,17.458279845956355
IAD-CLT,2103,4.816579323487375,17.45126010461246
MSP-MDW,2826,2.216589861751152,17.445152158527954
CMH-STL,648,4.3765432098765435,17.438271604938272
ORF-MDW,585,1.4948453608247423,17.435897435897434
MKE-LGA,1262,8.262907069102463,17.432646592709986
IAD-TPA,1090,2.8691244239631337,17.431192660550458
BJI-MSP,723,9.915629322268327,17.42738589211618
DEN-BFF,614,5.292483660130719,17.42671009771987
ATL-IAD,3237,6.629216960693284,17.42354031510658
ALB-MDW,706,3.725462304409673,17.422096317280452
MSY-BNA,1309,5.116119174942704,17.417876241405654
STL-MKE,666,5.027149321266968,17.417417417417415
HPN-MCO,1292,0.9252336448598131,17.414860681114554
FSD-DEN,1694,0.830869308101715,17.414403778040143
RST-MSP,1000,5.882,17.4
ORD-ELP,615,1.788273615635179,17.398373983739837
LGB-HNL,730,-1.0356164383561643,17.397260273972602
DTW-MSY,799,1.4378920953575909,17.39674593241552
DSM-MSP,1006,3.337972166998012,17.395626242544733
SEA-LAX,7307,1.916210295728368,17.394279458053923
BOI-SEA,3703,1.9680994863476615,17.391304347826086
SAT-ELP,782,3.5626598465473145,17.391304347826086
BRO-DFW,1617,6.546130030959753,17.37786023500309
SMF-PDX,1646,4.2097264437689965,17.375455650060754
ATL-DHN,760,9.971014492753623,17.36842105263158
MDW-ATL,3726,4.4971766603925785,17.364465915190554
LGA-DTW,4119,2.8845125212740093,17.35858218014081
DCA-IAH,2097,4.153256704980843,17.358130662851693
MSP-LGA,2339,1.842512908777969,17.35784523300556
ATL-CHS,2772,5.225189462287982,17.352092352092352
CVG-DEN,1810,2.6526548672566372,17.34806629834254
MSP-LAS,2762,0.07823252444766389,17.342505430847215
DEN-GTF,721,4.213091922005571,17.337031900138697
MSP-PHX,3375,3.126037959667853,17.333333333333336
BUF-DFW,502,5.507014028056112,17.330677290836654
HOU-ATL,3203,7.186933416692717,17.327505463627848
DEN-LAR,606,2.5707154742096505,17.326732673267326
DTW-PVD,791,9.0,17.319848293299618
AUS-ATL,4273,3.4159831263182565,17.318043529136435
ATL-HPN,1848,5.020708446866485,17.316017316017316
JFK-BWI,566,1.482332155477032,17.314487632508836
SAT-EWR,826,9.721411192214111,17.312348668280872
JAX-BWI,1398,2.7449856733524354,17.310443490701
SEA-BLI,959,4.095933263816476,17.309697601668404
IAD-LAX,2577,0.03073929961089494,17.306946061311603
ATL-EYW,1451,7.983310152990264,17.29841488628532
MYR-BNA,584,3.0239726027397262,17.294520547945204
CLE-MSP,1278,2.9184313725490196,17.29264475743349
HOU-DCA,1007,2.4378109452736316,17.27904667328699
AUS-DEN,4630,2.575135135135135,17.278617710583152
MBS-DTW,1146,6.484293193717278,17.277486910994764
MEM-MDW,660,7.390577507598784,17.272727272727273
PHX-SJC,3335,4.0783078307830785,17.27136431784108
RAP-MSP,1048,7.0958772770853304,17.270992366412212
PHX-ABQ,3231,3.823219814241486,17.270194986072422
ABQ-PHX,3237,3.925170068027211,17.269076305220885
RAP-DEN,2068,4.123062015503876,17.263056092843325
MCO-ORF,736,2.5424657534246577,17.255434782608695
MIA-IAD,568,5.658407079646017,17.253521126760564
SEA-PSP,1658,1.9673518742442564,17.249698431845598
AUS-HRL,719,2.004172461752434,17.2461752433936
ATL-OMA,1995,1.4343231001509813,17.24310776942356
MKE-MSP,1508,2.9913793103448274,17.24137931034483
HOU-MSY,2252,3.0249110320284696,17.2291296625222
DTW-RDU,1492,1.691739422431162,17.22520107238606
DCA-SYR,1046,1.505736137667304,17.208413001912046
MSP-DLH,1180,4.698897370653095,17.203389830508474
LAX-JFK,9871,3.2813932172318974,17.201904568939316
AVL-EWR,593,3.26271186440678,17.200674536256326
RIC-DEN,663,0.866464339908953,17.194570135746606
OAK-PHX,2031,3.272772033481044,17.183653372722794
LGA-RDU,4017,1.7141787319021469,17.17699775952203
PWM-DTW,687,10.13138686131387,17.17612809315866
MKE-PHX,1450,4.574585635359116,17.17241379310345
LAX-SAT,2144,6.314806165343297,17.16417910447761
ATL-PNS,2570,5.753115264797508,17.15953307392996
ATL-MSP,3684,2.8162044589450788,17.15526601520087
CLE-BOS,1691,3.537596210775607,17.14961561206387
SFO-IAD,2719,1.619240692959823,17.138653916881204
DCA-AVL,566,0.10892857142857143,17.137809187279153
MCI-LAS,2060,1.91541079241614,17.135922330097088
CLE-DEN,1850,0.5414185165132648,17.135135135135133
JFK-IND,2061,-0.5143412736995625,17.127607957302278
MSP-BJI,724,12.048543689320388,17.12707182320442
EYW-ATL,1448,11.075589459084604,17.12707182320442
CVG-BOS,2004,3.4267866066966515,17.115768463073852
CLE-RSW,1058,1.8077651515151516,17.107750472589792
JNU-SEA,1590,3.7067337948395216,17.10691823899371
SLC-STL,953,2.9475341028331585,17.103882476390346
ATL-PIT,2830,5.1954754330152,17.102473498233213
JFK-LAX,9876,-2.9454305710518307,17.10206561360875
CHS-BWI,1240,2.3002421307506054,17.096774193548388
HNL-SJC,1381,-1.5401882693700217,17.089065894279507
DFW-MHK,966,2.207291666666667,17.080745341614907
BGR-EWR,644,0.39313572542901715,17.080745341614907
PDX-BOI,1037,5.538090646094504,17.068466730954675
SRQ-BWI,1330,2.5293233082706768,17.06766917293233
SAN-MSP,1319,3.2361427486712224,17.058377558756636
HPN-ATL,1843,4.446982055464926,17.037438958220292
LGB-DAL,634,4.171428571428572,17.034700315457414
STL-BWI,1321,1.9848599545798638,17.032551097653293
ORD-ABQ,822,1.1070559610705597,17.0316301703163
LGA-CAE,822,-2.6143552311435525,17.0316301703163
BNA-SAT,740,-0.7073170731707317,17.027027027027028
BOS-STL,1574,0.03371501272264631,17.026683608640404
ATL-GRR,1392,2.9647735442127967,17.025862068965516
LNK-DEN,887,1.6043083900226758,17.023675310033823
ATL-SEA,3496,-1.4322931577440596,17.01945080091533
BHM-ORD,500,1.0200803212851406,17.0
MSP-RDU,1212,0.06462303231151616,16.996699669966997
TUL-CLT,812,9.433168316831683,16.995073891625616
IAD-AUS,960,5.796875,16.979166666666668
MSY-STL,707,4.275813295615276,16.973125884016973
CLT-IAD,2104,4.596858638743456,16.96768060836502
DCA-PHL,1398,2.7401574803149606,16.95278969957082
BNA-SEA,1298,-1.8174114021571648,16.94915254237288
LGA-SAV,1003,-1.8344965104685942,16.94915254237288
PHX-MSP,3375,3.3224562444378525,16.94814814814815
SFO-SMF,980,5.8061224489795915,16.93877551020408
ACY-MCO,921,0.6013071895424836,16.938110749185668
LGA-CVG,2474,-1.4190283400809716,16.936135812449475
MCO-ROC,620,2.2580645161290325,16.93548387096774
RIC-BOS,1701,3.2215674720094283,16.93121693121693
CMH-MIA,821,-0.80440097799511,16.930572472594395
LGA-ALB,632,-3.517405063291139,16.930379746835442
SEA-OGG,1713,-2.6266195524146054,16.929363689433742
SJC-BOI,597,0.6884422110552764,16.917922948073702
SAV-DCA,881,10.604332953249715,16.91259931895573
PHX-SNA,4329,2.954187875983341,16.90921690921691
IAH-VCT,621,12.612903225806452,16.908212560386474
SDF-MSP,899,2.983277591973244,16.907675194660733
ABE-SFB,633,6.845181674565561,16.903633491311215
MCI-ORD,3183,6.269606299212598,16.90229343386742
MCI-PHX,2628,4.408155487804878,16.894977168949772
MKE-BWI,888,2.8508474576271188,16.89189189189189
IND-DEN,2647,2.298292220113852,16.887041934265206
MCI-DAL,2002,3.8159478435305916,16.883116883116884
SFO-RDD,853,6.183529411764706,16.881594372801874
DCA-OMA,640,0.3453689167974882,16.875
LAX-SAN,2147,5.526856609061186,16.860735910572895
BOS-MCI,694,-2.553623188405797,16.85878962536023
OMA-DTW,1021,6.458374142997061,16.846229187071497
CLE-DCA,1395,3.95902228612509,16.845878136200717
PWM-LGA,1401,4.664045746962116,16.84511063526053
DHN-ATL,760,5.944591029023747,16.842105263157894
HNL-SMF,731,-0.16186556927297668,16.82626538987688
HOU-BNA,1748,2.6063037249283667,16.819221967963387
ORF-BWI,1529,2.0157068062827226,16.808371484630477
SAT-PHX,2678,6.4188481675392675,16.803584764749814
SJC-AUS,1220,4.2151067323481115,16.80327868852459
ILM-LGA,1619,3.9084724799010515,16.800494132180358
STL-MSP,2006,2.7556109725685785,16.79960119641077
ELP-DEN,1798,2.8287785833798105,16.796440489432705
PHX-ELP,2650,5.152132880332201,16.79245283018868
SNA-ATL,1001,9.540160642570282,16.783216783216783
LAS-DTW,3183,2.020478890989288,16.776625824693685
SEA-BOI,3708,4.116806042622066,16.774541531823083
SYR-BWI,620,-0.7705977382875606,16.7741935483871
COS-PHX,972,3.314814814814815,16.76954732510288
PVD-DCA,2469,6.060470779220779,16.767922235722963
FLL-MSP,704,2.8323863636363638,16.761363636363637
CSG-ATL,979,7.6108273748723185,16.75178753830439
MSP-PIT,1212,2.9818481848184817,16.74917491749175
BRD-MSP,645,2.337984496124031,16.74418604651163
INL-MSP,645,7.1612403100775195,16.74418604651163
ATL-CVG,2807,4.996433666191155,16.743854649091556
SEA-ONT,2491,0.9111736334405145,16.7402649538338
BZN-DEN,2653,2.002645502645503,16.73577082548059
OMA-IAH,538,12.298507462686567,16.728624535315987
ATL-MEM,3300,3.2366504854368934,16.727272727272727
LAX-OAK,3330,0.8087087087087087,16.726726726726724
EWR-SYR,568,-0.4507042253521127,16.725352112676056
CRP-HOU,1142,5.492105263157895,16.72504378283713
DTW-LAX,2751,-1.7113214415726248,16.72119229371138
TPA-IAD,1084,4.1174838112858465,16.69741697416974
BNA-LGA,4277,5.4393796992481205,16.693944353518823
SRQ-BNA,623,1.8883495145631068,16.693418940609952
MSP-MCI,1612,0.1892059553349876,16.687344913151364
SEA-DTW,2062,1.0626822157434401,16.682832201745878
GRR-MSP,1367,4.15508412582297,16.67885881492319
SLC-LAX,4433,1.9070187316632814,16.6704263478457
PHX-IAH,2545,4.787771203155819,16.660117878192533
EWR-IND,2216,-2.0370036101083033,16.651624548736464
ABI-DFW,1742,4.409534750143596,16.647531572904708
MKE-LAS,1346,1.0275092936802974,16.64190193164933
SLC-CVG,673,5.349253731343284,16.64190193164933
ALB-ATL,998,2.338368580060423,16.63326653306613
MKE-DTW,1479,5.5503718728870854,16.63286004056795
SJC-SEA,4492,0.4250055716514375,16.629563668744435
LAX-MCI,1245,1.7835880933226067,16.626506024096386
IAD-MSY,656,4.253822629969419,16.615853658536587
IAH-MAF,650,7.449922958397535,16.615384615384617
ELP-ORD,614,5.286184210526316,16.612377850162865
OKC-ORD,2013,2.716417910447761,16.592151018380527
MDW-BNA,1947,1.477857878475798,16.589625064201336
MLU-ATL,862,7.121809744779583,16.58932714617169
TPA-BUF,790,4.559493670886076,16.582278481012658
DTW-LGA,4131,1.7545476594712588,16.581941418542726
CHS-LGA,1581,3.7869372225745086,16.57179000632511
PSP-DFW,1008,9.698507462686567,16.567460317460316
LGA-DSM,924,-2.9837310195227764,16.558441558441558
DEN-FAR,1450,2.5341614906832297,16.551724137931036
DTW-CLT,3855,3.533142708604107,16.549935149156937
SAN-IAH,1777,2.5475651189127975,16.54473832301632
DCA-BNA,4086,1.6877606082904095,16.544297601566324
PHX-HNL,1318,-0.2985305491105955,16.5402124430956
SLC-JAC,1052,8.736030828516377,16.53992395437262
DTW-BDL,1234,2.2103980503655563,16.53160453808752
DFW-LCH,1059,5.650568181818182,16.525023607176582
SLC-SNA,1701,2.2392457277548616,16.519694297472075
IAD-ORF,624,4.232371794871795,16.506410256410255
IAD-MSP,927,5.64185544768069,16.50485436893204
SAN-IAD,1552,2.1262953367875648,16.49484536082474
ATL-AGS,2134,7.22524636320976,16.49484536082474
AZO-DTW,989,5.521739130434782,16.48129423660263
MSP-BZN,807,1.465260545905707,16.480793060718714
SAN-EWR,1596,-0.7765822784810127,16.478696741854638
ROC-DCA,1026,5.064390243902439,16.471734892787524
ORF-JFK,1403,2.3618843683083512,16.46471846044191
MSY-MDW,990,3.4046653144016226,16.464646464646464
GRR-DTW,1537,1.6141834743005856,16.460637605725438
JAC-SLC,1051,5.41674595623216,16.460513796384397
ATL-SGF,1173,4.142123287671233,16.453537936913897
PHX-ATL,3665,3.8601092896174864,16.452933151432468
BOS-CLE,1690,-0.18030842230130487,16.449704142011832
BUR-PDX,1064,2.786453433678269,16.447368421052634
EUG-PHX,602,10.086522462562396,16.44518272425249
FCA-DEN,1052,5.474785918173168,16.44486692015209
RDU-BWI,1861,1.263866451265482,16.442772702847932
LGA-GSP,1601,-2.1934877896055105,16.42723297938788
MSP-MOT,1224,5.871205906480722,16.42156862745098
BWI-ORD,2595,1.4310011596443757,16.416184971098264
LIH-SEA,1054,-2.2165242165242165,16.413662239089184
SEA-CVG,701,-1.5771428571428572,16.405135520684734
PDX-EWR,823,1.9791921664626684,16.403402187120292
TYS-PHL,506,-0.21868787276341947,16.40316205533597
SMF-BOI,872,4.174712643678161,16.399082568807337
DCA-MDW,2074,1.5258579023682939,16.39344262295082
LGB-PHX,1434,1.9797768479776847,16.387726638772666
ORF-DTW,830,6.365500603136309,16.3855421686747
AVL-ATL,2106,1.6381766381766383,16.381766381766383
IND-PHL,1655,5.170598911070781,16.37462235649547
CLE-EWR,1881,2.3704097924427887,16.374269005847953
STL-LGA,3628,2.6871369294605807,16.37265711135612
CID-DEN,1106,5.4656419529837255,16.365280289330922
SAN-MIA,550,30.596715328467152,16.363636363636363
BOS-CVG,1999,0.5619047619047619,16.358179089544773
EWR-AVL,593,-1.5219594594594594,16.357504215851602
OAK-PDX,1798,2.397107897664071,16.35150166852058
DTW-MSP,2318,0.6817789291882557,16.35030198446937
LAX-DEN,7601,1.8430623270523125,16.339955269043546
JFK-SAN,2369,-5.705307855626327,16.3360067539046
OAK-DEN,1868,1.8067632850241546,16.32762312633833
RDU-STL,631,1.3519108280254777,16.323296354992074
EWR-MYR,1213,-0.8202802967848309,16.323165704863975
LGA-GRR,1134,-2.122574955908289,16.313932980599645
DCA-SDF,981,1.7714285714285714,16.309887869520896
LGA-MSN,558,-2.1059245960502695,16.30824372759857
MSP-BNA,1619,0.8249845392702535,16.30636195182211
OMA-LGA,1399,5.98342939481268,16.29735525375268
IAD-PHX,1068,-0.7560975609756098,16.292134831460675
SLC-PHX,5856,3.1764102564102563,16.290983606557376
MSP-CMH,1234,1.8645579886455799,16.28849270664506
SFO-KOA,743,1.4654002713704206,16.28532974427995
ABQ-ORD,823,2.2121951219512197,16.281895504252734
DTW-CMH,1487,5.561616161616161,16.274377942165433
MSY-DTW,799,4.344611528822055,16.270337922403
PDX-FAT,529,4.013232514177694,16.257088846880908
COS-DEN,4934,2.007505070993915,16.254560194568302
CVG-EWR,1686,1.033373063170441,16.251482799525505
SAN-ORD,2849,3.725123500352858,16.25131625131625
SHV-CLT,825,10.330498177399758,16.242424242424242
KOA-LAX,1607,6.023720349563046,16.241443683883013
CAE-ORD,721,3.0502092050209204,16.22746185852982
LAR-DEN,604,8.041390728476822,16.225165562913908
LGA-RIC,2047,-2.8284457478005867,16.218856863702978
JAX-DEN,919,3.853551912568306,16.2132752992383
SGF-ATL,1172,4.580479452054795,16.21160409556314
SEA-SLC,3955,0.6396054628224582,16.20733249051833
SNA-ORD,2111,1.66044061302682,16.200852676456655
EWR-SDF,988,-5.092292089249493,16.194331983805668
PWM-EWR,951,-0.7252631578947368,16.19348054679285
SFO-SBA,1161,6.063478260869565,16.19293712316968
BUF-BOS,914,1.5509309967141292,16.192560175054705
PVD-MDW,667,1.8253012048192772,16.19190404797601
ATL-CMH,3064,4.57805355976486,16.187989556135772
BNA-BWI,1940,1.8586171310629516,16.185567010309278
RDM-DEN,717,10.413986013986014,16.178521617852162
SAF-DEN,872,0.7954022988505747,16.1697247706422
LGA-ILM,1609,-3.4206596141879277,16.159105034182723
SNA-PHX,4315,5.570136795733828,16.152954808806488
OMA-PHX,1729,2.087434858135495,16.136495083863505
DEN-SUN,602,2.231028667790894,16.11295681063123
SMF-BUR,2737,2.939816513761468,16.11253196930946
MKE-DCA,1342,3.9970082273747196,16.095380029806257
ATL-SDF,2827,2.49645390070922,16.094800141492748
DTW-ROC,1301,3.6576923076923076,16.06456571867794
LGA-CLE,2696,-0.2951002227171492,16.060830860534125
MDW-STL,1868,0.7214783074450991,16.059957173447536
EWR-CHS,1395,0.08034433285509325,16.057347670250895
IAD-CLE,573,3.6579406631762654,16.05584642233857
SFO-IAH,3096,0.7806619078520441,16.05297157622739
ATL-TUS,785,2.419108280254777,16.050955414012737
PVD-PHL,997,3.2146439317953863,16.0481444332999
RDU-ATL,4718,3.2052207130730053,16.044934294192455
LGA-IAD,1440,0.527449617790132,16.041666666666668
SAN-DTW,1172,1.262617621899059,16.040955631399317
GFK-MSP,1085,2.866359447004608,16.036866359447004
MSP-FLL,705,-2.9758179231863444,16.02836879432624
ATL-LFT,1061,6.34375,16.022620169651272
FAR-DFW,930,-0.2943722943722944,16.021505376344088
ATL-SLC,2966,0.12326916582235731,16.014834794335805
PDX-SMF,1636,3.1595354523227384,16.014669926650367
SPS-DFW,712,6.853932584269663,16.01123595505618
SNA-AUS,706,4.705965909090909,16.005665722379604
LGA-BNA,4249,-1.1299834866713847,16.003765591903978
SFO-MSP,1925,-0.6716961498439126,16.0
ATL-BNA,3657,4.048727073638106,15.996718621821165
DAB-CLT,1363,2.5099337748344372,15.994130594277328
MKE-STL,669,0.27994011976047906,15.994020926756352
MDT-DTW,544,4.394106813996316,15.992647058823529
AUS-DTW,1277,4.003139717425432,15.974941268598277
LAX-MSY,1629,0.3435960591133005,15.960712093308778
DEN-BFL,539,4.988847583643123,15.955473098330241
MSY-IAH,2828,5.4451133144475925,15.94766619519095
LBB-DEN,671,1.5895522388059702,15.946348733233979
PIT-BNA,947,1.4687830687830687,15.945089757127773
CMH-MDW,1336,1.5588014981273408,15.943113772455089
BNA-SRQ,621,3.6274193548387097,15.942028985507244
LGA-ROC,929,-0.7952586206896551,15.931108719052745
SEA-EUG,1331,3.6401202103681443,15.92787377911345
SAV-EWR,923,4.7559652928416485,15.926327193932826
MSP-PDX,1250,-1.281475541299118,15.920000000000002
IAD-ATL,3254,2.0123076923076924,15.918869084204058
BDL-ATL,2111,0.8055028462998103,15.916627190904784
DFW-AEX,1062,0.8106060606060606,15.913370998116761
HNL-SAN,1647,0.17216117216117216,15.907710989678204
GRB-DTW,987,6.768762677484787,15.906788247213779
ATL-MGM,1390,5.4455659697188175,15.899280575539567
ORF-PHL,736,4.035374149659864,15.896739130434783
IAD-SAT,648,2.5709876543209877,15.895061728395063
DFW-LAW,1057,4.650190114068441,15.894039735099339
PDX-ORD,2222,3.510609480812641,15.886588658865886
BHM-MDW,598,3.9327731092436973,15.88628762541806
EWR-PIT,2392,0.18151401087411126,15.88628762541806
SLC-CLT,913,4.377337733773377,15.88170865279299
SLC-SMF,1921,1.8334200937011973,15.877147319104633
AUS-STL,907,0.7273730684326711,15.87651598676957
IDA-DEN,1123,4.161319073083779,15.85040071237756
JAX-IAD,846,6.806642941874259,15.839243498817968
MOT-DEN,745,6.1831750339213025,15.838926174496645
BNA-VPS,872,0.38940092165898615,15.825688073394495
ICT-ORD,1561,3.6777920410783054,15.823190262652146
BPT-DFW,715,4.1678321678321675,15.804195804195803
MSP-SEA,2710,-4.015878877400295,15.793357933579335
LGA-MEM,1520,-4.9842001316655695,15.789473684210526
JFK-RIC,703,-0.6927453769559033,15.789473684210526
DTW-MEM,817,1.213235294117647,15.789473684210526
PVU-AZA,634,11.796529968454259,15.772870662460567
ADQ-ANC,799,1.3479349186483105,15.76971214017522
SMF-ORD,1167,9.51676698194325,15.766923736075409
SYR-DCA,1047,2.5751196172248805,15.759312320916905
HIB-MSP,622,2.1913183279742765,15.755627009646304
LGA-CHO,1333,-4.540946656649136,15.753938484621155
XNA-ORD,1968,0.4429153924566769,15.752032520325205
ATL-MLB,1378,1.8487272727272728,15.747460087082729
PVD-ATL,997,4.921765295887663,15.747241725175526
CHS-BNA,743,1.7967698519515478,15.746971736204577
CLE-DTW,1467,4.124062713019768,15.746421267893659
PHX-PHL,2471,1.2686385737439223,15.742614326183732
DTW-BNA,2230,1.060619667714414,15.739910313901346
OKC-DCA,712,2.269774011299435,15.730337078651685
ATL-ICT,1030,0.5,15.728155339805824
BOI-GEG,852,5.314553990610329,15.727699530516432
ATL-EVV,992,5.283838383838384,15.725806451612904
SAT-IAH,2067,5.930784123910939,15.723270440251572
CPR-DEN,1419,-1.370501058574453,15.715292459478505
SFO-AUS,1960,0.6403688524590164,15.714285714285714
CLE-ORD,2883,1.8857242097950677,15.71279916753382
PIT-DEN,1808,-0.5318559556786704,15.70796460176991
SYR-LGA,949,0.40549102428722283,15.700737618545837
BUF-DTW,1293,3.3101314771848416,15.699922660479505
LGA-SYR,943,2.740190880169671,15.69459172852598
LAX-SEA,7304,-0.7309220441156323,15.690032858707559
OAK-PSP,580,2.0172413793103448,15.689655172413794
CLE-ATL,2983,1.9335570469798657,15.688903788132752
HNL-DEN,574,1.637478108581436,15.6794425087108
MKE-BNA,772,1.2421875,15.67357512953368
CVG-LGA,2482,2.381818181818182,15.672844480257856
JFK-ITH,702,1.1157142857142857,15.669515669515668
PIT-MDW,1130,1.9078014184397163,15.663716814159292
DEN-IDA,1124,3.592328278322926,15.658362989323843
ORF-ORD,1156,2.0512152777777777,15.657439446366784
JFK-DCA,2236,-4.076681614349776,15.652951699463328
SDF-BWI,901,0.97,15.64927857935627
DEN-ANC,601,1.040133779264214,15.640599001663894
PHX-MRY,1388,3.377906976744186,15.63400576368876
ROC-DTW,1299,2.547765793528505,15.627405696689761
BNA-DTW,2227,2.242247191011236,15.626403233048944
DFW-SWO,717,4.08659217877095,15.620641562064156
SAV-ORD,1050,-0.13479923518164436,15.619047619047619
AVL-LGA,948,3.683315621679065,15.611814345991561
BUR-DEN,2005,0.7697697697697697,15.610972568578555
BTV-LGA,929,0.6088362068965517,15.608180839612487
DRO-PHX,942,3.05307855626327,15.605095541401273
ROA-ATL,1083,6.208872458410351,15.604801477377656
GJT-DEN,1724,1.843205574912892,15.603248259860788
IND-BOS,1968,0.28222109016811003,15.599593495934961
SLC-BZN,1167,5.665520206362855,15.5955441302485
FAT-SEA,853,1.701527614571093,15.59202813599062
TUL-LAS,744,0.24596774193548387,15.591397849462366
CVG-MSP,1373,-0.1363967906637491,15.586307356154405
IND-BWI,1187,3.8895446880269815,15.585509688289806
LGB-AUS,584,2.5907534246575343,15.582191780821919
BOI-SMF,873,2.7018348623853212,15.578465063001145
LAX-TPA,1085,0.35468895078922935,15.576036866359447
MAF-HOU,1297,4.928902627511592,15.574402467232073
PSP-SEA,1644,-0.9689213893967094,15.571776155717762
LAX-ABQ,2280,2.0975395430579966,15.570175438596493
OKC-IAH,681,5.071111111111111,15.565345080763581
TUL-DEN,2140,1.6192703461178672,15.560747663551403
ATL-VLD,765,5.381578947368421,15.555555555555555
TPA-MSP,1164,2.8623063683304646,15.549828178694158
SFO-SBP,939,4.295381310418905,15.54845580404686
LIT-LGA,605,1.9435215946843853,15.537190082644628
MKE-DEN,2707,-0.5743343195266272,15.515330624307353
ATL-AVL,2108,2.9110794103661437,15.512333965844402
DFW-TRI,548,-1.1627056672760512,15.51094890510949
PSP-OAK,574,-0.8257839721254355,15.505226480836237
DSM-LGA,929,0.8435814455231931,15.500538213132401
IND-DTW,1484,6.557277628032345,15.498652291105122
DEN-GUC,710,5.474504249291785,15.492957746478872
ATL-BHM,2937,4.108688245315162,15.491998638066054
FSD-ORD,1149,3.5796344647519582,15.491731940818102
BNA-MCI,1246,2.1358520900321545,15.48956661316212
SAT-DEN,3151,1.417222751827137,15.487146937480164
ROC-ATL,1001,2.6132264529058116,15.484515484515486
MKE-EWR,814,-3.3423645320197046,15.47911547911548
PDX-JFK,931,-0.43149946062567424,15.467239527389903
ROC-BWI,1106,2.9900452488687783,15.46112115732369
LAX-CLT,2957,1.835202174651716,15.454852891444032
JFK-CMH,1761,0.7861205915813424,15.445769449176606
SLC-BOI,1664,3.3978365384615383,15.444711538461538
PDX-DEN,4419,1.485040797824116,15.433355962887532
SMF-AUS,551,4.030909090909091,15.426497277676951
AEX-ATL,869,9.612903225806452,15.420023014959725
SYR-JFK,1480,2.972278566599053,15.405405405405407
BUF-MDW,805,1.4501246882793017,15.403726708074533
GSO-LGA,1917,1.158307210031348,15.388628064684404
ABE-CLT,1151,4.445993031358885,15.377932232841008
ANC-SEA,7499,-0.3354692297423575,15.375383384451261
JFK-ORF,1405,0.5096359743040685,15.373665480427047
ATL-TYS,2602,3.9388931591083782,15.372790161414295
PBI-ATL,4157,3.7490961677512655,15.371662256434929
DCA-EYW,540,-4.469924812030075,15.37037037037037
ATL-OKC,2017,1.3432539682539681,15.36936043629152
PDX-OAK,1770,1.9451977401129943,15.36723163841808
DEN-RIW,612,6.474548440065681,15.359477124183007
ANC-ADQ,788,-0.16772554002541296,15.355329949238577
MSP-TPA,1166,0.7615780445969125,15.3516295025729
ATL-VPS,2267,2.880920761398849,15.350683722981914
VCT-IAH,619,11.147249190938512,15.347334410339256
BTV-EWR,913,-2.4396929824561404,15.33406352683461
ATL-MLU,861,-0.42105263157894735,15.33101045296167
PIT-ORD,2917,2.5418956043956045,15.323962975659924
EVV-ATL,992,2.839231547017189,15.32258064516129
CLE-LGA,2697,4.41449814126394,15.313311086392286
XNA-LGA,947,0.8805970149253731,15.311510031678988
LGA-BHM,1000,-6.473473473473473,15.299999999999999
SBA-PHX,1360,10.95364238410596,15.294117647058824
LGA-DCA,4237,-0.9746985102861196,15.293839981118715
DEN-CYS,667,7.9154078549848945,15.292353823088456
RSW-MSP,1256,4.090111642743222,15.286624203821656
BOS-LGA,7570,0.7830799735624587,15.284015852047556
OMA-STL,759,1.4400527009222661,15.2832674571805
LAX-DTW,2743,1.1560672514619883,15.275246080933286
ELP-DAL,1709,2.8523529411764708,15.272088940901114
OMA-MDW,1421,1.9562764456981665,15.270935960591133
JAX-ORD,1612,2.8425637834474173,15.260545905707195
DEN-RKS,616,9.713355048859935,15.259740259740258
DTW-SDF,1232,2.260586319218241,15.259740259740258
SNA-EWR,1082,2.488350419384902,15.249537892791126
GNV-CLT,551,3.5945454545454547,15.245009074410163
FAY-ATL,866,7.502890173410405,15.242494226327944
SEA-MSP,2711,-1.106390838566679,15.234230911102914
TUL-ORD,1570,1.627151051625239,15.222929936305732
PHX-SBP,1157,5.113438045375218,15.211754537597233
SLC-OKC,704,2.6913229018492175,15.198863636363635
MSP-BRD,645,3.4618973561430795,15.193798449612403
SLC-ATL,2975,0.04210171775008421,15.193277310924369
VLD-ATL,764,3.9724770642201834,15.18324607329843
SLC-GEG,1640,1.8356750152718386,15.182926829268292
OAK-LAX,3354,0.2596899224806202,15.175909361955874
LGA-XNA,949,-6.38894792773645,15.17386722866175
SYR-DTW,1292,-0.7252321981424149,15.170278637770899
BNA-MDW,1938,0.7506466632177962,15.170278637770899
SLC-PSC,1055,4.588571428571429,15.165876777251185
HNL-LAX,5568,-0.2266594711279007,15.158045977011495
JAX-ATL,4482,3.501897745032373,15.149486836233825
LGB-DEN,1083,-0.15477293790546803,15.143120960295475
ATL-DAB,1427,4.187368421052631,15.13665031534688
SAT-BWI,773,0.17769130998702984,15.135834411384216
BOI-ORD,608,-0.09618573797678276,15.131578947368421
CLE-STL,701,0.8430813124108416,15.121255349500714
SNA-SMF,2223,1.3762376237623761,15.114709851551957
IND-ORD,3950,1.958449455282493,15.113924050632912
LGA-PIT,3123,-1.3643063120794616,15.113672750560358
EWR-GSP,933,-3.125671321160043,15.112540192926044
SBP-SAN,523,2.0863723608445297,15.105162523900573
DCA-MSP,2278,0.3762114537444934,15.100965759438104
BOI-PHX,1702,3.7132784958871916,15.09988249118684
HOU-LGB,623,-2.188102893890675,15.08828250401284
DEN-SHR,716,5.991608391608391,15.083798882681565
PHX-OGG,829,-6.350920245398773,15.078407720144751
ECP-ATL,2355,2.824404761904762,15.074309978768577
LAX-RNO,2800,3.1876569788302835,15.071428571428571
JFK-CVG,2045,-3.832762836185819,15.06112469437653
CLE-IAH,1229,-1.3651960784313726,15.052888527257933
STL-MDW,1848,0.16702819956616052,15.043290043290044
IND-MSP,1343,-0.4168530947054437,15.040953090096798
DTW-MYR,552,1.358695652173913,15.03623188405797
MSP-CWA,725,9.991724137931035,15.03448275862069
TUL-DAL,1111,1.4254742547425474,15.031503150315032
SAT-STL,539,0.9609665427509294,15.0278293135436
JAX-BNA,959,0.9811912225705329,15.015641293013557
RIC-DTW,987,5.467071935157041,14.994934143870314
DCA-SEA,727,-5.239669421487603,14.99312242090784
SLC-MFR,727,3.1848275862068967,14.99312242090784
IAD-CMH,774,1.3811369509043927,14.987080103359174
HOU-STL,1535,1.120599739243807,14.983713355048861
SFO-MFR,861,0.782051282051282,14.982578397212542
DEN-GCC,721,2.104022191400832,14.979195561719832
ONT-PDX,721,-0.11095700416088766,14.979195561719832
TUS-DEN,2517,1.7236580516898607,14.978148589590784
RDU-DTW,1496,2.4588628762541807,14.973262032085561
LGA-STL,3628,-2.238240177089098,14.966923925027565
ABE-ATL,1003,0.6693306693306693,14.955134596211368
LIT-DAL,1010,1.257936507936508,14.95049504950495
PHX-DTW,2281,3.254065934065934,14.949583516001756
JAX-IAH,843,5.377380952380952,14.94661921708185
ROC-LGA,931,-0.7685683530678149,14.930182599355533
MSP-DTW,2318,1.4054404145077721,14.926660914581536
IND-ATL,3236,3.739789603960396,14.925834363411619
LGA-ORF,1655,-2.219128329297821,14.924471299093655
ANC-JNU,1213,-0.2107883817427386,14.921681780708987
BIL-DEN,1394,-0.7365398420674802,14.921090387374461
MSP-MKE,1508,0.5013262599469496,14.920424403183025
GEG-SEA,5151,1.5540881724606719,14.909726266744322
PDX-SJC,2476,2.2734248788368334,14.90306946688207
OAK-BUR,3208,0.020625,14.900249376558602
LGA-MKE,1269,1.1066350710900474,14.893617021276595
BUR-SJC,2364,-0.71688531527719,14.890016920473773
DFW-BPT,712,5.503556187766714,14.887640449438203
LAS-IAD,927,-1.5102925243770313,14.886731391585762
ATL-JAN,2810,0.6109725685785536,14.875444839857652
MSP-LAX,2279,-2.83099209833187,14.874945151382185
LGA-MCI,1903,-4.12335266209805,14.87125591171834
MCO-MHT,619,1.9368932038834952,14.862681744749596
DCA-CMH,1853,0.7749595250944414,14.84079870480302
CLE-BNA,755,-1.719205298013245,14.834437086092716
ELP-PHX,2623,5.468320610687023,14.830346930995045
MLI-ATL,715,2.465444287729196,14.825174825174825
DTW-STL,1856,0.9261057173678533,14.816810344827585
MCI-SEA,1161,-2.800518134715026,14.814814814814813
LFT-ATL,1060,3.618009478672986,14.81132075471698
SAT-ATL,2971,3.691970310391363,14.809828340626051
JFK-CLE,1749,-1.8900973096737264,14.808461978273298
EWR-CMH,1952,-3.7667862634546387,14.805327868852459
MRY-PHX,1385,6.709840810419681,14.801444043321299
LAS-MSP,2765,-1.1404208998548622,14.792043399638336
STL-RDU,629,1.5414012738853504,14.785373608903022
OAK-OGG,859,-3.1233993015133876,14.78463329452852
SJC-PDX,2456,2.293398533007335,14.78013029315961
PHX-SLC,5853,1.185907302890371,14.778745942251836
CMH-DCA,1861,0.7897574123989218,14.777001612036539
CAE-LGA,819,1.6805385556915544,14.774114774114775
CLE-MDW,1158,0.31201382886776147,14.766839378238341
MEM-PHL,569,3.633628318584071,14.762741652021088
SLC-BUR,1348,1.1736214605067063,14.76261127596439
MSP-RAP,1050,1.3787152444870565,14.761904761904763
LGA-BUF,1924,-3.138397502601457,14.760914760914762
ATL-ABE,1003,1.664,14.755732801595215
SAV-LGA,1003,1.2409638554216869,14.755732801595215
BFF-DEN,610,9.162295081967214,14.754098360655737
CLE-JFK,1749,1.0634648370497428,14.751286449399656
PIT-LGA,3132,4.4507357645553425,14.75095785440613
MSP-GEG,800,-0.2553191489361702,14.75
LAX-IAH,5343,-0.23787138021812712,14.748268762867303
EGE-DEN,1398,0.3524355300859599,14.735336194563661
PHX-PSP,1595,2.1904462602137023,14.733542319749215
PHX-MFR,706,2.8167613636363638,14.730878186968837
DTW-SLC,1514,-0.9451421017845341,14.72919418758256
MSY-EWR,1426,1.986619718309859,14.726507713884992
HNL-LAS,1562,-1.4189189189189189,14.7247119078105
STL-ATL,3426,1.3792397660818714,14.711033274956216
ABQ-DEN,2794,-0.3936894944424525,14.71009305654975
ONT-PHX,3298,4.781487101669196,14.705882352941178
PIT-EWR,2401,-3.714583333333333,14.702207413577675
IAD-BNA,1007,4.037810945273632,14.697120158887786
ATL-CHA,2375,1.3025705857564265,14.694736842105263
MHT-MDW,531,0.41965973534971646,14.689265536723164
MYR-LGA,1246,-0.043513295729250605,14.686998394863563
EWR-SAT,831,-1.4082125603864735,14.681107099879661
LGA-GSO,1921,-5.432150313152401,14.679854242581989
ATL-SMF,954,-0.7471143756558237,14.675052410901468
DLH-ORD,1029,6.45136186770428,14.674441205053451
BUF-LGA,1922,-0.046426708398539386,14.672216441207075
DTW-TYS,559,0.025134649910233394,14.669051878354203
BTV-JFK,716,1.8491620111731844,14.664804469273744
MCI-MSP,1630,-1.2124002455494167,14.662576687116562
LGA-IND,2647,-3.7815570672713528,14.658103513411408
LGA-TYS,1318,-5.2034927866362946,14.643399089529591
LAX-IAD,2589,-1.461061604029446,14.638856701429123
DCA-IND,1971,-1.547715736040609,14.61187214611872
TUS-ORD,1000,3.8804020100502514,14.6
ATL-FAY,864,4.573085846867749,14.583333333333334
PWM-ATL,501,1.082,14.570858283433132
IAD-RSW,536,1.9344569288389513,14.55223880597015
SFO-RDU,653,-1.1861538461538461,14.548238897396631
PHX-CLT,3025,-1.365684001324942,14.545454545454545
SWO-DFW,715,5.858345021037868,14.545454545454545
CHS-EWR,1404,4.301213418986438,14.529914529914532
DEN-EGE,1398,1.7675753228120517,14.52074391988555
RNO-PHX,2390,7.07074089577229,14.518828451882845
ATL-SHV,1316,1.677345537757437,14.513677811550153
MCI-IAH,503,5.290581162324649,14.512922465208748
CVG-MDW,683,2.114705882352941,14.494875549048317
OAK-RNO,559,2.2974910394265233,14.490161001788909
SGU-DEN,718,0.4401114206128134,14.484679665738161
TUL-PHX,1084,2.759926131117267,14.48339483394834
SAT-SLC,1022,4.145935357492654,14.481409001956946
ABQ-HOU,953,3.3424947145877377,14.480587618048268
MYR-BWI,1181,-0.1693480101608806,14.479254868755293
ALW-SEA,526,2.8155893536121672,14.44866920152091
LGA-DAY,526,-5.602661596958175,14.44866920152091
DTW-LEX,817,4.315337423312884,14.443084455324357
ALB-BWI,1635,0.7604166666666666,14.434250764525993
BDL-MSP,887,0.38757062146892657,14.430665163472378
BNA-IAD,1005,5.3436254980079685,14.427860696517413
FLG-PHX,1373,6.321922796795339,14.420975965040059
ATL-GSP,3101,1.2691437802907917,14.414704933892292
SLC-BNA,999,0.31758793969849247,14.414414414414415
PSC-SEA,1757,0.5643507972665148,14.399544678429141
BUR-PHX,3147,3.01716465352829,14.394661582459486
SNA-SEA,3934,-0.012977099236641221,14.387391967463142
PHL-LGA,1336,0.9199101796407185,14.37125748502994
MEM-DCA,1002,-2.5656970912738215,14.37125748502994
EWR-GRR,870,-5.759216589861751,14.367816091954023
ATL-BMI,724,7.483379501385041,14.3646408839779
OAK-ONT,1546,-0.8091849935316947,14.359637774902975
BNA-STL,1212,0.3897605284888522,14.356435643564355
TUS-PHX,3323,3.19626730885009,14.354498946734878
OGG-SFO,1463,-0.38809034907597534,14.354066985645932
JFK-BTV,711,-0.5923836389280677,14.345991561181433
PDX-ONT,718,4.451882845188284,14.345403899721449
ATL-XNA,1806,2.2452725250278087,14.34108527131783
BZN-LAX,579,-0.6787564766839378,14.335060449050086
ATL-ECP,2356,1.418228279386712,14.303904923599319
BHM-DEN,1077,1.958100558659218,14.298978644382544
MCI-LGA,1896,0.2892078681552366,14.29324894514768
SJC-BUR,2415,-0.10033167495854063,14.285714285714285
ATL-ABQ,945,0.9386243386243386,14.285714285714285
LBF-DEN,616,7.150974025974026,14.285714285714285
SLC-DTW,1514,-0.20516214427531437,14.266842800528401
BOS-IAD,1451,0.046206896551724136,14.266023432115782
SJC-LAX,5713,-0.5274859943977591,14.265709784701558
PHL-DCA,1402,0.22,14.265335235378032
ELP-AUS,1045,3.0450191570881224,14.258373205741625
ATL-MOB,1481,1.6858496953283684,14.24713031735314
SYR-EWR,590,-9.640677966101695,14.237288135593221
ATL-TLH,2009,1.3976023976023977,14.235938277750124
RIC-ATL,3071,2.0850162866449513,14.229892543145557
GRR-MDW,971,2.021694214876033,14.212152420185376
SLC-ABQ,1050,-0.49047619047619045,14.19047619047619
ORD-CHS,1339,-1.9745508982035929,14.189693801344285
DEN-DIK,656,4.559322033898305,14.176829268292682
SRQ-EWR,903,0.19333333333333333,14.174972314507198
BOI-SLC,1665,1.1231231231231231,14.174174174174173
DSM-PHX,882,10.037414965986395,14.17233560090703
LAX-SJC,5745,0.5880201985025248,14.168842471714536
BHM-LGA,996,-2.3832997987927564,14.156626506024098
FLL-IAD,792,0.601010101010101,14.14141414141414
LGB-RNO,722,0.7936288088642659,14.127423822714682
BZN-MSP,808,-0.10421836228287841,14.108910891089108
HSV-DEN,709,-0.9560906515580736,14.104372355430183
TYS-DEN,936,-2.829764453961456,14.102564102564102
ELP-LAX,1369,2.3769174579985393,14.097881665449233
GRR-LGA,1135,-2.1924095322153576,14.096916299559473
ATL-GSO,2500,0.16626602564102563,14.08
CLE-FLL,1037,-3.2729026036644164,14.07907425265188
OAK-LIH,725,-3.553867403314917,14.06896551724138
ONT-DEN,2879,0.04765217391304348,14.0673845085099
MRY-LAX,782,5.406649616368286,14.066496163682865
LAX-SMF,5192,0.5446136057043747,14.060092449922958
BUR-SMF,2725,-0.41761467889908255,14.055045871559631
RSW-ATL,3238,3.792452830188679,14.051883878937616
JNU-ANC,1196,-1.6596989966555185,14.046822742474916
MCI-MDW,2123,0.809052333804809,14.036740461610927
LAX-PDX,4307,-0.35438922433813286,14.02368237752496
SMF-PHX,3652,4.035371538250617,14.019715224534501
LAX-BOI,1548,0.42330097087378643,14.018087855297157
KOA-SEA,1335,-2.6981981981981984,14.00749063670412
SLC-MDW,650,-0.7438271604938271,14.000000000000002
ISP-BWI,1251,1.5072,13.988808952837731
BDL-BWI,1680,0.2805241215008934,13.988095238095239
PHX-DRO,944,2.760892667375133,13.983050847457626
IAD-PIT,651,0.0030721966205837174,13.978494623655912
BOI-OAK,666,-0.4624624624624625,13.963963963963963
SMF-DEN,3957,0.29776989356310185,13.949962092494314
IND-DCA,1979,-0.8449062341611758,13.94643759474482
OKC-SLC,703,4.408831908831909,13.940256045519202
KTN-SEA,1399,-1.5171673819742488,13.9385275196569
OGG-SAN,696,-3.2884057971014493,13.936781609195403
EWR-MKE,804,-4.287671232876712,13.930348258706468
LGA-PWM,1407,-4.735566642908054,13.930348258706468
SRQ-ATL,2595,4.290621381705905,13.911368015414258
ALB-DTW,1295,1.8647604327666152,13.8996138996139
RNO-DEN,2396,0.8573221757322176,13.898163606010016
SAT-MDW,698,0.4332855093256815,13.896848137535816
SBA-LAS,842,2.2422802850356294,13.895486935866982
SJC-DAL,605,0.17081260364842454,13.884297520661157
SAT-BNA,742,0.6261808367071525,13.881401617250674
LGA-PHL,1333,-3.770848985725019,13.87846961740435
SLC-MSP,1593,-0.7515723270440252,13.873195229127433
ATL-MYR,1378,3.018881626724764,13.860667634252541
SAV-ATL,2814,1.24119530416222,13.859275053304904
CMH-DTW,1487,2.7552118359112305,13.853396099529252
BMI-ATL,722,0.3611111111111111,13.850415512465375
IAD-RDU,852,1.4458823529411764,13.849765258215962
GJT-PHX,1105,3.9031674208144795,13.846153846153847
MKE-ATL,2456,1.4463921728495719,13.843648208469055
GRR-EWR,867,-4.575231481481482,13.84083044982699
SJC-ONT,1359,0.3708609271523179,13.833701250919795
CHS-ATL,2769,2.7522571325388228,13.831708197905382
GCC-DEN,723,4.476987447698745,13.831258644536653
CMH-BOS,1787,-1.4344170403587444,13.822048125349747
SNA-SLC,1701,0.9582107121836374,13.815402704291593
IND-EWR,2208,-1.770909090909091,13.81340579710145
ATL-ROA,1086,1.825278810408922,13.812154696132598
ATL-CAE,2216,1.964785553047404,13.808664259927797
PHX-BFL,1195,3.4681208053691277,13.807531380753138
CVG-JFK,2038,-1.2102161100196465,13.78802747791953
SEA-MFR,988,1.7472081218274111,13.765182186234817
GEG-PHX,1214,6.290774299835255,13.756177924217464
BUF-EWR,749,1.5421686746987953,13.75166889185581
ATL-HSV,2378,0.8552797644089188,13.751051303616485
PHX-SGU,611,2.136288998357964,13.747954173486088
ATL-GNV,1674,0.0706163973668462,13.739545997610513
BUF-BWI,1653,0.26634382566585957,13.732607380520268
MEM-LGA,1522,1.04155672823219,13.731931668856767
LGA-BGR,1020,-2.772325809617272,13.725490196078432
JNU-SIT,714,-2.8931082981715894,13.725490196078432
SLC-PDX,2412,0.43941908713692945,13.723051409618575
GSO-EWR,503,-2.8904382470119523,13.717693836978132
CVG-IAH,569,-0.708994708994709,13.708260105448156
CMH-MSP,1233,-1.6123276561232767,13.706407137064073
BDL-DTW,1233,-1.6561232765612328,13.706407137064073
EUG-SEA,1328,1.7093373493975903,13.704819277108435
GSP-PHL,562,-1.0213523131672597,13.701067615658364
RDU-BNA,2314,0.4295622019939315,13.699222126188419
ATL-TUL,1555,-0.7860824742268041,13.697749196141478
ORD-SAV,1052,-3.3371537726838585,13.688212927756654
FAT-LAX,775,3.761290322580645,13.67741935483871
SEA-SNA,3950,-0.5826991374936581,13.670886075949367
STL-BNA,1229,-1.1596091205211727,13.669650122050447
RDD-SFO,856,2.819672131147541,13.66822429906542
SIT-JNU,717,-2.425141242937853,13.668061366806135
PDX-SEA,5215,2.6468330134357005,13.652924256951101
OMA-SLC,696,3.6705035971223023,13.649425287356323
ANC-FAI,784,-0.16454081632653061,13.64795918367347
OKC-PHX,1788,2.6284275321768327,13.646532438478747
SLC-SJC,1840,-0.9025585193249864,13.641304347826086
ELP-HOU,1034,0.20116618075801748,13.636363636363635
SLC-RNO,1093,1.0055248618784531,13.632204940530649
LBB-DAL,1585,-0.13489550348321722,13.627760252365931
ECP-BNA,1042,1.0826923076923076,13.62763915547025
MSN-DTW,1293,2.465530596436871,13.611755607115237
SMF-LAX,5204,-0.2850826605151865,13.604919292851653
SJC-PHX,3345,3.2144354597184788,13.602391629297458
MCI-STL,1044,-0.029693486590038315,13.601532567049809
VPS-ATL,2266,2.409893992932862,13.592233009708737
RIW-DEN,611,8.752052545155994,13.584288052373159
SNA-DEN,3594,-2.082658475286233,13.578185865331108
ATL-ILM,1282,0.25879593432369036,13.57254290171607
SJC-DEN,3156,-0.8565079365079366,13.5297845373891
CVG-BWI,726,1.004149377593361,13.498622589531681
PSP-PHX,1594,4.658505963590709,13.488080301129235
SBP-PHX,1157,6.96280276816609,13.48314606741573
LGB-SLC,1602,2.3577235772357725,13.48314606741573
DSM-STL,675,-0.034074074074074076,13.481481481481481
ATL-AEX,868,0.5928074245939675,13.47926267281106
LAX-GEG,765,-1.388743455497382,13.4640522875817
PSC-DEN,728,-1.3591160220994476,13.461538461538462
SAT-LAX,2140,3.1549625468164795,13.457943925233645
ATL-SJC,810,-2.007416563658838,13.456790123456791
MOB-ATL,1480,0.3981042654028436,13.445945945945944
CHA-ATL,2373,1.351032448377581,13.442899283607249
LAX-OGG,1927,-4.393766233766234,13.44058121432278
RNO-LAX,2792,1.4528842708706557,13.431232091690545
PDX-IAH,872,4.3298731257208765,13.417431192660551
DTW-CVG,1357,1.8392330383480826,13.411938098747237
GSP-LGA,1604,1.3089430894308942,13.403990024937656
CMH-BNA,754,-1.9257294429708223,13.395225464190982
BUR-OAK,3188,-0.3602133668026357,13.393977415307404
LIH-LAX,1456,-1.2548209366391185,13.392857142857142
DTW-DSM,934,-0.6318622174381054,13.383297644539615
BOS-CMH,1773,-3.2177100958826848,13.367174280879865
SDF-DEN,1102,1.3869209809264305,13.339382940108893
GSP-DTW,660,1.2796352583586625,13.333333333333334
OMA-ATL,1995,-0.2241206030150754,13.333333333333334
SLC-OAK,1989,0.7137826961770624,13.323278029160383
IND-JFK,2065,-1.167557066537154,13.317191283292978
CVG-ATL,2802,0.8179871520342612,13.31192005710207
LGB-HOU,624,1.8155339805825244,13.301282051282051
SDF-DTW,1234,-0.08921330089213302,13.290113452188008
HNL-PHX,1317,-4.350570342205323,13.287775246772968
SAT-MSP,873,0.4541284403669725,13.287514318442154
SNA-OAK,2643,-1.3927355278093076,13.280363223609534
ATL-LIT,2219,0.8773116824537663,13.249211356466878
BDL-MDW,785,-0.29577464788732394,13.248407643312103
IAD-LAS,936,-2.7508021390374333,13.247863247863249
LGA-JAX,1155,-3.25974025974026,13.246753246753245
GUC-DEN,710,-2.371830985915493,13.239436619718308
MCI-BNA,1247,1.0505212510024058,13.2317562149158
MEM-MSP,877,-1.8916761687571266,13.22690992018244
BOS-MKE,847,-2.2144549763033177,13.223140495867769
OKC-LAX,726,2.4220689655172416,13.223140495867769
SLC-OMA,696,2.236652236652237,13.218390804597702
GEG-DEN,1884,-2.8611702127659573,13.21656050955414
ATL-MSN,1007,-0.041749502982107355,13.20754716981132
STL-DTW,1856,1.7444743935309972,13.20043103448276
JFK-PIT,1758,-1.6655290102389078,13.196814562002276
SMF-ONT,1940,-0.4,13.195876288659795
RNO-SLC,1092,2.1182401466544456,13.186813186813188
EWR-SNA,1085,-7.8657407407407405,13.179723502304148
GEG-SLC,1639,0.6634086744043983,13.178767541183648
BDL-PHL,638,2.3557993730407523,13.166144200626958
BFL-DEN,540,-3.1340782122905027,13.148148148148147
GEG-SMF,601,-1.4991680532445923,13.14475873544093
ATL-GPT,1225,1.0805258833196385,13.142857142857142
SAN-LAX,2147,3.8448998602701443,13.13460642757336
ABQ-LAX,2300,-0.2020026121027427,13.130434782608697
SJC-HNL,1379,-3.9339622641509435,13.12545322697607
BTR-ATL,1494,2.777330650570087,13.119143239625167
BNA-ATL,3668,0.9126637554585153,13.113413304253
SYR-ATL,1045,-2.1200768491834774,13.110047846889952
TYS-LGA,1313,-2.1787624140565316,13.099771515613101
SMF-IAH,550,1.0146252285191957,13.090909090909092
HNL-ITO,6374,3.4314864228535553,13.068716661437088
LAX-MSP,2281,-2.4708205353225097,13.06444541867602
PVD-DTW,791,2.9873257287705957,13.02149178255373
HNL-OAK,1083,-3.3185185185185184,13.019390581717452
FAT-PDX,530,3.6452830188679246,13.018867924528301
BOI-DEN,2766,-0.8011590003621876,13.015184381778742
ONT-OAK,1553,-1.4506769825918762,13.007083065035415
CLE-BWI,992,-0.10685483870967742,13.004032258064516
BNA-MSP,1616,-1.1462205700123915,12.995049504950495
SLC-ONT,1201,-0.07583333333333334,12.98917568692756
OKC-LGA,994,0.8767676767676768,12.977867203219315
LGB-SJC,1327,-2.105501130369254,12.961567445365485
ATL-DSM,1173,-0.4499572284003422,12.958226768968457
ATL-LEX,2070,-0.2550921435499515,12.946859903381641
GRR-ATL,1391,-3.6132278936017252,12.940330697340045
ONT-SEA,2490,-1.0912379421221865,12.931726907630523
CHS-ORD,1340,-2.09260642270351,12.91044776119403
SAN-PHL,925,4.714130434782609,12.864864864864863
CHO-ATL,1113,-0.40341419586702604,12.848158131176998
DIK-DEN,654,3.235474006116208,12.844036697247708
SLC-FCA,1145,0.9055944055944056,12.838427947598252
CMH-PHX,1036,2.6917874396135266,12.837837837837837
CVG-DTW,1356,-0.7380073800738007,12.831858407079647
CMH-LGA,2912,-1.5311961392623232,12.809065934065933
MFR-SLC,727,1.6808803301237965,12.792297111416781
IAD-BTV,610,-0.05756578947368421,12.786885245901638
CLE-LAX,697,-2.5093525179856115,12.769010043041607
CMH-ATL,3056,0.8294040602488539,12.761780104712042
SBA-DEN,1090,1.4181985294117647,12.752293577981652
SFO-OGG,1469,-3.719836400817996,12.729748127978215
GTF-DEN,715,-3.690909090909091,12.727272727272727
SNA-MSP,566,-0.34574468085106386,12.7208480565371
PDX-ATL,1345,-0.9374068554396423,12.713754646840147
OGG-LIH,1464,2.001367053998633,12.704918032786885
SNA-SJC,2685,-2.151582867783985,12.700186219739292
PIT-MSP,1213,-2.0156765676567656,12.695795548227535
PHX-DCA,1088,-0.8413284132841329,12.683823529411764
SDF-MDW,1041,-1.1057692307692308,12.680115273775217
FAT-DEN,1436,-0.6341976173791171,12.674094707520892
ABQ-MDW,505,0.1411530815109344,12.673267326732674
SLC-LGB,1604,-0.9812850904553961,12.655860349127183
PSP-DEN,1842,-1.3356871265616512,12.64929424538545
OAK-SNA,2650,-3.391238670694864,12.641509433962264
ICT-ATL,1029,0.7062256809338522,12.633624878522836
BZN-SLC,1164,1.5206185567010309,12.628865979381443
ATL-TRI,1418,1.1786723163841808,12.623413258110014
ONT-SMF,1918,-1.1167883211678833,12.61730969760167
ATL-BTR,1498,0.7473262032085561,12.616822429906541
SMF-SNA,2228,-1.750785810507409,12.612208258527827
EUG-DEN,952,1.2010582010582012,12.605042016806722
BOS-IND,1960,-4.796220633299285,12.551020408163266
GSP-EWR,935,-5.609860664523044,12.513368983957218
RDU-MSP,1207,0.2429519071310116,12.510356255178129
LGA-MSP,2344,-3.3136499786050493,12.5
DTW-MCI,1328,-1.8627450980392157,12.5
LAX-SBP,632,8.808306709265176,12.5
LAX-CLE,697,-5.212338593974175,12.48206599713056
SNA-IAH,1266,-0.39012738853503187,12.480252764612953
PHX-GJT,1106,-1.2713248638838475,12.47739602169982
PBI-BDL,513,-0.9239766081871345,12.475633528265107
TLH-ATL,2005,-0.7169246130803795,12.468827930174564
MDT-ATL,987,-2.3326551373346898,12.462006079027356
ONT-SJC,1357,-2.049373618275608,12.453942520265292
MCI-ATL,3229,0.9011465757669662,12.449674821926294
PHX-RDM,739,0.7898351648351648,12.449255751014885
LGB-OAK,1776,-2.0929054054054053,12.443693693693694
LAS-MEM,619,-2.40194489465154,12.439418416801292
LGA-MYR,1239,-3.832794830371567,12.429378531073446
JAN-ATL,2808,-0.32369735902926483,12.428774928774928
SAV-MIA,789,5.010139416983524,12.420785804816223
CWA-MSP,725,-2.9034482758620688,12.413793103448276
IND-LGA,2659,-2.4741411853529636,12.373072583678073
TUL-ATL,1553,-2.563953488372093,12.363168061815841
LEX-DTW,817,1.237454100367197,12.362301101591187
ATL-MDT,987,-0.8311291963377416,12.360688956433636
MHK-DFW,964,-3.3964620187304893,12.344398340248963
OMA-DCA,640,-2.85,12.34375
MLB-ATL,1378,-2.352470930232558,12.336719883889694
TUS-IAH,560,8.735241502683364,12.321428571428573
PHX-TUS,3328,0.025849113315299068,12.319711538461538
SNA-PDX,1340,0.6310679611650486,12.313432835820896
MFR-DEN,724,0.840499306518724,12.292817679558011
YUM-PHX,1354,4.703840472673559,12.259970457902511
OKC-STL,694,-0.8672438672438673,12.247838616714697
XNA-ATL,1806,-0.2982261640798226,12.236987818383167
SAT-ORD,1406,0.3871428571428571,12.233285917496444
DAB-ATL,1425,2.198875614898103,12.210526315789473
SDF-LGA,1550,-0.4974126778783959,12.193548387096774
DSM-ATL,1173,2.74017094017094,12.190963341858483
ANC-DEN,599,-4.633779264214047,12.186978297161936
MSO-SLC,1051,3.5276190476190474,12.178877259752618
ATL-DAY,1342,-0.6110283159463488,12.146050670640834
SJC-SNA,2694,-3.3108057927961383,12.138084632516703
GEG-OAK,651,-1.4208909370199694,12.135176651305683
ILM-ATL,1278,2.30564263322884,12.1283255086072
SLC-TUL,701,-0.9613733905579399,12.125534950071327
SLC-PSP,949,0.33015873015873015,12.118018967334036
MSP-SLC,1593,-3.8340666247642994,12.115505335844318
HNL-LIH,8536,2.5169342552443457,12.101686972820994
LAX-SLC,4438,-2.2002706359945874,12.10004506534475
CMH-JFK,1762,-2.452679589509692,12.088535754824063
TRI-DFW,546,-0.56353591160221,12.087912087912088
SAT-DTW,894,3.351685393258427,12.080536912751679
PHX-IAD,1069,-1.394167450611477,12.067352666043032
BUR-SLC,1351,1.9577151335311573,12.065136935603258
ITH-JFK,706,-3.8257790368271953,12.039660056657224
HNL-KOA,7981,2.6876018553340857,12.028567848640522
SHV-ATL,1314,0.04573170731707317,12.02435312024353
SMF-LGB,1988,-0.6646495209278871,12.022132796780683
SHR-DEN,716,1.8125874125874126,12.011173184357542
ICT-STL,683,-4.57393850658858,12.005856515373353
BHM-ATL,2933,1.494542974079127,12.001363791339925
KOA-HNL,7975,1.1534988713318284,11.98746081504702
AMA-DAL,1268,-2.0015822784810124,11.987381703470032
ELP-ATL,710,1.1440677966101696,11.971830985915492
SMF-ATL,953,1.473186119873817,11.962224554039874
MRY-DEN,627,-1.0656,11.961722488038278
DCA-PHX,1088,-3.7913204062788552,11.948529411764707
PIT-DTW,1351,-0.4066666666666667,11.917098445595855
MAF-DAL,1446,0.8040305767894371,11.89488243430152
CVG-SLC,673,-6.502235469448584,11.88707280832095
LGB-SMF,1994,-1.1866532865027597,11.885656970912738
SBP-DEN,724,1.2313019390581716,11.878453038674033
SBP-LAX,632,4.916139240506329,11.867088607594937
AUS-IAD,961,0.7354166666666667,11.86264308012487
TRI-ATL,1419,-2.0155038759689923,11.839323467230443
GEG-BOI,854,3.480093676814988,11.826697892271664
LGA-CMH,2912,-7.008250257820557,11.813186813186812
PDX-MDW,602,-2.4133333333333336,11.794019933554816
GNV-ATL,1671,-1.4874251497005988,11.789347695990426
SGU-PHX,611,-0.3518821603927987,11.783960720130933
PIT-BWI,1079,-0.9833024118738405,11.770157553290083
JAX-LGA,1164,-0.23428079242032732,11.76975945017182
PIT-ATL,2830,-1.8967102935974531,11.76678445229682
BGR-LGA,1012,-3.578373015873016,11.758893280632412
ANC-SCC,553,-1.3709090909090909,11.754068716094032
ATL-CHO,1115,-0.7863554757630161,11.748878923766815
ATL-GTR,724,-0.7551867219917012,11.740331491712707
BFL-PHX,1193,0.7080536912751678,11.73512154233026
LAX-MRY,786,-1.9858793324775352,11.704834605597965
RKS-DEN,616,10.954471544715448,11.688311688311687
MFR-SEA,987,1.6200607902735562,11.651469098277609
PIT-JFK,1777,-2.3568207440811726,11.648846370287
LAX-ELP,1383,-1.5010845986984815,11.641359363702097
PDX-LAX,4305,-2.0680762081784385,11.637630662020907
RIC-ORD,636,-5.703001579778831,11.635220125786164
SJC-LGB,1328,-2.6093514328808447,11.596385542168674
OGG-KOA,1527,0.9652914210870989,11.591355599214145
PHX-FLG,1373,1.1491228070175439,11.580480699198835
DSM-DTW,933,-2.2017167381974247,11.57556270096463
LAX-LIH,1460,-6.1241426611796985,11.575342465753424
PNS-BNA,891,-1.051685393258427,11.560044893378226
SJC-OGG,571,-5.53859649122807,11.558669001751314
OGG-LAX,1922,-3.1492693110647183,11.550468262226847
OGG-HNL,11514,0.374370112945265,11.533784957443114
PHX-YUM,1355,2.6649446494464946,11.512915129151292
LGA-SDF,1548,-8.883495145631068,11.498708010335918
LIH-HNL,8531,-0.06378238949466526,11.48751611768843
PVD-BWI,1842,-2.547282608695652,11.454940282301845
RDU-PIT,735,-3.287074829931973,11.428571428571429
BOI-SJC,595,-1.9109243697478993,11.428571428571429
LIT-ATL,2216,-2.2713318284424378,11.416967509025271
SLC-RDM,728,0.5572413793103448,11.401098901098901
HSV-ATL,2377,-3.0602105263157893,11.400925536390409
RDM-PHX,738,8.9578231292517,11.38211382113821
IAD-IND,1274,-2.476826394344069,11.381475667189953
MAF-IAH,651,0.6953846153846154,11.367127496159753
ITO-HNL,6373,1.339714420210262,11.360426800564884
SLC-CDC,625,-2.2951612903225804,11.360000000000001
SLC-EUG,723,0.7354570637119113,11.341632088520056
MEM-ATL,3299,-1.6132361870066787,11.336768717793271
SLC-BIL,1033,-1.9321047526673132,11.32623426911907
RDM-SLC,726,4.234159779614325,11.294765840220386
GPT-ATL,1225,1.7173202614379084,11.26530612244898
SMF-OGG,524,-2.9160305343511452,11.259541984732824
MCI-SLC,952,-2.9768421052631577,11.239495798319329
CMH-BWI,1096,-1.4744525547445255,11.222627737226277
LGA-AVL,955,-8.645330535152151,11.204188481675391
OAK-SLC,1987,-3.0513595166163143,11.17262204328133
STL-SLC,951,-3.7570977917981074,11.146161934805468
OAK-LGB,1777,-3.129159616469261,11.142374788970175
PDX-SNA,1330,-2.065512048192771,11.12781954887218
SLC-IDA,1045,1.3342911877394636,11.10047846889952
RNO-OAK,568,-1.1267605633802817,11.091549295774648
ATL-OAJ,848,1.0685579196217494,11.084905660377359
PDX-SLC,2411,-0.33748443337484435,11.074243052675238
CAE-ATL,2213,-1.2884267631103075,11.070944419340261
SCC-ANC,551,-8.257713248638838,11.070780399274046
SLC-FAT,1051,-1.049476688867745,11.037107516650808
BOI-PDX,1034,1.1963249516441006,11.02514506769826
SLC-MSO,1054,0.1898854961832061,11.005692599620494
PIT-RDU,736,-4.8789115646258505,11.005434782608695
SMF-MSP,546,1.3143382352941178,10.989010989010989
SUN-DEN,601,1.3466666666666667,10.98169717138103
SMF-SLC,1922,-2.508077123501824,10.978147762747138
CMH-EWR,1968,-8.305188199389624,10.975609756097562
LIT-STL,677,-2.68491124260355,10.930576070901035
MFE-IAH,799,-0.543859649122807,10.888610763454318
TYS-ATL,2600,-3.221024258760108,10.884615384615385
LAX-BZN,580,-3.1247833622183707,10.86206896551724
SFO-DCA,728,-5.74896551724138,10.851648351648352
MSN-LGA,563,-3.216457960644007,10.8348134991119
ABQ-ATL,945,-3.8991507430997876,10.793650793650794
MCI-DTW,1326,-0.6835347432024169,10.784313725490197
MHT-BWI,1558,-4.021836865767502,10.783055198973042
SJC-MDW,566,-3.3523131672597866,10.777385159010601
RSW-IAD,539,-4.111731843575419,10.760667903525047
OGG-SJC,569,-6.458699472759227,10.720562390158172
IAD-SDF,561,-4.887700534759358,10.695187165775401
HNL-OGG,11523,0.9083412898185922,10.691660157944979
LIH-OGG,1462,1.0232558139534884,10.6703146374829
SBA-LAX,704,2.0327169274537695,10.653409090909092
MSN-ATL,1006,-4.086653386454183,10.636182902584492
SMF-MDW,630,-1.8232484076433122,10.634920634920634
ORF-IAD,623,-4.595505617977528,10.593900481540931
CDC-SLC,624,-1.8044871794871795,10.576923076923077
BIL-SLC,1031,-1.5053346265761396,10.572259941804074
SDF-ATL,2823,-2.220134704005672,10.556145944031172
BNA-SLC,1005,-4.261691542288557,10.547263681592039
LEX-ATL,2069,-4.995647969052224,10.536491058482358
IDA-SLC,1045,-1.4669856459330144,10.526315789473683
IAD-PWM,610,-3.378688524590164,10.491803278688524
PWM-IAD,610,-6.171052631578948,10.491803278688524
FAT-SLC,1051,1.6923809523809523,10.466222645099906
SLC-SGU,1320,-2.0220532319391635,10.454545454545453
MSY-IAD,653,-3.1044546850998462,10.413476263399694
PDX-OGG,648,-2.190993788819876,10.339506172839506
COS-ORD,590,-4.194207836456559,10.338983050847457
RDU-CVG,670,-1.397608370702541,10.298507462686567
KOA-SFO,732,-1.9439124487004105,10.245901639344263
FCA-SLC,1143,-1.304461942257218,10.236220472440944
CYS-DEN,665,-1.455639097744361,10.225563909774436
DAY-LGA,531,-2.6427221172022684,10.16949152542373
GSO-ATL,2498,-3.3207849419303166,10.168134507606084
SLC-TUS,1084,-2.7953703703703705,10.055350553505535
SLC-BTM,690,-4.989840348330914,10.0
BLI-LAS,852,-0.4091981132075472,9.976525821596244
GTR-ATL,724,-3.89875173370319,9.94475138121547
ALB-LGA,635,-4.44006309148265,9.921259842519685
RDU-IAD,847,-4.25383707201889,9.917355371900827
OAJ-ATL,848,-0.41204250295159384,9.90566037735849
OKC-ATL,2021,-4.642715559960357,9.896091044037606
ONT-SLC,1197,-1.5087719298245614,9.85797827903091
MEM-DTW,815,-0.9790897908979089,9.815950920245399
OGG-OAK,856,-5.537383177570093,9.813084112149532
MYR-DTW,551,-4.147005444646098,9.800362976406534
GSP-ATL,3098,-3.9828811369509043,9.780503550677857
HNL-LGB,731,-6.1015089163237315,9.712722298221614
HNL-DFW,649,-6.56656346749226,9.70724191063174
HYS-DEN,509,-2.5029469548133596,9.62671905697446
VPS-BNA,873,-2.0927835051546393,9.621993127147768
LIH-OAK,728,-6.048209366391185,9.615384615384617
TUL-SLC,700,-4.652857142857143,9.571428571428571
OGG-LAS,826,-7.066747572815534,9.564164648910412
SAT-IAD,646,-4.093023255813954,9.442724458204333
TUL-STL,690,-5.255072463768116,9.420289855072465
BOI-LAX,1553,-3.466795615731786,9.401159047005796
SGU-SLC,1320,-3.145564821834723,9.393939393939393
LGB-MDW,523,-6.758620689655173,9.369024856596559
PDX-MSP,1249,-2.6538461538461537,9.367493995196156
PNS-ATL,2569,-2.2482462977396724,9.342156481121059
GEG-LAX,761,-3.0197109067017083,9.329829172141919
CHS-IAD,721,-3.4180555555555556,9.29264909847434
PSC-SLC,1056,-0.36148007590132825,9.280303030303031
EUG-SLC,723,1.3486111111111112,9.266943291839558
FAI-ANC,782,-3.071794871794872,9.207161125319693
MFR-PHX,706,1.821529745042493,9.206798866855523
PSP-SLC,946,-0.2552966101694915,9.19661733615222
SJC-SLC,1830,-4.277200656096228,9.180327868852459
PIT-IAD,654,-2.6896024464831805,9.174311926605505
HNL-SLC,627,-5.899361022364217,9.090909090909092
SDF-EWR,997,-9.358870967741936,9.027081243731194
SLC-TWF,698,-0.8106169296987088,9.025787965616045
BDL-IAD,631,1.0365079365079366,8.874801901743265
CMH-IAD,776,-4.759020618556701,8.762886597938143
GTF-SLC,1023,-3.5577299412915853,8.699902248289346
MEM-BOS,577,-4.1282495667244365,8.665511265164644
DAY-ATL,1340,-7.282835820895523,8.507462686567164
TWF-SLC,698,-6.336676217765043,8.45272206303725
TUS-ATL,784,-4.1021711366538955,8.418367346938775
LAX-OKC,725,-6.183701657458563,8.413793103448276
IND-IAD,1277,-4.4141176470588235,8.379013312451058
MYR-ATL,1375,-4.6020408163265305,8.290909090909091
BOS-SDF,692,-9.856729377713458,8.236994219653178
ABQ-SLC,1050,-6.861773117254528,8.0
LIH-SFO,545,-7.084558823529412,7.889908256880735
SLC-GTF,1023,-4.279138099902057,7.722385141739981
SLC-PIH,700,-0.6357142857142857,7.7142857142857135
SUN-SLC,769,1.1577574967405475,7.672301690507152
SLC-SUN,769,-6.15,7.672301690507152
HLN-SLC,732,-2.3251366120218577,7.650273224043716
SFO-LIH,547,-10.937614678899083,7.495429616087751
IAD-CHS,723,-6.71191135734072,7.468879668049793
ONT-ATL,908,-7.100552486187845,7.158590308370044
ROC-EWR,521,-5.166986564299425,7.1017274472168905
KOA-OGG,1523,-0.4253780407626562,7.0256073539067625
CLE-IAD,572,-4.935314685314685,6.993006993006993
BTM-SLC,690,-14.178260869565218,6.811594202898551
SDF-IAD,563,-6.550621669626998,6.74955595026643
TUS-SLC,1084,-5.76595744680851,6.734317343173432
BTV-IAD,607,-9.57825370675453,6.589785831960461
SJC-ATL,810,-6.748451053283767,6.5432098765432105
PIH-SLC,700,-9.145714285714286,6.142857142857143
SLC-HLN,732,-7.72093023255814,6.0109289617486334
TYS-DTW,560,-11.278571428571428,5.892857142857142
OGG-PHX,827,-8.44915254237288,4.353083434099154
