route,flights,avg_arr_delay,pct_delayed
AUS-HNL,582,47.55172413793103,52.57731958762887
LEX-EWR,688,50.292397660818715,51.30813953488372
EWR-FWA,607,32.0990099009901,47.61120263591433
XNA-EWR,997,29.253776435045317,42.52758274824473
MRY-LAS,726,31.1900826446281,42.14876033057851
LAX-CHS,536,23.93097014925373,41.23134328358209
MIA-PDX,501,24.253012048192772,41.11776447105788
GSP-FLL,673,34.6,40.861812778603266
EWR-OKC,702,20.943804034582133,40.45584045584046
JAC-EWR,1074,32.1846298031865,40.4096834264432
MEM-FLL,926,33.046637744034705,40.17278617710583
EWR-BQN,3019,23.67573846664454,40.11262007287181
SHV-LAS,745,21.858490566037737,40.0
BWI-LGA,1056,18.635071090047393,39.96212121212121
LIT-SFB,567,31.367491166077738,38.80070546737213
EWR-SMF,1839,20.510673234811165,38.66231647634584
USA-FLL,2018,29.388059701492537,38.60257680872151
LEX-FLL,879,34.44508009153318,38.45278725824801
SNA-PVU,886,44.54648526077097,38.37471783295711
DEN-SRQ,829,18.2043530834341,38.118214716525934
PVD-PGD,841,22.67065868263473,38.049940546967896
LCK-FLL,649,30.819875776397517,37.750385208012325
EVV-SFB,748,27.602409638554217,37.5668449197861
OAK-EWR,892,18.08548931383577,37.55605381165919
MYR-CVG,689,31.117732558139537,37.445573294629895
BDL-SJU,6242,21.943944747831672,37.32777955783403
MEM-SFB,769,23.44140625,37.32119635890767
DFW-SYR,1190,26.17142857142857,37.3109243697479
SJU-BDL,6242,23.68841630417271,37.24767702659404
SPI-PGD,777,26.19458762886598,37.06563706563706
ORF-FLL,1159,30.00086730268864,37.01466781708369
RIC-SFB,501,22.284,36.92614770459082
SRQ-DEN,826,23.184596577017114,36.92493946731235
LGA-CAK,1163,24.17211703958692,36.19948409286328
IDA-AZA,1147,33.8935427574171,36.181342632955534
ORD-MEI,1038,27.95926285160039,36.03082851637765
FLL-TYS,2016,25.45698657384386,35.81349206349206
BOS-SMF,764,15.320954907161804,35.73298429319372
MCO-ONT,1319,16.915589353612166,35.6330553449583
PNS-MCO,1129,20.882196634189548,35.60673162090345
HTS-SFB,1148,22.85764192139738,35.54006968641115
PBI-PIT,587,19.497444633730836,35.43441226575809
SMF-BOS,761,27.36268068331143,35.34822601839684
BLV-SFB,960,23.0,35.3125
CKB-SFB,729,25.160493827160494,35.25377229080932
JFK-PSE,2582,17.883430799220275,35.20526723470178
SCK-LAS,3334,22.703870387038705,35.0629874025195
AZA-LAS,755,24.743046357615896,34.966887417218544
SJU-DCA,3368,21.75112174693389,34.94655581947744
ASE-ATL,1288,28.248417721518987,34.93788819875777
HTS-PIE,1196,27.02265100671141,34.280936454849495
MCO-ABQ,528,16.013257575757574,34.28030303030303
FNT-PGD,1496,17.763563295378432,34.22459893048128
FLL-GSP,675,24.081723625557206,34.22222222222222
TRI-SFB,769,27.046936114732723,34.070221066319895
PBI-TTN,2031,21.080653142008906,34.02264894140817
LCK-PGD,1132,22.313551815766164,34.01060070671378
BZN-EWR,1415,26.487068965517242,33.99293286219081
EWR-DSM,1067,13.612781954887218,33.92689784442362
CHA-SFB,728,21.053571428571427,33.65384615384615
BIL-AZA,1072,20.467787114845937,33.582089552238806
LGA-LEX,992,24.736363636363638,33.568548387096776
DCA-BTR,504,13.844621513944222,33.53174603174603
PSC-AZA,862,17.69489559164733,33.52668213457077
SAT-BOS,1065,21.708056872037915,33.52112676056338
FLL-ORF,1164,22.659188955996548,33.50515463917525
MIA-DAL,2033,16.601874691662555,33.49729463846533
CLT-ONT,1077,14.728119180633147,33.33333333333333
FWA-PGD,1339,19.686377245508982,33.23375653472741
SYR-FLL,1354,16.036323202372127,33.08714918759232
OMA-SFB,632,17.63132911392405,33.06962025316456
IDA-LAS,724,29.053867403314918,33.011049723756905
MDW-DFW,1242,17.49717057396928,32.930756843800324
EYW-IAH,529,27.777142857142856,32.89224952741021
ABQ-JFK,2584,19.395728155339807,32.856037151702786
HOU-JFK,1728,16.40255962769052,32.8125
MFR-LAS,1012,29.09683794466403,32.70750988142292
EWR-SBN,1650,19.674164133738604,32.666666666666664
MMH-SFO,524,23.43320610687023,32.63358778625955
CAK-EWR,2427,25.162463828028113,32.63288009888752
SDF-FLL,1748,17.877223178427997,32.608695652173914
LCK-SFB,1075,19.29011194029851,32.55813953488372
ABE-FLL,504,24.169322709163346,32.53968253968254
BQN-EWR,3006,19.86697860962567,32.53493013972056
RIC-PIE,646,19.088372093023256,32.50773993808049
DFW-EUG,1243,21.172190784155216,32.50201126307321
FLL-AVL,4205,19.97775119617225,32.461355529131986
BLV-PGD,1137,24.385296722763506,32.45382585751979
BWI-EWR,1812,14.390055248618784,32.450331125827816
MSY-CVG,792,22.29040404040404,32.44949494949495
SDF-SFB,953,22.31684210526316,32.423924449108085
CHA-EWR,1361,27.847745750184774,32.40264511388685
SNA-BOI,597,26.369747899159663,32.32830820770519
EWR-CAK,2398,17.26045150501672,32.3185988323603
ASE-DFW,6504,26.159875583203732,32.31857318573186
JAX-IND,520,20.823076923076922,32.30769230769231
DFW-MDW,1242,21.303225806451614,32.2866344605475
MCI-PGD,586,19.21917808219178,32.25255972696246
FLL-LGB,608,13.873146622734762,32.23684210526316
MCO-BQN,6889,17.874763636363635,32.167223109304686
BOS-SJC,1850,10.484745762711864,32.16216216216216
FCA-LAS,713,20.05890603085554,32.117812061711085
JFK-BQN,4421,14.948322756119673,32.096810676317574
ASE-SFO,2605,21.904853620955315,31.97696737044146
FLL-SAN,2687,12.916479400749063,31.96873836992929
SJC-BOS,1844,18.328439369222405,31.941431670281993
TVC-DFW,940,20.71504802561366,31.914893617021278
CRW-PHL,837,19.764071856287426,31.899641577060933
ECP-DEN,573,19.788632326820604,31.762652705061083
ONT-MCO,1307,17.749043611323643,31.752104055087987
PSP-JFK,1542,12.66363044892648,31.712062256809336
MDW-EWR,9038,15.369623059866962,31.699491037840232
SWF-MCO,2136,19.507082152974505,31.69475655430712
PNS-FLL,821,19.091687041564793,31.668696711327648
DFW-GEG,3707,19.63990267639903,31.642837874291878
DFW-BUF,2560,17.064263322884013,31.640625
HGR-SFB,803,21.56875,31.63138231631382
LAS-BDL,1515,14.622104566512244,31.551155115511552
DFW-ANC,1973,18.031552162849874,31.525595539787126
LAX-BUF,1898,15.032241014799155,31.506849315068493
CMH-SFO,1096,17.1691042047532,31.47810218978102
EGE-MIA,1131,33.02614968440036,31.47656940760389
ALB-PGD,766,17.61649214659686,31.462140992167104
EYW-LGA,1409,19.07215743440233,31.44073811213627
EYW-EWR,3862,19.5433465085639,31.40859658208182
SEA-HOU,583,12.641996557659208,31.3893653516295
MFE-SFB,571,17.711775043936733,31.34851138353765
FLL-SWF,1999,15.748874437218609,31.315657828914457
FNT-SFB,1561,16.021822849807446,31.262011531069827
SJU-RDU,2054,17.549707602339183,31.256085686465436
JAX-AUS,1010,18.42021803766105,31.18811881188119
FNT-SRQ,635,16.968503937007874,31.181102362204726
PBI-AVL,543,19.016635859519408,31.123388581952117
CHS-LAX,540,13.594444444444445,31.11111111111111
JFK-SMF,2905,11.331826086956521,31.08433734939759
OMA-EWR,3198,15.799121155053358,31.081926203877426
SRQ-FNT,635,15.405362776025237,31.023622047244093
IAG-PGD,1190,17.513947590870668,31.008403361344538
BOS-SJU,12687,13.14459448787807,31.000236462520693
SFB-PIT,863,16.003480278422273,30.938586326767094
MCO-PNS,1135,15.142100617828774,30.92511013215859
BIL-LAS,802,18.561097256857856,30.92269326683292
EYW-DFW,2827,22.637468716481944,30.91616554651574
DEN-ECP,579,11.07638888888889,30.915371329879104
MDW-SFO,5317,11.767954759660697,30.900883957118673
BOI-AZA,626,20.23961661341853,30.830670926517573
DSM-PGD,957,19.5167714884696,30.825496342737722
SNA-BNA,889,10.861016949152543,30.821147356580425
LCK-SRQ,591,17.920068027210885,30.79526226734349
ORD-RNO,3394,13.189436411920921,30.760164997053625
BOS-SYR,1864,16.881437768240342,30.740343347639488
SRQ-CLE,872,19.668197474167624,30.73394495412844
AVL-MSP,596,14.188552188552189,30.70469798657718
TPA-HPN,3283,18.573669640110737,30.703624733475483
FLL-CHS,3446,17.19656377402446,30.702263493905978
MCO-SYR,5039,18.662952646239553,30.68069061321691
SWF-PGD,636,18.462145110410095,30.660377358490564
DCA-CAK,2404,20.51625,30.65723793677205
MEM-LAS,2946,16.089765385923155,30.65173116089613
LEX-PGD,1156,17.704604691572545,30.622837370242213
GSP-SFB,774,16.145994832041342,30.620155038759687
BNA-PGD,889,24.87231638418079,30.59617547806524
PGD-TYS,1131,19.601243339253998,30.592396109637487
ASE-IAH,4460,19.682249322493224,30.56053811659193
FLL-ABE,504,20.357285429141715,30.555555555555557
HOU-BOS,4317,15.699047176388566,30.55362520268705
AUS-MEM,609,15.929392446633827,30.541871921182267
JFK-ABQ,2596,7.1061776061776065,30.508474576271187
CLE-SRQ,872,15.777267508610793,30.504587155963304
EWR-OAK,899,12.657366071428571,30.478309232480534
BUR-JFK,3683,19.13850174216028,30.464295411349447
ATW-PGD,729,14.284340659340659,30.45267489711934
BNA-PIE,808,20.852357320099255,30.445544554455445
ORD-ASE,7793,20.239384866630374,30.42474015141794
DCA-EWR,12325,15.949484284902136,30.40162271805274
MEM-PIE,622,21.34887459807074,30.385852090032156
DSM-SFB,1073,20.08895131086142,30.382106244175212
ORH-FLL,2880,16.097833682739342,30.381944444444443
RFD-SFB,890,17.911036036036037,30.337078651685395
TOL-PGD,867,14.550925925925926,30.33448673587082
SRQ-GRR,737,15.002724795640328,30.257801899592945
PSC-LAS,856,16.964912280701753,30.257009345794394
AUS-RNO,942,14.558886509635974,30.254777070063692
IAH-JFK,2116,19.500237304224015,30.198487712665408
LAS-PSP,2242,11.016532618409293,30.196253345227476
MDT-PGD,832,16.771084337349397,30.16826923076923
IAH-ASE,4603,19.2014635261834,30.154247230067348
ASE-ORD,7496,21.545149153453373,30.13607257203842
EUG-AZA,801,18.08625,30.087390761548065
AVL-FLL,4212,17.85169289461135,30.009496676163344
PSM-PGD,1044,18.46641074856046,29.980842911877392
MEI-ORD,1034,30.947674418604652,29.980657640232106
PIE-BNA,811,17.91304347826087,29.96300863131936
MDT-SFB,1820,20.55641166758393,29.945054945054945
SFB-BNA,725,17.410788381742737,29.931034482758623
IAH-EYW,532,11.316981132075473,29.887218045112785
IAG-SFB,666,18.59248120300752,29.87987987987988
STT-MCO,2076,15.262389149713094,29.865125240847785
RAP-AZA,1120,16.502234137622878,29.82142857142857
PGD-FNT,1496,16.934986595174262,29.812834224598934
SUN-SFO,1601,15.879224030037546,29.793878825733916
RNO-JFK,2053,22.997547817557628,29.761324890404282
PWM-MDW,736,13.927891156462586,29.7554347826087
SYR-SFB,723,18.318559556786703,29.737206085753805
JAX-CVG,972,26.496913580246915,29.732510288065843
JFK-RNO,2069,7.2272727272727275,29.72450459159014
XNA-LAS,865,18.019675925925927,29.71098265895954
ANC-DFW,1967,27.897645854657114,29.68988307066599
GTF-AZA,610,22.408196721311477,29.67213114754098
DEN-BUF,2397,11.166875784190715,29.662077596996244
SRQ-CVG,1506,18.810379241516966,29.61487383798141
HOU-SEA,588,12.345826235093696,29.591836734693878
USA-PGD,774,17.179220779220778,29.58656330749354
SWF-SFB,541,12.099815157116451,29.57486136783734
ADK-ANC,860,3.337601862630966,29.53488372093023
BQN-MCO,6886,14.471733759627961,29.50914899796689
DAL-SRQ,627,13.123595505617978,29.505582137161085
RAP-LAS,773,16.80595084087969,29.49547218628719
XNA-SFB,936,22.186965811965813,29.48717948717949
EGE-EWR,987,22.910401647785786,29.48328267477204
PBG-FLL,2007,14.605711422845692,29.446935724962632
BOS-LGB,1889,7.635068493150685,29.433562731604024
FLL-SYR,1356,14.848776871756858,29.424778761061948
BOI-SNA,595,15.559663865546218,29.411764705882355
SDF-PGD,881,17.62272727272727,29.398410896708288
BUF-LAX,1894,10.61530286928799,29.3558606124604
HNL-ONT,1365,9.654665686994857,29.304029304029307
SAN-FLL,2677,19.330441342889475,29.28651475532312
DEN-ORF,3224,12.646436352318705,29.280397022332505
CLT-SMF,3347,12.103386275097392,29.2500746937556
MDW-VPS,513,15.302734375,29.239766081871345
FWA-SFB,958,20.340647857889238,29.227557411273487
DFW-ECP,5437,18.86004056795132,29.225675924222916
PGD-ATW,729,17.219310344827587,29.218106995884774
DAL-RNO,558,10.657091561938959,29.211469534050178
DEN-ALB,1664,11.683704149128081,29.20673076923077
MCO-PSE,4606,14.589570150556405,29.201042118975252
EWR-SJU,17147,12.990890510948905,29.18877937831691
MDT-MCO,788,16.513341804320202,29.187817258883246
MDW-ROC,1864,12.113258185721953,29.184549356223176
MIA-OKC,1028,11.691780821917808,29.18287937743191
EWR-SJC,1553,7.6811125485122895,29.169349645846747
BNA-SFB,727,19.81655172413793,29.160935350756535
SRQ-LGA,4155,23.2328633932912,29.14560770156438
FLL-LEX,882,17.201136363636362,29.138321995464857
MVY-JFK,2386,20.305951383067896,29.128248113998325
EYW-PHL,1971,22.51150895140665,29.122272957889393
DEN-ATW,1566,13.54996776273372,29.118773946360154
RDU-SJU,2055,15.132489040428641,29.09975669099757
ISP-ATL,650,12.817901234567902,29.076923076923077
FLL-USA,2026,17.494543650793652,29.072063178677197
MSP-AVL,599,13.585284280936454,29.04841402337229
PGD-AVL,1336,15.95105421686747,29.041916167664674
LAS-LIH,1095,7.268151016456922,29.041095890410958
MIA-SFO,12898,12.657125029248888,29.027756241277718
FLL-BQN,3940,12.846975088967971,29.010152284263956
EWR-TYS,3013,16.196143617021278,29.00763358778626
DEN-AVL,956,17.832285115303982,28.97489539748954
RIC-BNA,894,11.681970884658455,28.97091722595078
JFK-ONT,1672,4.266546329723225,28.947368421052634
CHA-PIE,705,18.423897581792318,28.936170212765955
BTV-DEN,619,19.011513157894736,28.91760904684976
EYW-IAD,699,21.175695461200586,28.898426323319025
BWI-AVL,578,16.547660311958406,28.892733564013838
MYR-ABE,817,21.984029484029485,28.886168910648713
MIA-SEA,4625,11.23963334788302,28.864864864864863
BZN-BNA,589,14.977777777777778,28.862478777589136
TYS-FLL,2013,15.009004502251125,28.86239443616493
LCK-MYR,738,18.4579945799458,28.86178861788618
RDU-CLE,2003,20.069965017491253,28.856714927608586
USA-SFB,1504,16.39347536617843,28.856382978723406
MCO-HPN,10635,17.19810066476733,28.838740009402912
LRD-LAS,736,18.047619047619047,28.804347826086957
DFW-MDT,1878,21.518439337252804,28.753993610223645
CLT-HTS,616,14.418831168831169,28.733766233766232
ECP-ORD,557,14.274368231046932,28.725314183123878
SJU-BOS,13284,13.31238670694864,28.703703703703702
PSP-LAS,2227,11.619154676258994,28.69330938482263
BMI-SFB,803,16.698630136986303,28.6425902864259
SJU-EWR,17140,14.651753820928734,28.628938156359396
SGF-AZA,1035,14.944874274661508,28.599033816425123
SJC-EWR,1558,12.217643271088216,28.562259306803593
SFB-CVG,2479,16.452746365105007,28.55990318676886
RFD-PGD,1143,20.713784021071113,28.521434820647418
LGA-CHA,600,11.435,28.499999999999996
BOS-PBI,16836,11.182018457874367,28.48063673081492
BWI-SYR,2835,10.16590187080833,28.465608465608465
LAS-FLL,9847,14.558485187824493,28.465522494160655
BGR-EWR,3472,11.990473441108545,28.42741935483871
BWI-JAN,1193,9.761583824768323,28.415758591785416
PHL-SJU,13287,11.162971342383107,28.403702867464435
SMX-LAS,965,23.259067357512954,28.39378238341969
SGF-SFB,1058,18.853358561967834,28.35538752362949
SAV-MSP,547,12.877513711151737,28.336380255941503
EWR-CHA,1352,11.13372956909361,28.3284023668639
SWF-FLL,1992,11.71852970795569,28.313253012048197
HPN-FLL,7020,13.128884433624517,28.276353276353277
PBI-BOS,16817,14.212988868385024,28.26901349824582
CHS-AUS,538,9.808193668528864,28.25278810408922
GRR-PGD,1611,17.149906308557153,28.243327126008687
ROA-SFB,836,15.035971223021583,28.22966507177033
PGD-BNA,890,17.937078651685393,28.20224719101124
FLL-MEM,926,16.690064794816415,28.185745140388768
GSO-PIE,685,14.874269005847953,28.175182481751825
ORD-EWR,46265,13.593431827043888,28.174646060737057
ORF-SFB,643,14.728125,28.149300155520997
MYR-LCK,739,16.554952510176392,28.146143437077132
FLL-RIC,6687,15.189791947313276,28.114251532824884
HOU-SJU,1060,10.23062381852552,28.11320754716981
AZA-CVG,733,10.941176470588236,28.10368349249659
ORD-MOB,1147,13.090909090909092,28.07323452484743
TOL-SFB,752,19.76462765957447,28.058510638297875
ORD-GEG,1740,9.963751438434983,28.045977011494255
MCO-EWR,61876,15.031590378630705,28.041567004977697
DEN-PVD,528,13.846299810246679,28.030303030303028
SFB-TYS,3230,12.10446373217607,28.01857585139319
ANC-ATL,1071,16.94485981308411,28.011204481792717
PIT-SAV,686,19.14890510948905,27.988338192419825
FLL-EWR,47836,14.425350281063848,27.97683752822142
VPS-CVG,2303,16.630983463881638,27.96352583586626
SFB-FNT,1562,12.985852090032154,27.91293213828425
CLT-SFO,15754,10.024517608100362,27.91037196902374
DSM-MCO,581,12.081174438687393,27.882960413080895
JAC-SFO,2375,13.56578947368421,27.873684210526317
MIA-SAT,3585,11.455079764903443,27.866108786610877
SMF-JFK,2888,14.860763888888888,27.839335180055404
PBG-SFB,1114,13.542754275427543,27.827648114901255
DAL-BUR,2725,9.802801326944342,27.816513761467892
PIE-TYS,2308,15.839409722222221,27.81629116117851
HNL-JFK,3981,6.251769464105156,27.80708364732479
LGA-MHT,1049,13.616412213740459,27.740705433746427
HYA-JFK,905,19.449115044247787,27.734806629834253
FLL-BOS,28003,13.516131339866943,27.707745598685857
DFW-BUR,3737,11.308997844827585,27.696012844527694
JFK-OAK,1546,8.00997340425532,27.684346701164298
DCA-JAN,2028,12.829850746268656,27.662721893491128
DFW-SFO,39618,12.378622135765355,27.64652430713312
DEN-BDL,6378,10.150934506046804,27.641894010661648
IAD-EWR,11324,13.908898117875761,27.64040974920523
PVD-DEN,521,13.275529865125241,27.63915547024952
PBI-JFK,17645,13.79359491227074,27.633890620572398
MSO-LAS,742,19.129380053908356,27.628032345013477
BTV-EWR,7031,13.993878132118452,27.62053761911535
SRQ-AVL,594,14.062605752961083,27.609427609427613
ORD-CHO,5643,14.502313990744037,27.609427609427613
OTH-SFO,2862,20.95317959468903,27.603074772886092
FWA-PIE,1185,12.447078746824724,27.59493670886076
LCK-SAV,798,17.99121706398996,27.56892230576441
LAS-XNA,867,10.399538106235566,27.566320645905424
DAL-MIA,2032,11.625863770977295,27.559055118110237
RSW-SEA,628,6.788216560509555,27.547770700636942
LGB-SFO,6337,12.614278944874428,27.505128609752248
DFW-FSD,6018,17.47307884647441,27.500830840810902
EWR-MSN,3579,10.942809083263246,27.49371332774518
DAL-MSP,815,10.128834355828221,27.484662576687118
PGD-GRR,1612,16.429192546583852,27.48138957816377
SAN-EUG,506,10.494071146245059,27.4703557312253
JFK-PBI,17697,10.137153859221927,27.46228174266825
ASE-LAX,8206,14.320503421309873,27.443334145747016
CVG-AZA,733,11.553888130968621,27.421555252387446
OWB-SFB,518,12.901162790697674,27.413127413127413
GJT-LAS,712,16.381153305203938,27.3876404494382
SLC-OGG,826,16.965978128797083,27.36077481840194
SRQ-DFW,2252,17.9384203480589,27.353463587921844
IAG-PIE,830,12.301088270858525,27.349397590361445
ORD-UIN,1225,16.916324856439704,27.346938775510203
OMA-AZA,578,11.020761245674741,27.33564013840831
LEX-SFB,1548,17.975404530744335,27.325581395348834
MIA-JFK,43224,14.6449315704013,27.32278363871923
SJC-JFK,3404,12.94983771023901,27.320799059929495
ONT-JFK,1666,17.765165165165165,27.310924369747898
CHS-CVG,682,13.593841642228739,27.27272727272727
SFB-DSM,1075,14.068160597572362,27.25581395348837
PVD-EWR,4363,11.528899082568808,27.251890900756358
COS-MCO,907,14.01766004415011,27.23263506063947
MIA-BDL,5006,13.00560336201721,27.227327207351177
BLV-PIE,1102,17.12897366030881,27.223230490018146
CLT-MGM,1249,12.91004016064257,27.22177742193755
BNA-DSM,691,16.539797395079596,27.206946454413895
MCO-JFK,45478,16.267196932974926,27.202163683539293
FLL-JFK,38938,15.388856003088405,27.19965072679645
ORD-FAT,1081,8.525280898876405,27.19703977798335
BIS-AZA,1401,11.65,27.194860813704498
FLL-PNS,824,13.001216545012165,27.184466019417474
SBN-PGD,1148,12.794220665499124,27.177700348432055
BOS-FLL,28023,10.262030936694357,27.166969988937655
MDW-SJU,1108,9.763372620126926,27.166064981949457
SRQ-IND,1668,13.742788461538462,27.15827338129496
BNA-SFO,4651,11.65374677002584,27.155450440765428
PIE-CVG,2597,14.682203389830509,27.146707739699654
EGE-JFK,991,19.31340206185567,27.14429868819374
MIA-EWR,34511,13.527496508379889,27.124684883080757
EWR-RIC,6562,11.583295159566346,27.110637000914355
MCO-RSW,1280,11.407232704402515,27.109375000000004
SFB-RIC,502,11.694,27.091633466135455
AUS-ONT,1344,9.623511904761905,27.083333333333332
DEN-SDF,7479,11.066085790884719,27.06244150287472
DFW-EWR,28732,11.558689876957494,27.049979117360433
HNL-BOS,1150,6.373913043478261,27.043478260869563
EWR-PBI,29504,10.491238793806032,27.04040130151844
LAS-TYS,725,12.78640776699029,27.034482758620687
DEN-SFO,55214,10.503968829285974,26.991342775383053
SFB-TRI,771,15.16840731070496,26.977950713359274
AUS-JAX,1009,10.594217347956132,26.957383548067394
STL-EWR,11722,12.965771639358325,26.949326053574474
SGF-LAX,657,12.736681887366819,26.94063926940639
DAL-RSW,1073,11.429636533084809,26.933830382106244
SFB-GSP,776,11.82687338501292,26.932989690721648
ORD-JFK,21150,14.993179234558545,26.926713947990542
MVY-BOS,884,13.119047619047619,26.923076923076923
SRQ-DAL,602,11.59567387687188,26.910299003322258
CVG-SRQ,1509,14.518296739853627,26.90523525513585
LCK-PIE,1037,15.026061776061775,26.90453230472517
MCO-OKC,1134,10.95221238938053,26.89594356261023
FNT-PIE,1506,13.040720961281709,26.89243027888446
DEN-CHS,4005,11.166541447533183,26.89138576779026
SWF-MYR,569,12.42226148409894,26.889279437609844
LAS-SFO,66045,11.363537200599936,26.88772806419865
AUS-PIT,733,10.376712328767123,26.875852660300136
TTN-CLT,1381,10.654347826086957,26.864590876176685
LAS-GRR,1329,15.012830188679246,26.86230248306998
DFW-TVC,942,11.459086078639745,26.857749469214436
SFO-ASE,2711,19.32983682983683,26.85355957211361
DAL-LGA,17502,9.78740157480315,26.842646554679465
DEN-JAX,6105,10.040092014459415,26.830466830466833
HPN-PBI,13270,10.9931190926276,26.827430293896004
ORF-EWR,8399,14.319971367215462,26.824621978807002
SFB-MEM,772,11.452072538860104,26.813471502590673
DCA-HPN,7316,13.99890049477735,26.804264625478403
DCA-LIT,1996,12.551430005017561,26.803607214428858
MDW-LGA,20055,9.869924397937215,26.796310147095486
PGD-IND,1658,15.086404833836857,26.77925211097708
ORD-COS,9783,10.452199835526315,26.7607073494838
GRI-AZA,781,16.834615384615386,26.76056338028169
PIE-AVL,2747,12.997438712038054,26.75646159446669
CLT-EWR,36799,12.398295392658751,26.750726921927225
SFB-CHA,729,10.211538461538462,26.74897119341564
SRQ-JFK,3317,13.713551119177254,26.741031052155563
DEN-EWR,29559,11.087122113782433,26.72620859974965
SFB-AVL,2940,13.344038264434575,26.700680272108844
ATL-TTN,2626,13.089900535577659,26.694592536176692
MIA-SAN,4043,11.387313432835821,26.688102893890676
AUS-SNA,3295,10.206079027355623,26.67678300455235
CLT-SNA,570,14.296296296296296,26.666666666666668
BWI-SRQ,5110,8.69756480754124,26.65362035225049
LGA-BHM,5355,8.825851103628882,26.647992530345473
SFB-GRR,2473,14.163967611336032,26.647796198948647
DFW-BFL,3280,14.694656488549619,26.646341463414636
DAL-ONT,2522,9.256949960285942,26.645519429024585
DAL-SFO,8926,10.981750591416018,26.641272686533725
TTN-ORD,1059,14.453941120607787,26.628895184135974
SFO-OTH,2891,11.19504424778761,26.599792459356625
HHH-EWR,688,18.143712574850298,26.598837209302324
LCK-VPS,519,15.932432432432432,26.589595375722542
PBI-EWR,29429,13.703454861703216,26.589418600699986
LAS-FNT,854,12.225616921269095,26.580796252927403
OKC-VPS,587,13.222222222222221,26.575809199318567
CLT-SEA,9969,8.485043811058516,26.572374360517603
CVG-SAV,1167,16.43938091143594,26.563838903170524
MDW-SAV,1807,9.88740987243483,26.563364692861096
FLL-SAT,1416,8.002836879432625,26.55367231638418
MYR-EWR,6454,11.429237947122862,26.541679578555932
LGA-CAE,4062,10.69820152746982,26.514032496307237
IAH-HNL,3456,12.582002902757619,26.504629629629626
HOU-SMF,1132,9.335101679929267,26.501766784452297
TTN-PBI,2035,9.930966469428007,26.486486486486488
EWR-FLL,47830,10.352089054736798,26.47501568053523
MSO-AZA,854,12.235638921453694,26.46370023419204
BOS-HNL,1153,11.81691368788143,26.452732003469208
DAL-SMF,3730,8.481352294070298,26.4343163538874
LAS-KOA,1056,5.660377358490566,26.420454545454547
HOU-RDU,2719,8.842473316157527,26.406767193821256
DCA-AUS,3367,7.46680559690384,26.403326403326403
DEN-GSP,1902,9.862631578947369,26.393270241850686
DFW-EYW,2831,15.318327974276528,26.386435888378664
DCA-CRW,2339,13.8303264604811,26.378794356562636
TTN-MCO,5319,12.633571966842501,26.377138559879675
SFB-BLV,963,8.797086368366285,26.375908618899274
ATW-SFB,975,17.85169927909372,26.358974358974358
FLL-RDU,11632,13.221734263325583,26.358321870701513
MDW-SEA,7642,6.086819258089976,26.35435749803716
TYS-LAS,725,10.463245492371707,26.344827586206897
BGR-SFB,1382,12.923747276688454,26.33863965267728
DFW-MIA,38525,12.32447556087658,26.336145360155744
FLL-AUS,9949,9.063683998387747,26.334304955271886
FLL-SDF,1755,12.950941243582431,26.324786324786327
PHL-CAK,1995,15.278754394776493,26.31578947368421
MDW-MYR,1729,8.825810185185185,26.31578947368421
CLT-PGV,1064,13.449385052034058,26.31578947368421
RSW-JFK,11283,13.209118378954852,26.30506071080386
FSD-PIE,521,15.448940269749519,26.29558541266795
DAY-PGD,658,15.09618320610687,26.29179331306991
DFW-SMF,15154,11.384320718578694,26.29008842549822
SFB-LIT,567,10.737122557726465,26.278659611992943
DFW-OGG,5069,9.864661654135338,26.277372262773724
MCO-SWF,2143,15.146728971962617,26.271581894540365
EYW-ORD,2944,10.17764060356653,26.25679347826087
FLL-HPN,7050,13.215269804822043,26.255319148936167
BUR-SFO,26518,11.707279317375217,26.250094275586395
LAS-ALB,880,9.071835803876853,26.25
PIE-PIT,1044,13.827586206896552,26.245210727969347
ISP-BNA,663,11.398484848484848,26.244343891402718
FLL-IND,6756,11.686713079543772,26.243339253996446
MDW-MIA,3758,11.267485317672184,26.237360298030865
ICT-AZA,728,12.065934065934066,26.236263736263737
LGA-FLL,45485,8.863111248291371,26.22622842695394
AUS-BUR,1438,9.07267645003494,26.21696801112656
MCO-MYR,1389,12.86599423631124,26.205903527717783
ALB-SFB,588,14.837328767123287,26.190476190476193
AUS-SMF,2555,8.476489028213166,26.183953033268104
SRQ-EWR,5717,13.32993496220777,26.167570404058072
AVL-PGD,1334,14.027777777777779,26.16191904047976
SLC-EWR,7148,11.270997745208568,26.14717403469502
MDW-BUR,1366,6.449669360764144,26.13469985358712
SFO-MMH,532,14.814744801512287,26.127819548872182
ORD-FAI,999,9.623493975903614,26.126126126126124
MIA-STL,7590,10.944708366323567,26.113306982872196
HOU-PNS,3777,8.77387603085927,26.10537463595446
RSW-EWR,19357,12.519404378956107,26.099085602107763
MYR-MCO,1380,13.892363636363637,26.08695652173913
MCO-TTN,5362,13.486014642387836,26.072361059306232
LEX-PIE,1105,12.130790190735695,26.063348416289596
EWR-SFO,46796,9.238789982218224,26.062056586032995
EYW-BOS,829,17.483994878361077,26.05548854041013
ORD-SFO,57313,9.251454224675529,26.03946748556174
DFW-GRR,7266,13.58266629864753,26.03908615469309
SFB-EVV,749,12.458445040214476,26.034712950600802
RAP-CLT,945,15.445396145610278,26.031746031746035
BZN-LAS,3039,10.349044166117336,26.02829878249424
PHL-TYS,2955,13.330281451339436,26.023688663282574
HOU-MKE,1157,7.529004329004329,26.01555747623163
FLL-PIT,9370,11.344978632478632,26.008537886873
STX-FLL,1531,8.60248853962017,25.996080992815152
JFK-HOU,1740,7.50722961249277,25.97701149425287
ORH-MCO,2337,12.811500216169478,25.930680359435172
PIE-FNT,1508,9.366844207723036,25.928381962864723
OAK-IAH,1030,10.612463485881207,25.922330097087375
RFD-LAS,706,12.240793201133144,25.920679886685555
JFK-FLL,39013,8.960829670753334,25.91956527311409
DFW-HNL,6599,9.707978075517662,25.913017123806636
TUL-SFB,822,18.777372262773724,25.91240875912409
DFW-SAV,6741,12.837250818208867,25.901201602136183
DFW-ASE,6761,12.755045017075442,25.898535719568113
LAS-AZA,753,14.625,25.89641434262948
JAX-PIT,699,15.052932761087268,25.894134477825464
PPG-HNL,935,32.70021413276231,25.882352941176475
GRI-LAS,742,11.452830188679245,25.87601078167116
BOS-MCO,39311,9.900306356905796,25.870621454554705
MDW-ALB,6672,8.956312865936045,25.85431654676259
LAS-SDF,4150,9.463173146582951,25.83132530120482
DFW-JAX,14991,11.512635379061372,25.828830631712364
PSM-SFB,906,8.359116022099448,25.82781456953642
FLL-LGA,45587,10.145286310535962,25.82315133700397
SRQ-BOS,2971,11.658906882591094,25.816223493773137
DEN-MLI,2834,10.575070821529746,25.7939308398024
JFK-MCO,45566,9.797908410391898,25.78896545670017
BDL-PBI,3805,7.944195841010792,25.781865965834427
RSW-BOS,19175,11.80470993681792,25.773142112125164
CLT-TTN,1386,10.862617498192336,25.757575757575758
PGD-CVG,2477,14.473344103392568,25.756964069438837
DFW-CHS,7937,11.263510101010102,25.752803326193774
ACK-LGA,1930,19.157922077922077,25.751295336787567
RDU-BDL,1200,14.543333333333333,25.75
EGE-LAX,1305,18.284942084942085,25.74712643678161
DFW-TYS,13597,13.64516842338026,25.740972273295583
HHH-IAD,676,13.096439169139465,25.7396449704142
MCO-BOS,39291,12.614651547967894,25.736173678450534
PVD-PBI,1675,8.965331739390317,25.731343283582092
GTF-LAS,719,18.50974930362117,25.73018080667594
DEN-SYR,2033,8.399507389162562,25.72552877520905
ORD-HSV,4801,10.862032978501357,25.723807540095812
DFW-SJU,6057,9.945346141106327,25.722304771338944
AVL-SRQ,595,10.63973063973064,25.71428571428571
MCO-LGA,40020,11.718503045250918,25.69965017491254
EUG-SAN,506,12.290513833992096,25.691699604743086
DAL-SEA,5343,6.465523737754333,25.678457795246118
ACK-JFK,3900,18.413501026694046,25.666666666666664
HOU-SAV,1345,8.06547619047619,25.650557620817843
ORD-CHA,5202,11.114836223506744,25.64398308342945
LGB-DAL,1798,9.053721320649133,25.639599555061178
ORD-SJC,6034,7.08878194490541,25.638051044083525
SDF-LAX,1178,11.200680272108844,25.636672325976228
ORH-LGA,909,22.106710671067106,25.63256325632563
PIE-IND,1939,13.760061919504643,25.63176895306859
AZA-DSM,1042,9.567567567567568,25.62380038387716
PHL-PDX,894,10.174259681093394,25.615212527964204
DFW-MCO,41323,11.94674628024952,25.59591510780921
EWR-MCO,61867,10.620136446871607,25.593612103383062
LAS-SBA,3591,6.95970900951315,25.591757170704536
EWR-PDX,6991,7.447919655667145,25.590044342726365
DFW-PBI,8824,10.194545454545455,25.58930190389846
HOU-MIA,4338,8.62745551190201,25.587828492392806
DEN-BHM,6656,8.678103837471783,25.570913461538463
SFO-CMH,1099,7.522768670309654,25.568698817106462
ORD-TUS,8558,6.842820332630593,25.56672119654125
IAD-LGA,7021,9.91831789023521,25.566158666856577
SBN-SFB,1080,14.388682745825603,25.555555555555554
DFW-PNS,12972,14.548893702614885,25.55504162812211
ATL-ASE,1362,14.221069433359936,25.55066079295154
ORF-BOS,1637,12.819070904645477,25.534514355528405
AUS-AMA,819,7.776009791921664,25.518925518925517
GRR-SRQ,737,12.445652173913043,25.508819538670284
GSO-EWR,5968,10.659895920765486,25.485924932975873
LAS-ANC,628,-0.5290322580645161,25.477707006369428
IAH-ANC,793,9.708860759493671,25.472887767969738
MIA-AUS,10465,9.497317493772753,25.446727185857622
JFK-BUR,3722,3.4403494403494403,25.443310048361095
DCA-XNA,2001,10.884884884884885,25.43728135932034
JAC-SEA,975,11.51043841336117,25.435897435897438
SGF-PIE,1160,12.78133102852204,25.43103448275862
PWM-MCO,1070,7.688847235238987,25.42056074766355
ALB-FLL,4395,8.365380223795388,25.41524459613197
FLL-TTN,1448,14.07147814018043,25.41436464088398
MDW-RNO,1452,6.8126301179736295,25.413223140495866
DFW-KOA,803,6.919799498746867,25.404732254047325
FLL-LAS,9909,7.50450177035913,25.401150469270362
DEN-MIA,16939,10.007884284782737,25.39701281067359
MCO-SJU,49779,11.637467824967825,25.372144880371238
AZA-OAK,540,12.233333333333333,25.37037037037037
HOU-JAX,3682,8.475516866158868,25.366648560564908
DAY-EWR,2801,11.849070100143061,25.34808996786862
MIA-LAX,29789,9.000840788323131,25.344925979388368
LAS-MRY,726,12.629166666666666,25.344352617079892
DFW-CAE,6518,13.588316679477325,25.32985578398282
SAV-DEN,1698,11.306461173681091,25.323910482921086
EUG-DFW,1240,22.045565500406834,25.322580645161292
AVL-PBI,545,9.262867647058824,25.321100917431195
LAX-BDL,1876,8.601069518716578,25.319829424307038
DFW-ELP,23220,12.822158943826041,25.31007751937985
MCO-OMA,2055,9.451974646513897,25.304136253041364
EWR-MDW,9127,9.365086349136508,25.29856469814835
PIT-PBI,589,10.884353741496598,25.29711375212224
HPN-DCA,7330,14.220123203285421,25.29331514324693
MIA-MSY,12261,11.621924303114525,25.283418970720167
BWI-SAV,3544,8.062411748093758,25.28216704288939
FLL-LCK,649,12.609567901234568,25.26964560862866
MSY-BOS,6634,9.82870090634441,25.26379258365993
CHS-BOS,8068,13.970212237805635,25.260287555775907
HOU-LGA,8759,8.013104954592482,25.25402443201279
PBI-HPN,13284,12.13595257998328,25.240891297801866
LGB-JFK,3575,7.788661240527645,25.23076923076923
DEN-DAY,1764,10.199431818181818,25.22675736961451
FAR-BNA,559,14.374551971326165,25.223613595706617
DFW-FAT,9593,10.547104851330204,25.216303554675285
PIE-ABE,1503,11.353097934710194,25.216234198270126
PBI-LGA,24425,10.720041237113403,25.211873080859775
DFW-MKE,11265,11.10713650115679,25.210830004438527
LAX-SFO,127006,8.817130833609154,25.209045241957075
DEN-LGA,38324,7.960826154535156,25.200918484500573
RDU-EWR,20021,12.118506655990391,25.19854153139204
DAL-BHM,7243,9.264766911052705,25.196741681623635
FLL-BDL,9949,11.2305446491493,25.18846115187456
GRR-EWR,5573,11.556055425589348,25.17495065494348
MDW-ORF,5345,8.617348854675178,25.16370439663237
DFW-MSY,26205,11.629394437856241,25.163136805953062
DFW-BDL,5478,9.094167123788626,25.155166119021537
JFK-IAH,2127,4.448796602170836,25.152797367183826
SAV-PIT,688,15.919941775836973,25.1453488372093
DFW-EGE,6029,16.216823056300267,25.145131862663796
MDT-SRQ,517,9.99031007751938,25.145067698259187
CLT-PDX,3496,8.700143472022955,25.143020594965677
LAN-DCA,1561,12.90558766859345,25.112107623318387
SJU-JAX,725,13.429558011049723,25.103448275862068
ABQ-BUR,1008,8.423880597014925,25.099206349206348
RIC-EWR,6325,11.592868462757528,25.09090909090909
PVU-AZA,3755,15.680159786950732,25.086551264980027
OAK-DFW,1683,12.43649373881932,25.074272133095665
AZA-PVU,3762,14.726618705035971,25.066454013822437
JAX-EWR,10284,13.755568581477139,25.058343057176195
MDW-BDL,7688,8.481172638436481,25.05202913631634
PDX-MIA,503,14.634194831013916,25.04970178926441
ORD-COU,5705,10.227808050624011,25.048203330411916
IAH-EWR,33338,9.897170919827664,25.04049433079369
SRQ-PIT,1386,12.8028880866426,25.036075036075033
EWR-IAD,10612,11.50414859513483,25.02826988315115
DSM-AZA,1043,10.800575263662513,25.023969319271334
DCA-TLH,2126,10.3342776203966,25.02351834430856
CID-AZA,1347,8.880119136262099,25.01855976243504
FSD-LAS,1487,10.475420875420875,25.016812373907193
DFW-SDF,13558,12.996821642397812,25.011063578698923
AVL-SFB,2935,12.564058763238812,25.008517887563887
EWR-BOS,42364,10.72593519743057,25.004720989519402
TOL-PIE,828,13.58909090909091,25.0
AVL-BWI,580,9.41105354058722,25.0
LGA-LIT,1220,4.1405094494659,25.0
EWR-MIA,34522,8.416925713953692,24.986964834018888
ORD-EGE,2078,12.780117531831538,24.975938402309914
BMI-PIE,745,12.330188679245284,24.966442953020135
JFK-MKE,1987,12.530776992936428,24.962254655259184
RSW-PVD,1246,10.061044176706828,24.959871589085072
MDW-SRQ,2032,8.315163528245789,24.950787401574804
FLL-ALB,4409,10.194722474977253,24.948968019959175
MDW-OAK,8801,5.1254414948159965,24.940347687762753
PHX-SFO,44595,9.435403155225421,24.937773292970064
GSP-PIE,794,10.781841109709962,24.937027707808564
ORD-OGG,1544,5.7141000649772575,24.935233160621763
TYS-PGD,1131,14.360888888888889,24.93368700265252
FSD-SFB,654,11.859111791730475,24.92354740061162
PIE-GSP,795,8.303526448362721,24.90566037735849
JFK-PSP,1546,1.4291287386215865,24.902975420439844
DFW-RSW,11561,10.177506070065904,24.902690078712915
ATW-AZA,1016,9.039447731755423,24.901574803149607
PHL-SFO,16975,6.058443099560935,24.901325478645067
ORD-DAL,5024,5.452276357827476,24.90047770700637
CVG-MYR,695,15.245310245310245,24.89208633093525
ORD-LGA,101852,10.578551966513979,24.89200015709068
HNL-SMF,5135,7.9656719329042325,24.888023369036027
ASE-PHX,880,12.977220956719817,24.886363636363637
LAX-ASE,8540,14.553884093711467,24.882903981264636
MIA-MDW,3806,8.501583113456464,24.88176563321072
HNL-AUS,583,6.285714285714286,24.871355060034304
HOU-BHM,5308,8.676975297001697,24.868123587038433
LAS-FAT,7967,8.888749214330609,24.865068407179617
FLL-JAX,9424,10.768274543136421,24.85144312393888
PBI-MSP,624,9.476725521669342,24.83974358974359
PBI-LAX,604,3.145936981757877,24.834437086092713
PIT-SFB,862,14.292682926829269,24.825986078886313
HOU-CLT,2256,7.63265306122449,24.822695035460992
FLL-SJU,27455,9.755604972476394,24.82243671462393
SFO-EWR,46780,8.035764918159556,24.811885421120135
MDW-SMF,4450,5.276336566659148,24.808988764044944
DFW-VPS,13264,12.261564085093497,24.803980699638117
JFK-SJU,32693,8.032123717654263,24.779004679900897
DCA-GRR,3459,11.112398609501739,24.775946805435098
PSC-SFO,3742,14.362322718758362,24.772848743987172
DEN-BOS,28833,8.056055916820252,24.76676030936774
MIA-BOS,28489,9.956341394825646,24.760433851662043
EWR-DAY,2791,9.177315147164393,24.758151200286633
DFW-LAS,49005,11.02415350348407,24.752576267727783
BOS-RSW,19220,7.256083550913838,24.74505723204995
AUS-ECP,578,7.7612456747404845,24.74048442906574
JFK-SJC,3409,1.0137683328344806,24.728659430918157
SAN-SFO,65163,9.173995882117943,24.718014824363518
AVL-PIE,2748,13.178728070175438,24.70887918486172
HOU-CHS,2736,8.326739926739927,24.707602339181285
EGE-SFO,591,6.781196581196581,24.703891708967852
EWR-STL,11344,7.686161741284728,24.70028208744711
HDN-DFW,1462,23.829318651066757,24.6922024623803
SNA-AUS,3297,11.056213916742632,24.689111313315134
ORD-BIS,1430,8.960591133004925,24.685314685314687
MIA-LAS,13251,9.281962001362501,24.67738283903102
AUS-CHS,539,8.878957169459962,24.675324675324674
ONT-SFO,19068,12.145563310069791,24.648625970211874
MEM-EWR,5311,10.323858252795148,24.646959141404633
SMF-SFO,13405,12.173273609555805,24.63259977620291
DAL-TPA,9809,9.363524841545695,24.630441431338568
ROC-EWR,6212,9.698727243434831,24.629748873148742
MEI-PIB,2595,13.329853054911059,24.6242774566474
MDW-IAH,2522,5.5863166268894195,24.623314829500398
EUG-LAS,2019,14.72803970223325,24.616146607231304
SFB-LCK,1077,11.330540037243948,24.605385329619313
DCA-CHA,1837,10.717948717948717,24.6053347849755
OGG-SLC,817,23.613970588235293,24.60220318237454
SYR-EWR,4321,6.9261232051875865,24.6007868548947
PHL-JFK,1354,11.050221565731167,24.593796159527326
DFW-GSO,6075,10.668646864686469,24.592592592592595
HDN-ORD,1029,13.914789422135161,24.586977648202136
EWR-DCA,12503,8.619295853717219,24.57810125569863
EWR-XNA,1050,2.533077660594439,24.571428571428573
MDW-SJC,4298,4.137108095460927,24.569567240577012
GRR-SFB,2471,12.973630831643002,24.564953460137595
LAS-OGG,3016,10.50101902173913,24.53580901856764
RDU-CMH,754,16.58698539176627,24.53580901856764
ORD-MQT,3233,17.650902302426882,24.528301886792452
DEN-RDU,15698,7.3831280709590965,24.525417250605173
MSP-EWR,20506,8.851045082970288,24.519652784550864
AUS-BOS,10457,12.072455434157561,24.509897676197763
AZA-GRR,1224,9.821078431372548,24.509803921568626
BWI-SJU,9329,7.231743986254296,24.50423410869332
IAD-EYW,702,8.179190751445086,24.501424501424502
MCO-MDT,792,12.570707070707071,24.494949494949495
DCA-AGS,1421,11.055084745762711,24.489795918367346
MIA-LGA,54215,8.827083875283362,24.48768790925021
DFW-SBA,4299,10.169674244199673,24.47080716445685
CHA-ORD,5301,12.711764705882352,24.467081682701377
DFW-ONT,18757,10.19090326713645,24.46553286772938
ATL-ANC,1075,6.311858076563959,24.46511627906977
ORD-OAK,1402,10.034236804564907,24.465049928673324
MKE-EWR,7664,9.765567765567766,24.465031315240083
ORD-BIL,654,8.622119815668203,24.464831804281346
GRR-DFW,7257,12.341835320210702,24.45914289651371
OMA-PIE,503,9.459244532803181,24.45328031809145
TPA-SAN,1051,8.186844613918018,24.45290199809705
MDW-BOS,13301,7.7620481927710845,24.449289527103225
DCA-GSP,5151,9.833106399533165,24.441855950300912
EWR-MCI,5794,6.99515403253721,24.439074905074214
DFW-DSM,10825,12.272962962962962,24.43418013856813
MIA-DEN,16952,9.788215806909607,24.433695139216614
DFW-MEM,19908,11.673624383864802,24.432388989351015
BOS-LAS,13829,4.401425350883572,24.419697736640394
EWR-GRR,5082,7.630207305034551,24.41951987406533
PWM-EWR,8872,10.166911018382768,24.413886384129846
DTW-TUL,1016,11.910167818361304,24.409448818897637
DFW-TPA,25926,10.538160999574485,24.404073131219626
LAS-BOS,13817,8.928924418604652,24.397481363537672
LAS-HNL,10625,9.362441672221694,24.395294117647058
DAL-PDX,3317,5.983675937122128,24.389508592101297
PNS-DEN,1878,7.874799357945426,24.38764643237487
JAX-SJU,722,12.20775623268698,24.37673130193906
CID-PGD,882,12.072644721906924,24.37641723356009
DEN-ASE,20328,15.112888005959771,24.375245966155056
PSE-MCO,4585,7.7192139737991265,24.362050163576882
DFW-MFE,18806,12.222802066137707,24.359247048814208
PHX-EWR,22443,8.278723785624663,24.346121285033195
DCA-BHM,5192,10.18806719443908,24.345146379044685
FLL-CMH,6513,9.65380476556495,24.335943497620143
DFW-ORF,7783,10.95046439628483,24.335089297186173
LAS-BHM,2778,7.661854926019488,24.33405327573794
MIA-DFW,38408,10.978117647058824,24.330868569048114
DCA-PNS,4703,11.112841296928327,24.32489900063789
AUS-EWR,14965,9.370933046517882,24.323421316404943
BGR-PIE,1176,8.50383631713555,24.31972789115646
EWR-MKE,7649,6.2493768857405225,24.3169041704798
RDU-MSY,1086,8.371534195933457,24.30939226519337
LGA-DAY,4139,8.28623276070651,24.305387774824837
AUS-MAF,1510,9.988079470198675,24.304635761589406
GRR-LAS,1329,14.111529766390355,24.303987960872835
DFW-HOU,17380,12.896838218324486,24.30379746835443
BOS-SAT,1070,4.947565543071161,24.299065420560748
MIA-PHL,26211,11.442428178484107,24.29132806836824
SFB-ATW,976,11.29896907216495,24.2827868852459
ILM-BOS,659,12.841704718417047,24.279210925644918
ATW-DEN,1574,14.131210191082802,24.269377382465056
STL-SFO,5617,9.057193923145666,24.265622218265978
LAS-OKC,7723,8.28309968847352,24.26518192412275
DFW-MSN,7913,11.95998987085338,24.263869581700998
SAV-BOS,4822,9.127544661404238,24.263790958108668
BNA-EWR,16981,10.723411806459245,24.26241092986279
PHX-ASE,915,10.027118644067796,24.262295081967213
DFW-GSP,7073,11.111708905564209,24.261275272161743
MCO-MEM,5685,10.487671715392745,24.256816182937555
USA-PIE,1748,10.586483390607102,24.25629290617849
BNA-GRR,697,10.323275862068966,24.2467718794835
ACK-BOS,1654,11.752421307506053,24.244256348246676
SAN-TPA,1052,9.198284080076263,24.23954372623574
MDW-LAX,16414,4.180037941374457,24.229316437187766
FLL-ORH,2910,9.620953706926558,24.22680412371134
LAS-SAN,49666,8.43073977020762,24.22381508476624
RSW-LGA,8406,11.55748711185709,24.220794670473474
DCA-GSO,4938,9.251064692760089,24.220332118266505
CHO-LGA,8002,11.725757955399649,24.21894526368408
ATL-GRK,1784,12.370976849237719,24.2152466367713
ROA-CLT,826,9.816747572815533,24.213075060532688
DFW-IND,16282,9.671854813903414,24.210784915858003
SAV-CVG,1169,13.708512467755805,24.2087254063302
AGS-DCA,1410,12.861921708185053,24.184397163120565
RSW-DAL,1071,7.201869158878504,24.18300653594771
FSD-AZA,1890,9.296825396825398,24.17989417989418
LGA-PBI,24430,6.180683823831219,24.1629144494474
SGU-DFW,1101,18.674012855831037,24.159854677565846
SJU-PHL,13254,11.131359781950334,24.15874452995322
BZN-IAH,770,11.712239583333334,24.155844155844157
EWR-VPS,621,7.791935483870968,24.154589371980677
DAL-MEM,5590,8.197384918502598,24.15026833631485
CID-BNA,584,10.594178082191782,24.143835616438356
MCO-RIC,7826,11.458269329237071,24.137490416560183
DFW-CLE,15064,9.683209153805215,24.13701540095592
MHT-EWR,3195,11.756189282356628,24.131455399061032
MCO-LBE,3386,10.334418467002072,24.128765505020674
ALB-PIE,746,13.60752688172043,24.128686327077748
DFW-SAN,31977,10.556161464209602,24.1173343340526
PHL-LAS,17069,5.493295695130557,24.108032104985647
ATL-EWR,56237,10.652531340834923,24.10690470686559
BDL-LAS,1510,7.023952095808383,24.10596026490066
BIS-LAS,1029,11.243926141885325,24.101068999028183
FLL-ISP,4058,9.706537890044576,24.10054213898472
TTN-RDU,1332,12.398196844477836,24.0990990990991
MIA-BWI,14795,9.055630844287844,24.095978371071308
DAL-RDU,3089,8.254946480700616,24.085464551634832
SFO-OKC,1898,7.905063291139241,24.077976817702844
EWR-PHL,785,6.4496815286624205,24.076433121019107
MDW-PDX,5746,4.902042954426402,24.068917507831536
DFW-BHM,13721,12.460526315789474,24.065301362874425
SFB-SDF,956,10.5434554973822,24.05857740585774
EWR-BGR,3413,9.92129221732746,24.05508350424846
IAD-OKC,828,23.461910519951633,24.033816425120776
EWR-RSW,19407,8.376091787689287,24.032565569124543
TTN-ATL,2626,11.111619047619048,24.02894135567403
CHO-ORD,5620,16.208832469157876,24.02135231316726
ORD-ECP,558,9.220216606498195,24.014336917562723
LAS-MAF,4053,7.884567748327966,24.006908462867013
DAL-COS,3591,6.894265734265734,24.00445558340295
MDW-PWM,742,8.591339648173207,23.98921832884097
PDX-BWI,667,6.625757575757576,23.988005997001498
HOU-DFW,17344,13.74501646732536,23.985239852398525
XNA-VPS,830,6.150121065375303,23.97590361445783
LGA-MCO,40010,6.7405662741167625,23.971507123219197
CRW-IAH,1381,8.664478482859227,23.968139029688633
DFW-BOS,30952,8.82623332901722,23.96291031274231
MSY-SFO,4069,10.271028037383177,23.961661341853034
DFW-PIA,5670,12.619123365146695,23.950617283950617
MDW-MHT,6819,7.6062784215930765,23.947792931514886
ORD-SAT,13047,7.249289827255279,23.944201732198973
DTW-EWR,24975,9.019570099454604,23.935935935935937
FLL-PVD,6261,7.792180740265983,23.925890432838205
SBN-LAS,698,8.949127906976743,23.925501432664756
GRR-BNA,698,10.410329985652798,23.925501432664756
CYS-DFW,627,14.6512,23.923444976076556
BOS-TPA,20984,7.546319766607681,23.9229889439573
BUF-RSW,1164,7.1906816220880065,23.883161512027492
DAL-SLC,4443,7.3519603424966204,23.880261084852577
ORD-SMF,9358,7.832049636285837,23.872622355204104
DEN-DAL,25586,7.76133820237955,23.868521847885564
MIA-MKE,549,13.721311475409836,23.861566484517304
LAS-MCO,12023,7.580133555926544,23.854279298012145
SAN-PAE,566,7.215547703180212,23.851590106007066
EWR-ORD,46216,9.837208293571614,23.84239224510992
DFW-IDA,2114,10.27592768791627,23.841059602649008
SFO-LGB,6340,10.567029843675982,23.832807570977916
MSO-LAX,919,10.978189749182116,23.83025027203482
FLL-LAX,19167,5.7674321284720405,23.816977096050504
SYR-MCO,5005,10.266733466933868,23.816183816183816
EWR-LAX,47710,6.5887791552847235,23.81261789981136
LAS-TPA,9174,7.834844347351174,23.80640941792021
BOS-EWR,42403,8.447628038706632,23.804919463245525
DEN-COS,29214,11.032849843980387,23.803655781474635
CLT-MLI,731,11.610958904109589,23.803009575923394
PHL-ORF,7231,11.857658157602664,23.800304245609183
MFE-AUS,694,20.1976911976912,23.77521613832853
PHX-FLL,4429,7.608025391067785,23.77511853691578
SWF-PIE,770,7.853055916775032,23.766233766233764
MDW-SLC,7191,5.16076901643912,23.765818384091226
XNA-LGA,5660,12.245682748798291,23.763250883392224
HOU-VPS,707,6.698727015558699,23.762376237623762
JAC-ORD,5501,15.737112456430014,23.75931648791129
MSP-PBI,623,4.8647342995169085,23.756019261637242
DAL-IND,4488,8.445707915273132,23.752228163992868
SAV-DAL,1402,6.788833214030064,23.75178316690442
MSP-RIC,3124,12.227360308285164,23.751600512163893
FAT-LAS,7962,11.213172448466565,23.750313991459432
DAB-JFK,1074,6.99532273152479,23.743016759776538
EWR-BWI,1816,3.7366391184573002,23.733480176211454
DEN-RIC,5149,7.335472578763127,23.73276364342591
RNO-DAL,552,7.627777777777778,23.731884057971016
FLL-DCA,22966,9.201441677588466,23.73073238700688
SEA-RSW,628,3.9424,23.726114649681527
SYR-BNA,721,10.9125,23.71705963938974
SFB-IND,1556,12.4539600772698,23.714652956298202
DEN-SBP,5162,9.097985527087815,23.71173963580008
ORD-SCE,5146,9.444422738816176,23.707734162456276
AUS-MFE,696,15.158273381294965,23.70689655172414
DEN-HSV,2852,9.309774964838256,23.70266479663394
EWR-MEM,5251,4.484506503442999,23.690725576080744
DEN-OAK,16569,6.308751585432144,23.688816464481864
TUS-SFO,8748,10.247451025317906,23.6854138088706
HPN-TPA,3285,8.326599326599327,23.683409436834093
DCA-ORF,7212,11.458813724128351,23.68275097060455
ORD-ICT,17739,8.863065610859728,23.676644681210888
RSW-ISP,997,11.583501006036217,23.67101303911735
EWR-BTV,7270,8.679409329285123,23.658872077028885
IAH-RIC,3610,10.313888888888888,23.656509695290858
CLT-MCO,40105,10.015537569944044,23.6404438349333
ORD-CKB,1802,11.740782122905028,23.640399556048834
ORD-LIT,12353,7.583712244235142,23.63798267627297
BWI-BUF,16690,7.582883531246251,23.636908328340322
EWR-PVD,4617,7.0182015167930665,23.63006281134936
MDW-SNA,1511,4.870517928286852,23.626737260092654
IAH-ONT,1909,7.990551181102362,23.62493452069146
DSM-BNA,690,12.58840579710145,23.6231884057971
MDW-LGB,1651,4.978115501519757,23.62204724409449
MIA-MCI,3810,8.502498027872733,23.62204724409449
GRR-PIE,2248,10.386200716845877,23.62099644128114
ABE-PGD,1249,11.548387096774194,23.618895116092876
MFE-LAS,2202,12.68,23.614895549500453
EWR-TPA,26397,7.9225419026262776,23.6125317270902
BNA-ABE,521,11.687140115163148,23.608445297504797
ORD-DFW,64930,8.67546463803074,23.602340982596644
JFK-DEN,12110,3.50095253872277,23.60033030553262
SRQ-PHL,2106,15.883444338725024,23.599240265906932
CVG-PGD,2479,12.112012987012987,23.598225090762405
DFW-SAT,37491,10.203135432524103,23.597663439225414
ATL-COS,2564,7.415396639312231,23.59594383775351
SBA-SFO,16338,11.292110743599167,23.59529930224018
BNA-CID,585,13.259005145797598,23.589743589743588
EWR-CLE,16762,10.215215573868386,23.589070516644792
LAS-IND,12122,7.634104046242775,23.585216960897544
RIC-MCO,7808,10.932862644415918,23.578381147540984
CLT-LGA,46985,9.298118854211202,23.573480898158987
SUN-SEA,543,8.83177570093458,23.572744014732965
OMA-MCO,2049,7.822233104799216,23.57247437774524
DFW-ABQ,21708,9.578755592454222,23.567348442970335
PIA-SFB,645,10.446345256609643,23.565891472868216
BNA-BUR,1150,4.478602620087337,23.565217391304348
ORD-OKC,15147,8.07970342910102,23.55581963425101
CLT-JFK,30094,9.910516328772596,23.55286768126537
LGA-SAV,7538,5.60172757475083,23.54736004245158
SNA-JFK,1325,14.121932515337424,23.547169811320753
DFW-PDX,19435,8.45380448800619,23.540005145356314
EWR-BUF,8029,8.6643391521197,23.539668700959023
FLL-PHX,4431,5.285940683721983,23.538704581358612
MCO-BDL,19946,10.440853199498118,23.53855409605936
MDW-CLT,6883,6.2993741813418715,23.536248728752
MIA-BNA,11296,10.051903114186851,23.530453257790366
JFK-EGE,995,14.166496424923391,23.517587939698494
MIA-OMA,927,7.973941368078176,23.516720604099245
HSV-ORD,4763,12.049673752894128,23.514591643921896
MDW-ONT,3373,4.878310026777744,23.510228283427217
DAL-LIT,9593,7.7353647083376815,23.5067236526634
MSO-ORD,1272,12.141945773524721,23.5062893081761
IAD-HHH,681,19.03846153846154,23.494860499265783
EWR-ROC,6278,6.940491384811742,23.494743548900924
DFW-AUS,40861,10.383889624074891,23.494285504515307
MDW-ECP,613,7.019672131147541,23.491027732463294
SFO-SMX,1009,5.26593625498008,23.48860257680872
LAS-ONT,17268,7.489918887601391,23.488533703961085
DEN-TPA,23679,7.156350550381033,23.468051860298157
ORD-AVL,7960,9.894916540212444,23.467336683417088
DAL-LGB,1803,6.468073292615213,23.46089850249584
BWI-PBI,11125,5.575683945284378,23.46067415730337
FLL-CLE,9669,8.973082099596231,23.456407074154516
AKN-ANC,1667,3.106178764247151,23.455308938212358
DAL-CMH,3620,9.741980088495575,23.45303867403315
ORD-JAC,5693,12.066867683575737,23.449850693834534
MDW-BHM,5732,7.028661307235232,23.447313328681087
EGE-ORD,2060,19.237163814180928,23.446601941747574
DAL-MCO,17095,8.196276502026194,23.445451886516526
HOU-MEM,5515,8.015599492109558,23.445149592021757
MOT-AZA,900,7.838530066815145,23.444444444444446
SFO-ANC,1357,4.426350851221318,23.434045689019896
DEN-TYS,4729,8.69692470837752,23.42990061323747
DFW-JFK,12161,8.371055674871965,23.419126716552917
MCO-STT,2084,9.518322082931533,23.41650671785029
DAL-SNA,3691,6.479359043997827,23.408290436196154
DFW-PHL,32903,8.657108939822848,23.40212138710756
DFW-SRQ,2257,9.120053357047576,23.393885688967657
DFW-RDU,17565,9.116227319411161,23.393111300882435
DAL-MKE,2877,6.913179916317992,23.392422662495655
BZN-AZA,817,10.714810281517748,23.378212974296204
BLV-VPS,2049,12.052863436123348,23.37725719863348
BQN-JFK,4406,8.159644727852426,23.377212891511576
AVL-ORD,7948,13.43802905874921,23.37695017614494
DFW-SEA,38446,7.11886325120584,23.375643760079072
DSM-PIE,1031,12.812621359223302,23.375363724539284
LGA-GSO,14423,5.219615464704657,23.372391319420373
JFK-PHL,1365,3.0806451612903225,23.36996336996337
MIA-RDU,14932,9.92872961546205,23.365925529065095
DEN-MEM,9498,7.750079122270281,23.362813223836596
ATL-OAK,2261,4.819672131147541,23.35249889429456
DAL-OKC,5495,8.444788629737609,23.348498635122837
SFB-SYR,724,9.789473684210526,23.34254143646409
ORD-CAK,8187,10.54519877675841,23.341883473799925
BWI-MIA,14757,7.823933134003806,23.338076844887173
CVG-PIE,2601,12.145889617908143,23.337178008458284
PSP-SFO,24306,9.901726701916722,23.335801859623135
DFW-PHX,42954,10.445672191528546,23.334264562089675
ASE-DEN,20300,11.54885624137251,23.330049261083744
TPA-EWR,26345,10.24538077641053,23.328904915543745
TYS-SFB,3230,11.714950372208436,23.31269349845201
ORD-SBN,13056,11.231784015953368,23.307291666666664
LAS-MFR,1017,8.41699604743083,23.303834808259587
HNL-PDX,7085,4.701640271493213,23.30275229357798
PGD-DSM,957,10.288278775079197,23.301985370950888
SDF-PIE,820,11.057457212713937,23.29268292682927
MCO-BUF,14713,8.909128065395095,23.29232651396724
JFK-BOS,50821,8.826163145563015,23.29155270459062
STL-OAK,2048,4.426197458455523,23.291015625
MCO-PHL,52141,10.50796698022653,23.284938915632612
LAS-BOI,9766,7.115404325099928,23.284865861150934
CAK-PHL,1890,9.994152046783626,23.28042328042328
LAS-BZN,3089,6.44668400520156,23.27614114600194
LAX-HOU,13951,6.075496117342537,23.274317253243495
EWR-JAC,1083,6.928504233301975,23.26869806094183
MLI-SFB,649,14.108024691358025,23.26656394453005
EWR-LEX,705,3.147937411095306,23.26241134751773
PHL-SEA,9669,2.2821339434276204,23.25990278208708
SBP-SFO,10774,11.284002229654403,23.259699276034898
MCO-DAL,17090,7.011809635722679,23.2592159157402
ALB-DEN,1677,3.218768679019725,23.25581395348837
LAS-DAL,21261,7.2533446792417156,23.253845068435165
MSO-SFO,916,9.817486338797814,23.253275109170303
IAH-LGA,32519,7.771586360956843,23.251022479166025
LAS-RDU,5359,6.718855218855219,23.25060645642844
PHL-PHF,757,12.889035667107,23.249669749009247
LGA-OMA,5679,6.658825610187478,23.24352879027998
CLT-LAS,20273,5.9318136867088604,23.232871306664034
MIA-MCO,30802,10.604883282398076,23.23225764560743
LAS-EUG,2032,9.208969935929028,23.228346456692915
FCA-ORD,2226,12.181982797645993,23.225516621743036
EWR-SDF,6678,5.350232488375581,23.225516621743036
FLL-CVG,5998,11.400200267022697,23.224408136045348
LAS-ATW,801,0.5969962453066333,23.220973782771537
AZA-BIL,1077,8.498602050326188,23.212627669452182
PIE-GRR,2249,8.359715429079591,23.21031569586483
FAT-SFO,11983,10.713796273084315,23.20787782692147
EWR-SAN,13510,3.967472396299612,23.20503330866025
BWI-MYR,5973,8.40304755525787,23.204419889502763
ORD-ELP,6055,5.024487094639312,23.20396366639141
DAL-CLT,3272,7.7608095676172955,23.19682151589242
RDU-LGA,28642,10.141851423767994,23.196704140772294
PIE-CHA,707,10.357850070721359,23.196605374823196
EGE-DFW,5989,15.933624600907411,23.192519619302054
HTS-CLT,608,13.645799011532125,23.190789473684212
SFO-PSC,3756,10.527510683760683,23.189563365282215
PIA-PGD,1117,14.411659192825113,23.187108325872874
SEA-SFO,72767,6.825587639938861,23.186334464798602
PDX-PHL,893,7.012331838565022,23.180291153415453
CVG-VPS,2304,11.512195121951219,23.177083333333336
SFB-OWB,518,5.308880308880309,23.166023166023166
JFK-MCI,1896,6.55256207078711,23.154008438818565
JFK-ORH,2903,6.802213001383126,23.1484671029969
DEN-JFK,12088,9.476526211015262,23.138649900727994
IND-PGD,1660,13.43992718446602,23.132530120481928
DFW-JAC,5201,10.995928654517254,23.130167275523938
LAS-COS,5623,6.659896668448245,23.119331317801887
DCA-SAV,4464,7.9898921832884096,23.118279569892472
DFW-FLL,27339,8.915799501685475,23.113500859577893
JAX-BOS,10600,10.503211182470721,23.11320754716981
PHL-SYR,2120,8.677998111425874,23.11320754716981
MVY-LGA,1363,14.129411764705882,23.110785033015407
ORD-LAS,46533,6.310835540054684,23.11048073410268
MDW-BUF,8983,7.889495377074747,23.110319492374483
FLL-STX,1528,7.660327868852459,23.102094240837694
DEN-CMH,13143,7.948098468104565,23.099748915772654
STL-SRQ,1169,6.5317324185248715,23.09666381522669
MOT-LAS,944,10.685441020191286,23.093220338983052
DAL-OAK,6506,5.735886786648208,23.08638180141408
MSY-OAK,1906,4.3366649132035775,23.084994753410285
DFW-CVG,15738,9.268638676844784,23.084254670224933
MDW-PHL,16189,7.4677269633021846,23.08357526715671
MEM-DFW,19889,11.643408116964961,23.083111267534818
EWR-JAX,10861,7.125865730907748,23.08258908019519
MCO-PWM,1079,8.541743970315398,23.076923076923077
STL-LGB,1300,4.9467592592592595,23.076923076923077
MVY-DCA,1118,13.662466246624662,23.076923076923077
LAS-OMA,10049,6.952737062518696,23.076923076923077
SFO-LAX,127889,6.734490985177363,23.07391566123748
HOU-GSP,1088,7.281508739650414,23.06985294117647
SRQ-LCK,594,11.609797297297296,23.063973063973066
BWI-DAL,14243,4.723096464610825,23.06396124411992
DEN-ACV,1496,7.923285811269518,23.06149732620321
JFK-JAX,15343,7.2480893592004705,23.05937561102783
HOU-EWR,1184,7.488569009314141,23.05743243243243
CLT-CAK,9460,11.046152217635228,23.054968287526428
DFW-TUS,21488,8.905210178022182,23.054728220402083
ATL-ISP,655,5.140458015267176,23.053435114503817
SDF-DFW,13487,15.027121674986962,23.051827685919772
EWR-MHT,3141,7.112209116990756,23.049984081502707
MDW-PVD,7371,6.833106637649619,23.049789716456385
CLT-MSN,5732,8.3331583552056,23.04605722260991
DFW-CID,8206,11.435527281624664,23.04411406288082
RFD-PIE,933,11.566810344827585,23.04394426580922
PGD-ABE,1250,10.609149277688603,23.04
BUF-EWR,7904,9.152160141897884,23.038967611336034
HOU-CMH,1986,6.6088933804952,23.011077542799597
DCA-OKC,3316,5.246218995765275,23.009650180940895
LAS-LAX,101920,7.539612900692931,23.008241758241756
BDL-MCO,19909,8.055969773299749,23.00467125420664
MCI-EWR,5712,8.323896606295058,23.004201680672267
VPS-XNA,831,5.889290012033694,22.984356197352586
MDW-MEM,6477,6.731054747912156,22.973598888374248
DEN-FLL,16577,6.621579074836522,22.971587138806782
SGF-LAS,788,10.298602287166455,22.96954314720812
DEN-HNL,4106,9.491666666666667,22.96639064783244
DAL-LAX,21464,6.142350746268657,22.96403279910548
FLL-ORD,28110,7.569930444087747,22.95624332977588
RIC-LGA,18937,9.108917703096058,22.9550615197761
BWI-ROC,10152,6.909225310467179,22.951142631993697
MCO-ISP,12400,9.042198868229587,22.943548387096772
SFO-DAL,8917,6.554127198917456,22.933722103846584
DFW-MEI,1919,9.920377160817182,22.92860865033872
MCO-AUS,17329,8.810981254339273,22.92688556754573
STT-FLL,3520,6.531295915368792,22.926136363636363
PNS-DFW,12939,13.605549510337323,22.922946131849447
OAK-EUG,2561,8.110894181960171,22.92073408824678
JFK-MIA,43249,6.031681559707555,22.91844898147934
FLL-ACY,7087,8.369469964664312,22.915196839283194
JFK-RSW,11323,5.39110402268297,22.909123023933585
ORD-MKE,25666,9.242700658792344,22.905789760773008
ORD-BOS,63194,8.337827347475484,22.902490742792036
CID-SFB,948,10.839662447257384,22.89029535864979
CLT-SAN,11018,4.835550291545189,22.880740606280632
AVL-DCA,1438,7.655003498950315,22.878998609179416
ORD-CRW,4028,9.900923384077863,22.864945382323736
AVP-EWR,897,13.898550724637682,22.85395763656633
CLT-ROA,827,7.094775212636695,22.853688029020557
JFK-HNL,3983,6.325751832196108,22.847100175746924
ORD-SUX,4434,8.21872879439041,22.84618854307623
HNL-DTW,740,8.335597826086957,22.83783783783784
SFO-XNA,1502,6.227941176470588,22.836218375499335
EWR-BNA,17281,6.327958236658933,22.834326717203865
BDL-LAX,1879,3.6845238095238093,22.831293241085685
SLC-SFO,33220,7.51650708309421,22.829620710415412
PHL-MCO,52132,7.821855654246933,22.826670758842937
PIT-AUS,736,3.2612244897959184,22.82608695652174
MDW-IAD,3470,7.193650793650794,22.824207492795388
DFW-DEN,55980,9.31229408394213,22.820650232225795
BWI-CLE,10290,7.054054054054054,22.81827016520894
ORD-LAX,71577,5.882615447029363,22.81598837615435
COD-DEN,3331,12.492010853180584,22.81597117982588
PHL-DAY,4533,9.452075971731448,22.810500772115596
ORD-HDN,1039,4.359803921568627,22.810394610202117
FLL-SFO,11861,5.709743240945418,22.805834246690836
CLT-ATW,1206,8.527591973244148,22.802653399668323
LAS-ELP,8951,7.92638997650744,22.79074963691208
EWR-PWM,9110,8.560986349625715,22.78814489571899
SFO-STL,5600,5.861667859699356,22.78571428571429
BWI-OAK,3068,3.5625,22.783572359843546
DCA-BGR,5199,8.673804012345679,22.77361030967494
SNA-SFO,37847,7.979863100923273,22.77327132929955
FLL-SEA,5784,3.9290593799264317,22.769709543568464
DEN-PHL,25086,7.376703296703297,22.769672327194453
EYW-DCA,2517,7.1272213247172855,22.765196662693683
AUS-MCO,17195,8.620575027701639,22.76243093922652
AUS-RDU,5821,9.659721026347512,22.76241195670847
LGA-OKC,2390,4.510620220900595,22.761506276150627
DFW-FAY,1059,13.18070009460738,22.757318224740324
SAV-BNA,2061,7.304326689353427,22.755943716642406
IAH-DAY,646,10.159442724458204,22.755417956656345
BWI-MCI,8012,5.417656621232962,22.753369945082376
VPS-OKC,589,9.773037542662117,22.75042444821732
DFW-CMH,14774,9.190356706903566,22.749424664951942
BNA-SYR,721,7.621696801112656,22.74618585298197
SFO-FLL,11853,6.052618200305033,22.745296549396777
BWI-BDL,18608,7.108291214109044,22.742906276870166
MSY-LGA,9076,8.552853653120142,22.741295724988984
ORD-EYW,2951,3.956017729287419,22.738054896645206
MCO-PVD,17840,9.313255042984773,22.73542600896861
DEN-OKC,24046,8.48013507316463,22.731431423105715
ORD-FSD,13173,9.579204519428965,22.7283079025279
MSY-SAN,2508,5.196,22.727272727272727
IAH-ORF,3547,9.20860458533824,22.723428249224696
ORD-FWA,16439,9.233910287664553,22.720360119228662
AUS-LGB,4670,7.675449871465296,22.719486081370448
RDM-SFO,12036,12.8587236874948,22.715187770023263
MYR-ISP,656,9.742378048780488,22.713414634146343
EWR-OMA,3166,4.2643129770992365,22.710044219835755
DEN-ANC,4857,4.782329815849369,22.70949145563105
ORD-TYS,14863,9.044835490830636,22.707394200363318
RNO-AUS,934,7.510226049515608,22.698072805139187
DEN-MCO,36308,6.843859697614638,22.6947229260769
LAS-BIL,802,9.481203007518797,22.693266832917704
ECP-DFW,5429,15.06387705980374,22.692945293792597
CVG-SFB,2481,13.449838187702266,22.692462716646514
PHL-PNS,2015,7.205897051474263,22.679900744416873
LIT-DFW,19674,11.469516539440203,22.679678763850767
DCA-TYS,5724,8.840252233315818,22.6764500349406
EWR-LAS,24109,5.098714588793211,22.676179020282884
DCA-LAN,1592,8.430459408432977,22.675879396984925
DFW-LGA,51189,6.496877031899592,22.665025689112895
SMF-EWR,1840,8.157952069716776,22.663043478260867
PRC-LAX,2198,12.318451025056948,22.656960873521385
MCO-ACY,7699,9.779208951340099,22.652292505520197
LAS-OAK,41221,7.799519545752347,22.641372116154386
MDW-RIC,1833,5.850982532751091,22.640480087288598
XNA-LAX,1396,7.515412186379928,22.636103151862464
LAS-CMH,9220,6.414954896206934,22.635574837310195
CHS-EWR,12273,11.966721177432543,22.63505255438768
IAH-SFO,30896,7.5600803447047005,22.633997928534438
BWI-HOU,11929,4.046411725067386,22.63391734428703
EWR-SAV,8613,6.56559665038381,22.628584697550213
STL-BOS,10204,6.4517173699705594,22.628381027048217
DFW-ICT,16328,10.931358115568642,22.62371386575208
ORD-DEN,60721,7.561116521681716,22.62314520511849
ATL-JFK,29404,9.70484206222101,22.62277241191675
ORD-ELM,778,7.624195624195624,22.62210796915167
JFK-TPA,23332,6.015434885420698,22.621292645294016
ORF-BNA,1649,6.224924012158055,22.61976955730746
SAN-TUS,6155,6.545114615509673,22.615759545085297
IAH-RNO,1371,4.073583517292127,22.61123267687819
CLT-TOL,1619,7.814631122132672,22.606547251389745
IND-EWR,14945,9.64491440080564,22.602877216460353
SYR-PIE,1186,9.034628378378379,22.596964586846543
DEN-MFR,7116,7.6979240220307865,22.596964586846543
OAK-AZA,540,9.258364312267657,22.59259259259259
JFK-AUS,19517,4.676361767728674,22.590562074089256
IND-PIE,1939,10.897609147609147,22.58896338318721
GFK-LAS,682,7.69941348973607,22.58064516129032
DFW-OMA,12865,9.114321314539366,22.58064516129032
ORD-ABQ,6981,4.301591854295139,22.575562240366708
SDF-EWR,6392,5.9545883092394725,22.575093867334168
DFW-RIC,8576,7.3060723060723065,22.574626865671643
SBP-DFW,3123,15.070876288659793,22.574447646493756
IAH-BOI,2556,5.7880220646178095,22.57433489827856
ORD-MTJ,1409,3.9757662152530293,22.56919801277502
JFK-DFW,12168,4.73145843703335,22.567389875082185
ORD-JST,1161,19.164634146341463,22.566752799310937
MSY-JFK,12724,8.86824883702594,22.563659226658284
IND-JAX,523,10.98661567877629,22.562141491395792
PIA-DFW,5681,10.51418439716312,22.54884703397289
FAI-ORD,989,11.808316430020284,22.548028311425682
BOS-SFO,40739,3.029003095975232,22.545963327523992
STS-DFW,1588,14.898976982097187,22.544080604534006
ATW-PIE,830,9.876811594202898,22.53012048192771
ORD-TPA,28111,7.35643952907599,22.51431823841201
MCO-SAT,7018,6.903340948029697,22.51353662011969
EWR-IAH,33577,6.429753794669535,22.512434106680168
PBG-PIE,662,9.803328290468986,22.507552870090635
HPN-MCO,10614,7.550989489631664,22.498586772187675
SFB-CKB,729,11.433287482806053,22.496570644718794
HOU-LAX,13982,5.229391964477548,22.493205549992847
MCO-DSM,578,3.1802426343154244,22.491349480968857
CID-PIE,925,10.401950162513543,22.486486486486488
EWR-DEN,28793,5.593347265761059,22.477685548570832
SEA-IDA,583,7.357512953367876,22.46998284734134
MCO-LAS,12079,5.712900016580998,22.4687474128653
DFW-BWI,15063,6.990275094917738,22.465644293965344
RSW-DCA,8240,11.22488737367588,22.463592233009706
OAK-JFK,1545,4.4847104749512035,22.459546925566343
BQN-FLL,3936,8.541422380830996,22.459349593495933
SAN-MKE,570,5.652557319223986,22.45614035087719
HOU-SRQ,1140,6.726713532513181,22.45614035087719
EWR-RDU,20029,7.393459018852828,22.45244395626342
EWR-AUS,15050,5.59862584217197,22.451827242524917
IAD-SAV,2432,11.815226337448559,22.450657894736842
RFD-AZA,980,5.80388151174668,22.448979591836736
DEN-LGB,5026,3.9639226629459836,22.443294866693194
MIA-RIC,3373,7.111638954869359,22.44292914319597
LAS-MKE,12152,6.475303042797065,22.440750493745888
CID-LAS,829,8.747878787878788,22.43667068757539
HDN-DEN,7989,5.2596117720726365,22.430842408311428
DEN-GRR,9911,7.2742522231204525,22.429623650489354
RDU-JFK,26318,8.816012785874653,22.429515920662666
CRW-ORD,4044,14.695684523809524,22.428288822947575
ALB-EWR,1944,5.5,22.42798353909465
DFW-RNO,9790,7.3206192966266785,22.420837589376916
PGD-PIT,1066,8.395872420262664,22.4202626641651
PVD-RSW,1240,4.998383185125303,22.419354838709676
DFW-BNA,26819,8.590221491801442,22.41694321190201
MDW-RDU,10539,6.05674365554605,22.41199354777493
LAS-FCA,714,9.73876404494382,22.408963585434176
LAS-SCK,3338,8.446149217809868,22.408627920910725
DFW-COS,15787,9.284660391757823,22.404510039906253
EWR-PHX,22433,4.7606080930024595,22.404493380287967
DEN-HOU,22328,5.173788021745968,22.40236474381942
EYW-CLT,7731,11.078505402942325,22.390376406674427
SFO-LAS,66358,7.8157795508363375,22.389161819223002
DCA-LGA,45606,5.7176566135475655,22.38301977809937
ORD-TTN,1059,11.725023786869649,22.379603399433428
LGA-XNA,5684,3.2091872791519434,22.37860661505982
CAK-IAH,648,6.403100775193798,22.376543209876544
LGA-MSN,3781,4.238133121188014,22.375033060037026
HOU-PDX,666,3.551051051051051,22.372372372372375
GUC-DFW,1283,15.846875,22.369446609508962
MDW-PNS,532,4.992481203007519,22.36842105263158
SEA-DAL,5353,3.7763133119939747,22.361292733046888
MYR-SWF,568,7.96830985915493,22.359154929577464
SAN-HNL,9831,4.102343670044008,22.357847624860135
MDW-HOU,19470,3.509179989685405,22.35747303543914
BWI-SEA,6495,2.6784942918852206,22.35565819861432
FLL-PHL,25213,8.822915011914217,22.35354777297426
PHL-FLL,25234,5.449137725502663,22.35079654434493
DAL-SAV,1405,6.355714285714286,22.348754448398576
ROA-LGA,2542,10.876577287066246,22.34461054287962
MDW-GRR,8249,5.948192186362533,22.34210207297854
TPA-BOS,20962,8.777321164046446,22.340425531914892
BOS-SRQ,2977,3.231391040754463,22.337924084648975
ECP-AUS,582,7.091854419410745,22.336769759450174
TPA-SJU,12281,9.209947003668976,22.33531471378552
MCO-SDF,6158,8.97380410022779,22.32867814225398
PHL-PBI,12491,5.37223113964687,22.32807621487471
DFW-OKC,26112,9.03596763679589,22.326899509803923
AUS-FLL,10002,7.950842696629214,22.325534893021395
LAS-STL,16973,6.897084857783548,22.323690567371706
ISP-RSW,999,2.7883650952858576,22.32232232232232
DFW-BMI,5140,10.891253416634127,22.315175097276267
JFK-ORD,21144,8.396917970602182,22.313658721150208
GRR-MCO,3285,8.417149832163565,22.313546423135463
LGA-SRQ,4168,3.2763189592869186,22.312859884836854
DFW-TUL,26443,9.323071680109054,22.30836138108384
DAL-DEN,25772,6.576257341786923,22.30327487195406
MCO-SAN,5762,4.758891213389122,22.301284276292954
SFB-MFE,574,5.692844677137871,22.299651567944252
MIA-HOU,4301,7.152392065344224,22.2971401999535
SUX-DFW,906,7.766741071428571,22.29580573951435
LGA-MSY,9105,3.630981256890849,22.295442064799563
DFW-SJC,13030,6.541746677932253,22.29470452801228
PHL-MIA,26168,6.089155610092798,22.294405380617548
MDW-SAN,11682,3.2018253831582575,22.282143468584145
LAS-MSY,9335,6.754911433172302,22.281735404392073
LGA-MDW,20081,4.12022977022977,22.274787112195607
PHL-GSP,3812,8.048857368006304,22.27177334732424
SAV-EWR,8505,11.089203539823009,22.269253380364493
ROA-PIE,750,8.542056074766355,22.26666666666667
LAX-FLL,19173,5.616133591582474,22.26568612110781
ORD-MCO,46257,7.547871532973348,22.264738309877423
DEN-OGG,3203,7.89720213769255,22.260380892912895
TPA-TTN,2188,10.85307621671258,22.257769652650822
DFW-LBB,16804,11.5649478390462,22.256605570102355
EWR-SLC,7144,7.423362782218483,22.25643896976484
AVL-EWR,3213,9.803063457330415,22.253345782757545
LAX-MKE,2148,5.819878674755016,22.253258845437614
TPA-SAT,3399,6.825317202714665,22.241835834068844
BWI-PIT,9766,6.242293906810036,22.240425967642842
HHH-LGA,733,15.395251396648044,22.237380627557982
IND-SFB,1556,13.565357372826787,22.236503856041132
LGA-RSW,8401,4.364776119402985,22.23544816093322
DTW-TTN,877,6.726857142857143,22.234891676168758
UIN-ORD,1219,14.346217105263158,22.231337161607875
EWR-IND,14534,6.049386967901915,22.23063162240264
DFW-PSP,8340,7.565808469682387,22.230215827338128
LGA-DSM,2924,2.053461274845785,22.229822161422707
AUS-TPA,6879,9.181725444476829,22.227067887774385
DEN-PIT,13674,6.500036616623947,22.22465993856955
BNA-SNA,855,3.232941176470588,22.22222222222222
PGD-LCK,1134,11.409372236958443,22.22222222222222
FSD-DFW,5991,10.684986595174262,22.216658320814556
HOU-BUR,1193,5.941027801179444,22.212908633696564
DFW-IAH,47711,10.167320974954338,22.210810924105555
MSP-ORF,950,8.994720168954593,22.210526315789476
DAL-PHL,1779,4.530738860688099,22.203485103991007
BZN-SFO,3333,9.417117117117117,22.202220222022202
ORD-TUL,14679,6.883501775471183,22.201784862729067
LAS-TUL,4662,6.174473571121616,22.2007722007722
GRR-RSW,1311,5.730680948737567,22.19679633867277
DEN-ONT,18773,5.541524520255863,22.1967719597294
SRQ-MDW,2077,5.945331398161587,22.19547424169475
SFB-LEX,1550,8.425974025974027,22.193548387096772
PHL-SAN,7377,2.7897967535124812,22.19059238172699
MSN-DFW,7892,12.254392666157372,22.18702483527623
LGA-TPA,20642,5.25713174904019,22.18292801085166
ORD-MEM,14967,6.725150501672241,22.182134028195364
EWR-ORF,8566,6.054918032786885,22.180714452486576
AVL-DEN,956,7.503680336487908,22.17573221757322
MIA-BHM,4875,5.751850328947368,22.174358974358974
PVU-SNA,902,7.78270509977827,22.172949002217297
BWI-MCO,43444,7.320841794351117,22.171070803793388
HSV-DFW,11923,10.553732222502735,22.167239788643798
MCO-DCA,36294,10.05623478645718,22.160687716978014
SDF-IAH,5406,5.736157562244519,22.160562338142803
RNO-SFO,13926,9.027324369022795,22.15998851069941
MIA-TPA,20704,9.617255888184939,22.15996908809892
DEN-ICT,12640,7.532297693588016,22.159810126582276
ORD-BWI,26021,7.2961622849224375,22.15902540255947
DCA-MGM,1679,7.178400954653938,22.156045265038713
SJU-MCO,49675,9.497598773154687,22.15601409159537
EWR-SYR,4270,5.583118405627198,22.15456674473068
HRL-DAL,799,9.176767676767676,22.152690863579476
TTN-TPA,2176,7.850828729281768,22.150735294117645
CLT-MIA,29154,7.871891017922874,22.144474171640255
PNS-PHL,1996,9.254901960784315,22.14428857715431
DFW-MOB,8901,10.088440739071654,22.143579373104146
AUS-IND,3627,7.99475572729782,22.13950923628343
DFW-ILM,3194,7.856469849246231,22.13525360050094
DAL-ORD,5078,3.5858865388416685,22.1346987002757
DAL-ELP,14177,6.402910221092039,22.134443112082952
DEN-LIT,7957,6.462081128747795,22.131456579112733
BHM-DFW,13690,12.641029400982477,22.125639152666178
OAK-LAX,45983,5.523190045248869,22.12121871126286
DFW-MCI,23627,9.173133189161684,22.11876243280992
VPS-LCK,520,14.627413127413128,22.115384615384613
TPA-JFK,23301,9.739912242966533,22.114930689669972
PIE-DSM,1031,5.14508276533593,22.114451988360813
IAD-JAX,4581,9.394926743931773,22.11307574765335
BIS-ORD,1203,11.446577629382304,22.111388196176225
PGD-USA,778,9.025873221216042,22.10796915167095
ORD-MIA,40547,7.795257660511856,22.107677510050067
LAS-SMX,968,9.825545171339565,22.107438016528928
BNA-FAR,561,9.151785714285714,22.103386809269164
PHL-CVG,10637,9.02870858433735,22.102096455767605
ORD-HPN,9850,7.085986283140547,22.101522842639593
PHX-MEM,4190,8.442312305109139,22.100238663484486
SFB-ABE,3611,8.632295719844358,22.099141512046526
BNA-RIC,896,8.680803571428571,22.098214285714285
BWI-BOS,42169,7.525204101006265,22.096800967535394
CHS-JFK,15105,9.017508953442102,22.092022509102947
BNA-BZN,593,5.213921901528013,22.09106239460371
DEN-OMA,26339,7.366434842093262,22.088917574699117
DAL-DTW,1689,6.897922848664688,22.084073416222616
HOU-IND,4723,7.160839160839161,22.083421554096972
SFB-ROA,838,8.140119760479042,22.0763723150358
SBN-AZA,752,8.580774365821094,22.074468085106382
OKC-MCO,1133,7.867555555555556,22.06531332744925
IAD-PDX,2611,8.561612284069097,22.060513213328225
LGA-JAX,7688,5.037900494920552,22.06035379812695
DAL-HRL,807,7.553482587064677,22.057001239157373
JFK-PDX,9282,1.3236186348862404,22.053436759319112
DEN-DFW,56760,9.361175451314603,22.048978153629317
PIE-ATW,830,4.125151883353585,22.048192771084338
IAH-DFW,47535,11.25049504950495,22.038497948879773
STS-BUR,967,7.569803516028956,22.02688728024819
CHS-DEN,3996,6.508431915429147,22.02202202202202
MQT-ORD,3225,11.650403977625855,22.015503875968992
ORD-RIC,14076,8.028972095671982,22.00909349246945
STL-SMF,2131,4.325811001410437,22.008446738620364
LGA-RIC,18911,4.586568508023939,22.008354925704616
JAC-ATL,1454,10.93169014084507,22.00825309491059
LAS-ABQ,14178,6.558379217845546,22.00592467202708
CMH-EWR,12553,5.1905673928656935,22.002708515892618
HDN-LAX,809,8.284301606922126,22.00247218788628
BDL-FLL,9923,6.294659113898442,21.999395344149956
EWR-CHS,12349,6.311663014365717,21.993683699084947
LAS-DCA,3351,7.002105263157895,21.993434795583408
MFR-SFO,11846,11.16814533164343,21.990545331757556
JFK-SAT,3884,4.090134297520661,21.987641606591144
MIA-IAH,28702,8.054680129974495,21.98453069472511
DCA-DAY,6960,10.417302432704764,21.982758620689655
MYR-ACY,3394,8.62496311596341,21.979964643488508
MCO-ORD,46149,8.079108562491854,21.9766408806258
STL-SJC,1579,5.042431918936035,21.975934135528817
BWI-MSY,10551,4.494205927051672,21.969481565728366
GNV-DFW,2959,12.251444104655114,21.966880702940184
ORD-MHK,4143,5.97356935014549,21.964759835867728
MIA-CLE,5623,5.2976827094474155,21.96336475191179
TYS-DFW,13582,10.443860168863871,21.96289206302459
ORD-AUS,26305,5.66759403940699,21.957802699106637
SFO-SEA,72687,5.481836827398241,21.95578301484447
MDW-TPA,16766,6.377603543212832,21.95514732196111
DEN-BWI,25247,5.205571870783396,21.95112290569177
SLC-JFK,19617,6.209126253325149,21.950349186929703
DAL-TUL,11503,6.135276207046542,21.942102060332086
TYS-PIE,2307,12.343491510666086,21.933246640658865
FLL-MCO,14502,7.976331769252001,21.928009929664874
ORD-MDT,10929,8.041223891535362,21.92332326836856
DFW-GUC,1291,10.360219263899765,21.920991479473276
JFK-BTV,12027,6.756709451575262,21.91735262326432
LAS-TUS,10859,5.884289138853033,21.91730361911778
DFW-PIT,14304,8.250559910414333,21.91694630872483
ORD-FAR,13427,8.415559205614453,21.911074700230877
LAS-GEG,7711,4.720088242927589,21.903773829594087
FAT-ORD,1078,11.06616257088847,21.89239332096475
BWI-PDX,667,6.87987987987988,21.88905547226387
MOB-DFW,8864,11.71441523118767,21.886281588447652
BWI-ALB,16504,6.380784860799418,21.885603490063016
ORF-LGA,13409,8.329792804248635,21.880826310686853
LAX-DAL,21503,5.465148894394839,21.880667813793426
MCO-PIT,18295,7.2123351392765285,21.880295162612736
ISP-MYR,649,8.987635239567233,21.879815100154083
ORD-HYS,681,4.450074515648286,21.879588839941263
ISP-TPA,5065,8.029516640253565,21.875616979269495
EWR-AVP,896,5.8042505592841165,21.875
PVD-FLL,6246,4.181759794476558,21.869996797950687
LAS-AUS,21401,7.400796626054358,21.86813700294379
CLE-LGA,27535,7.71720743711265,21.8667150898856
MIA-SJU,24055,7.884565769214764,21.866555809602993
CLT-SGF,7067,7.3395824456753305,21.86217631243809
ORD-PHL,43213,8.601570644242129,21.861476870386227
DFW-RAP,6551,9.144504227517295,21.859258128529994
MCO-COS,915,4.608791208791208,21.85792349726776
DFW-HDN,1464,5.656011118832523,21.85792349726776
PGD-SWF,636,8.162460567823343,21.855345911949687
LAS-HOU,16712,6.0367899008115415,21.852561033987552
HOU-ONT,691,4.865412445730825,21.852387843704776
MDW-OMA,15016,5.894333333333333,21.850026638252533
DCA-FLL,22939,6.60190817978905,21.844892977026024
LAX-EGE,1314,12.921174652241113,21.841704718417045
MDW-MCO,27170,6.277753141167775,21.840264998159736
MSN-EWR,3604,9.474241158451685,21.83684794672586
DFW-MAF,17469,9.18491344720853,21.832961245635126
GRR-AZA,1223,5.567103109656301,21.831561733442356
SLC-HOU,1814,4.2357498616491425,21.830209481808158
LGA-CHS,9606,4.30340008343763,21.830106183635227
MIA-DCA,30441,6.792642692180799,21.822541966426858
DFW-LAX,64979,6.498521256931608,21.81166222933563
MCO-CLE,16488,8.198591036074335,21.809801067442987
DEN-LAS,70671,6.580160349028273,21.809511680887493
ORD-IAH,46380,5.547713266299059,21.802501078050884
ORD-DSM,22089,7.120680272108843,21.798180089637377
BIS-DFW,4336,11.93469672321636,21.79428044280443
CLT-OKC,5851,7.475137174211248,21.791146812510682
HOU-OMA,2616,5.688242052853313,21.788990825688074
ORD-AVP,5958,7.08560376723848,21.785834172541122
DAY-LGA,4145,7.570805043646945,21.78528347406514
DAL-JAX,785,7.36025641025641,21.78343949044586
CLE-TPA,7740,7.752491909385113,21.782945736434108
AUS-LAS,21347,7.458247325952336,21.782920316672133
HOU-TUS,1437,5.605997210599721,21.781489213639528
ISP-PBI,7548,6.476892430278885,21.78060413354531
ALB-DCA,6687,9.42739025856885,21.77359054882608
MCO-MSY,17864,7.662457203794129,21.770040304523064
DEN-LBB,4966,8.17576860841424,21.76802255336287
VPS-DFW,13226,12.518532612832027,21.767730228338124
DEN-STL,29355,6.975919230506856,21.75438596491228
BWI-ORF,14536,5.85545986910093,21.752889378095762
SBA-OAK,1347,4.706537890044577,21.752041573867857
ORD-ABE,5361,8.078849028400597,21.749673568364113
MDW-JAX,3288,5.823978035387431,21.74574209245742
ORD-MCI,27260,7.185696960787917,21.73881144534116
PBI-DCA,11728,8.99554565701559,21.73431105047749
AUS-TUL,1629,9.55719557195572,21.731123388581953
DAL-DCA,17902,6.232614177640796,21.729415707742152
ORD-ALB,12519,7.524441955356428,21.726974998003033
LAS-LIT,2757,4.622545454545454,21.72651432716721
MSY-EWR,12650,7.442729875914731,21.723320158102766
PGV-CLT,1059,9.322549952426261,21.718602455146367
HNL-PPG,935,16.630901287553648,21.711229946524064
GSO-LGA,14403,8.00438565958928,21.710754703881136
BOS-MSY,6642,3.2255287009063442,21.710328214393254
CLE-SEA,1557,3.3997429305912594,21.708413615928066
CVG-JAX,972,10.364572605561277,21.707818930041153
JAC-DFW,5189,17.385392385392386,21.69974947003276
LGA-RDU,28790,4.763651550482024,21.698506425842307
ACV-SFO,10766,11.759851301115242,21.697937952814417
ORD-BNA,39597,7.310647445624684,21.696088087481375
SJU-TPA,12234,10.836679505039744,21.693640673532776
PHL-BHM,3545,7.200226564712546,21.692524682651623
CLT-DAY,11175,9.161096675925096,21.691275167785236
BOS-STT,1337,3.546205860255447,21.69035153328347
MIA-EGE,1139,8.231182795698924,21.685689201053556
BOS-MVY,890,6.259550561797753,21.685393258426966
PHL-AUS,6388,4.19120188531029,21.681277395115842
DAL-SAN,12159,5.1668729883634565,21.679414425528414
LAS-PSC,858,8.092074592074592,21.678321678321677
BWI-ISP,13962,7.142764950523447,21.673112734565247
ACV-DEN,1486,21.08997955010225,21.668909825033648
LAS-DSM,4532,5.914804160212436,21.668137687555163
RDM-SAN,1085,6.357011070110701,21.658986175115206
MCO-GRR,3320,7.5470730235365115,21.656626506024097
BWI-AUS,9520,3.483194605415657,21.649159663865547
DCA-ALB,6703,8.418635955728387,21.647023720722064
STL-JAX,1349,5.95223880597015,21.645663454410673
TPA-MEM,2213,7.157013574660634,21.64482602801627
SAV-LGA,7481,8.603816691304932,21.641491779173908
MSY-PHX,5379,7.047707789787551,21.639709983268265
DEN-IND,21588,7.135413286356682,21.637020566981658
OAK-ORD,1405,5.885082084225553,21.637010676156585
ORD-BHM,9923,6.6080848913592725,21.636601834122747
PBI-BDL,3804,8.022368421052631,21.635120925341745
BNA-BOS,19601,7.010264004493694,21.63154941074435
SFO-MCI,4799,4.330543933054393,21.629506147113982
SFO-HNL,23117,5.057040148988696,21.629104122507243
PHL-LGA,5420,4.968997970105185,21.623616236162363
CLT-TYS,14407,8.228027513374558,21.621434025126675
DEN-ORD,60406,8.39621451104101,21.620368837532695
DFW-BOI,5981,5.459966499162479,21.61845845176392
ORD-CID,19038,7.902743404770681,21.614665406030046
BWI-OKC,1976,4.664460285132383,21.60931174089069
EWR-GSP,5882,5.701584057230455,21.608296497789865
COU-DFW,7086,11.930370789697141,21.605983629692354
BWI-LAX,15755,2.1283960043265253,21.605839416058394
ORD-CMX,6753,10.108095952023987,21.60521249814897
JAX-JFK,15323,9.494015305121328,21.601514063825622
MCO-PDX,2954,1.7843803056027165,21.59783344617468
JFK-LGB,3584,-0.42292490118577075,21.595982142857142
CLE-LAS,10175,4.73813275556431,21.592137592137593
PGD-LEX,1158,9.963636363636363,21.58894645941278
DEN-IAH,46817,6.81632609347556,21.58190400922742
SFB-XNA,936,10.61266094420601,21.581196581196583
CLT-BOS,39762,6.526711794458844,21.58090639303858
DFW-STL,23202,8.352078028570196,21.58003620377554
DCA-SFO,6432,3.742616033755274,21.579601990049753
MCO-PHX,14435,6.877067407922168,21.579494284724625
HOU-JAN,3397,4.747418117438772,21.57786282013541
DFW-MRY,2929,7.275163174166953,21.577330146807785
FLL-PBG,2026,6.867952522255193,21.56959526159921
LGA-ORF,13492,3.807098307098307,21.56833679217314
ORD-RST,9091,7.872145615002758,21.55978440215598
JFK-IAD,9968,6.475153097078606,21.558988764044944
DAL-ECP,4606,6.429099608525446,21.558836300477637
ORD-STL,23557,7.928413629025406,21.556225325805492
SAV-JFK,11418,8.388611037992455,21.55368716062358
SJU-MDW,1095,7.072744014732965,21.552511415525114
CMH-SEA,2084,0.5098795180722892,21.545105566218812
JFK-PWM,10905,6.193770672546858,21.53140761118753
DEN-GSO,836,5.116306954436451,21.5311004784689
ORD-CAE,3149,6.820382165605095,21.530644649094953
HOU-TPA,10246,6.40256059421423,21.530353308608237
ORD-TVC,15486,7.296051779935275,21.529123078909983
CLT-FLL,26825,7.037434153995592,21.528424976700837
CVG-EWR,13694,6.10327400571303,21.52767635460786
JFK-BUF,25650,6.887796120672833,21.524366471734893
CLT-AUS,14723,6.379678780454607,21.524145894179174
BTR-DFW,18915,12.320466595970307,21.522601110229978
PBI-ISP,7486,8.786298431425124,21.520170985840235
DEN-MSY,18899,5.5014580350988815,21.519657124715593
MIA-ORD,40541,5.771166934785299,21.51895611849732
MCO-IND,18263,6.998080403663686,21.51891803099162
LGA-CHO,8040,3.883270911360799,21.51741293532338
SFO-BNA,4671,3.1512875536480687,21.51573538856776
ORD-GRR,25121,7.612319706749542,21.507901755503365
BWI-FLL,40841,5.244430799459659,21.50779853578512
ELP-SEA,991,0.9292929292929293,21.493440968718467
ATL-LNK,1554,5.866580310880829,21.492921492921493
LAS-SAT,16147,6.255802407844111,21.490060073078592
DEN-TUL,17227,6.274736780873713,21.489522261566147
MIA-PHX,11024,7.361047939597926,21.489477503628446
DLG-ANC,1601,4.349156777014366,21.486570893191757
LAS-LGB,18482,6.736562922868742,21.485769938318363
CAE-DFW,6516,10.474172595112899,21.485573971761816
DEN-ABQ,22337,6.623985653440933,21.484532390204595
CKB-ORD,1806,16.950610432852386,21.483942414174972
JFK-SYR,12754,5.427069438995685,21.47561549317861
DEN-ELP,11223,6.3962163126896305,21.473759244408804
EWR-SRQ,5785,4.614424410540916,21.469317199654277
SUX-ORD,4416,9.731336510097572,21.467391304347828
BOS-JAX,10612,4.862348942598187,21.466264606106293
PGD-MCI,587,5.6290598290598295,21.465076660988075
CVG-MSY,792,6.864213197969543,21.464646464646464
JFK-ROC,15026,6.012259311080019,21.462797817116996
PDX-BOS,5317,5.943951688997924,21.459469625728794
LAX-STL,13260,5.623998185392409,21.45550527903469
RSW-BDL,4284,8.33933582787652,21.45191409897292
STC-AZA,662,4.848484848484849,21.45015105740181
IAH-BZN,774,4.745454545454545,21.44702842377261
CID-DFW,8183,12.167034855179185,21.446902114139068
TPA-LGA,20666,8.519746773800827,21.44585309203523
ORD-MSP,61667,7.783714475841138,21.43934357111583
MCO-MCI,13504,6.887097972220159,21.43809241706161
OGG-ANC,807,-1.7907845579078456,21.437422552664188
AZA-ATW,1017,5.215064420218038,21.43559488692232
DAL-FLL,9032,6.373918829008649,21.434898139946856
DFW-MGM,7025,9.508138206739007,21.423487544483987
CLE-EWR,16716,7.811121764141898,21.422589136156976
DEN-MDW,29290,5.221928982725528,21.416865824513486
ABE-BNA,523,8.863723608445298,21.414913957934992
IAD-SMF,2676,7.031132783195799,21.41255605381166
DFW-FWA,6244,7.053815261044177,21.41255605381166
EWR-DFW,29069,4.895958965827962,21.411125253706697
RDU-DAL,3078,4.522534291312867,21.410006497725796
SFO-EGE,598,3.2825719120135366,21.40468227424749
MDW-GSP,855,4.840562719812427,21.403508771929825
LGA-GRR,5439,2.928216454997239,21.40099282956426
ORD-JLN,1229,10.542622950819672,21.39951179820993
ORD-MBS,7477,8.141152815013404,21.39895680085596
ORD-SHD,1131,11.1524064171123,21.396993810786913
CLT-SAT,11288,6.114328862041396,21.394401133947554
JFK-ACK,3945,9.87152689268417,21.394169835234475
MDW-PHX,25580,3.540677169057136,21.39171227521501
PHL-ALB,1122,8.704727921498662,21.390374331550802
DCA-CAE,5433,6.217776138668634,21.38781520338671
DEN-MKE,23047,6.152291105121294,21.38673146179546
SAV-HOU,1342,3.868065967016492,21.385991058122205
MIA-STX,6075,6.262854317732367,21.382716049382715
BWI-JAX,12408,5.1509890997174,21.381366860090264
SAN-SBP,1305,7.013803680981595,21.379310344827587
AUS-HOU,15858,5.445174330469935,21.377222852818768
PHX-TPA,9961,6.246122860020141,21.37335608874611
LAS-BNA,13967,5.161396716139672,21.364645235197248
RSW-HPN,4082,8.638566131025957,21.362077413032825
MCO-CMH,16258,7.555008311272548,21.361791118218722
IAH-MIA,28721,8.00031433361274,21.357195083736638
CLT-BTR,6602,7.282436949255546,21.357164495607392
MCO-DFW,41252,9.105517979660357,21.356540288955685
HDN-ATL,885,0.9739229024943311,21.35593220338983
DAL-ABQ,15629,6.189423076923077,21.35133405848103
DEN-TUS,21115,6.207210626185958,21.349751361591284
MDW-FLL,12797,5.0527964906783644,21.34875361412831
HPN-ORD,9818,10.048650858544562,21.348543491546142
EWR-CVG,13933,6.067064404830362,21.345008253785977
DAL-SDF,937,6.497863247863248,21.344717182497334
ORD-BZN,6358,4.547908445146014,21.343189682290028
DAL-LAS,21234,5.6686312414541,21.34312894414618
MSP-ROC,1209,3.89247311827957,21.339950372208435
SHV-DFW,19055,10.61023808272455,21.338231435318814
JAN-DFW,16056,10.675427643900612,21.337817638266067
DFW-MLI,5821,9.787607573149742,21.33654011338258
EWR-SEA,17690,1.5322790908575639,21.33408705483324
DFW-SLC,34646,9.032954644003121,21.330023667955896
SFO-JAC,2387,7.538363713437898,21.32383745286971
BOS-AUS,10477,3.28544042940669,21.32289777608094
DAY-PIE,652,10.967791411042946,21.319018404907975
AZA-IDA,1154,5.276521739130435,21.317157712305026
BWI-PVD,20533,5.849434587638916,21.31690449520284
OMA-DAL,3631,5.581833287178067,21.316441751583586
PIT-SRQ,1384,5.518115942028985,21.315028901734102
JAC-LAX,3646,9.013266998341626,21.311025781678552
ORD-BUF,17312,7.570494270170158,21.308918669131238
STT-ORD,690,2.677466863033873,21.304347826086957
MIA-MEM,3399,7.440483205657042,21.30038246543101
AUS-OAK,3522,5.816140949133277,21.29471890971039
ORD-PSP,4898,1.671875,21.294405879951
LAS-EWR,24058,4.768615796743544,21.294371934491647
TTN-FLL,1461,6.169876203576341,21.286789869952088
LAS-ICT,3425,6.048523823443437,21.284671532846716
BWI-FNT,733,6.441860465116279,21.282401091405184
DAL-HOU,50473,6.4180572109654355,21.280684722524914
IDA-SEA,578,10.892547660311958,21.280276816608996
BWI-LAS,18202,2.640154227485541,21.277881551477858
ORD-LNK,6320,7.512543664655446,21.265822784810126
MDT-PIE,950,4.550158394931362,21.263157894736842
FLL-BUF,5687,6.5572209486862985,21.259011781255495
CAE-DCA,5401,7.986979166666667,21.25532308831698
MCI-JFK,1896,10.412513255567339,21.255274261603375
SEA-BOS,21238,3.702206922569084,21.249646859402958
SEA-JFK,27192,4.227292850291448,21.248896734333627
LAS-JFK,31763,6.293844109831709,21.24799294776942
LAX-LAS,101963,6.599016702321839,21.245942155487775
MDW-LAS,28444,3.1802128859438885,21.245253832091127
HOU-FLL,9301,5.069288793103448,21.24502741640684
PHX-MAF,2636,10.429060479269685,21.2443095599393
JFK-MVY,2406,7.970809007506255,21.238570241064007
ORD-MHT,4089,7.4031901840490795,21.227684030325264
DAL-PHX,22554,5.916037652073528,21.224616476013125
BWI-CVG,8773,6.366095890410959,21.22421064630115
CLT-EVV,952,7.291886195995785,21.218487394957982
LGA-SYR,6510,6.097215812951854,21.213517665130567
CLT-LAX,22763,2.2596568411790585,21.209858103061986
BWI-CHS,11068,4.9011764705882355,21.20527647271413
BOS-ROC,1759,5.25923820352473,21.205230244457077
MDW-DAL,22442,3.5401217983163176,21.20131895552981
MCO-BWI,43546,6.892207851981405,21.200569512699214
CLT-HOU,2251,3.5762711864406778,21.190581963571745
DTW-LIT,1260,7.237867939538584,21.19047619047619
ORD-BTV,8242,7.397276926817408,21.18417859742781
SFO-STS,2380,14.28373266078184,21.176470588235293
HOU-AUS,15721,6.200241945753215,21.175497741873926
DEN-DSM,15849,6.276738305941846,21.17483752918165
ANC-IAH,784,11.826700898587934,21.1734693877551
DAL-MDW,22419,5.6750850797062515,21.169543690619562
BNA-SRQ,2910,5.927710843373494,21.168384879725085
RSW-TTN,1517,7.776010603048376,21.16018457481872
LAS-GJT,714,11.359943977591037,21.1484593837535
ATL-SFO,28871,3.8615213924138407,21.145786429288908
IND-SRQ,1679,8.202872531418313,21.14353782013103
SBN-DFW,5019,7.742633794347564,21.139669256824067
BWI-PWM,11577,5.353999135322092,21.136736632979183
ORD-ANC,6086,2.5785997357992074,21.130463358527766
LAS-SMF,35765,5.675606891151135,21.129595973717322
MKE-SFO,1169,3.776349614395887,21.129170230966636
DFW-IAD,16281,7.329208987380732,21.12278115594865
DFW-DCA,29695,5.698092145321697,21.12140090924398
RIC-MDW,1837,5.5366922234392115,21.121393576483396
BHM-PHL,3537,7.977872340425532,21.119592875318066
CLT-GRR,6326,7.026774397972116,21.11919064179576
LGB-SEA,3836,5.134429652832159,21.115745568300312
RDU-BOS,24851,8.840106327278585,21.113838477324855
PHX-MCO,14428,5.627340432936591,21.111727197116718
SLN-ORD,2127,17.44544166273028,21.109543958627174
ORD-BDL,18477,7.188502384048548,21.107322617308004
DCA-JFK,17263,6.28567287064417,21.09714418119678
SEA-SIT,2555,5.681296955318308,21.095890410958905
SFB-HTS,1152,6.817391304347826,21.09375
SAV-DFW,6728,10.059289127837514,21.090963139120095
BNA-LGA,32801,7.293288384921851,21.090820401817016
ATL-ACY,1195,9.962248322147651,21.08786610878661
DEN-SAT,22777,5.824373075230972,21.087061509417396
CLT-XNA,8570,6.048392752776154,21.085180863477245
LAS-MDW,28407,4.318734965331824,21.07931143732179
CLE-SAV,593,11.406091370558375,21.079258010118043
DEN-CVG,15121,6.476657175021522,21.076648369816812
PIT-PIE,1044,10.00577478344562,21.0727969348659
ANC-BRW,2221,6.619263970922308,21.071589374155785
IAD-HNL,1405,7.8147353361945635,21.06761565836299
ORD-XNA,16072,5.353428927680798,21.06147336983574
BWI-IND,10047,5.57083084279737,21.061013237782422
SJU-FLL,27437,8.32874109263658,21.059153697561687
DFW-TLH,7101,7.250564652738566,21.05337276439938
FNT-LAS,855,4.504705882352941,21.052631578947366
CLT-PHL,33362,7.379349652027837,21.04789880702596
CLT-IAH,27541,6.316863430986737,21.044987473221745
DAL-BWI,14260,5.131684351064577,21.044880785413746
BWI-ABQ,3684,2.2549605871160643,21.036916395222587
ORD-BOI,8077,1.8852173913043477,21.035037761545127
LGA-MCI,14215,1.8705990263176462,21.034118888498064
CLT-SRQ,10244,7.917139503032675,21.02694260054666
LGA-HOU,8724,1.2632730623056547,21.022466758367724
BWI-SAT,7550,2.0902335456475583,21.019867549668874
ECP-DCA,1589,7.0373417721518985,21.019509125235995
SFO-ACV,10753,10.902491569876359,21.017390495675624
DFW-SBN,5034,7.875846950976484,21.0170838299563
SRQ-HOU,1142,5.0307287093942055,21.015761821366024
MSY-MCO,17849,8.046707460843205,21.009580368648102
DEN-LAX,70986,5.413173399486934,21.008367847181134
HOU-MCO,16707,5.75727922194873,21.003172322978394
DAL-MCI,19999,6.252943239316667,21.001050052502627
DRO-DFW,8405,9.847524515666109,20.99940511600238
DTW-OKC,2286,5.963093145869947,20.99737532808399
MCO-SFO,10754,5.933208955223881,20.978240654640135
AUS-LBB,2894,7.716510903426792,20.97442985487215
LAX-EWR,47708,4.281049058672233,20.973421648360862
RDU-DCA,13738,6.679874489200233,20.971029261901293
LAS-BWI,18291,4.454440789473685,20.966595593461264
CHS-LGA,9601,8.436061113436585,20.966565982710133
JFK-HYA,911,10.106945975744212,20.96597145993414
GRR-DCA,3444,9.756346658885322,20.963995354239255
PHX-COS,5621,5.717340937444306,20.95712506671411
ECP-MDW,606,6.703642384105961,20.957095709570957
FLL-DFW,27339,7.292475014697237,20.9517539046783
MCO-DAY,506,8.087301587301587,20.948616600790515
DAL-IAH,5672,3.8044860473330977,20.944992947813823
PHX-JFK,23734,5.795877772134755,20.944636386618352
PGD-DAY,659,8.15290519877676,20.94081942336874
ORD-SAN,27770,4.289017341040463,20.93986316168527
DEN-SBA,10216,5.604506986813619,20.937744714173846
IND-IAH,9505,6.193722257450856,20.93634928984745
MDW-SAT,6515,3.705773672055427,20.93630084420568
DEN-SMF,31557,5.05073084118076,20.933548816427418
DAL-MSY,22223,6.5115251026207766,20.93326733564325
DEN-PSP,13228,5.4877808136004855,20.93286967039613
LAS-RAP,774,5.543450064850843,20.930232558139537
DFW-ORD,65953,6.805771685611817,20.9270237896684
DEN-SEA,62296,4.397929659872694,20.925902144599977
LAS-MIA,13228,7.624591534311118,20.925309948593892
LGA-ORD,102011,4.837434794141051,20.92519434178667
DEN-GEG,16284,5.091646690023972,20.92237779415377
ORD-CVG,30217,7.285269469011892,20.921997551047426
DCA-DSM,3819,4.229232386961094,20.921707253207646
LAS-PAE,1296,5.761830876648565,20.910493827160494
SFO-MKE,1167,6.457903780068729,20.908311910882603
BWI-VPS,1234,5.40389294403893,20.907617504051863
CLT-PBI,17680,6.53844410448184,20.90497737556561
CLE-RDU,2024,7.324270884824518,20.899209486166008
CLE-MCO,16435,7.104207317073171,20.894432613325222
TPA-DAL,9826,6.247186412932269,20.89354773051089
IND-FLL,6752,7.013965235477641,20.88270142180095
CLT-DEN,27332,4.9555718744262895,20.876628128201375
OGS-ORD,503,25.72854291417166,20.87475149105368
DEN-PHX,78281,5.7870240135028,20.873519755751715
BWI-PHX,13328,2.284574267861176,20.873349339735896
ORD-HNL,3943,2.063613231552163,20.872432158255137
SAN-ELP,1447,6.325259515570934,20.870767104353835
BWI-RDU,19037,6.033030032083311,20.869884960865683
DEN-EUG,8434,5.803656220322887,20.867915579796065
MEI-DFW,2123,14.650448748228625,20.86669806877061
BWI-SAN,8842,1.5383041600363718,20.866319837140917
DEN-RDM,6093,6.2065897858319605,20.860003282455278
AZA-PSC,863,5.367990654205608,20.857473928157592
GRR-TPA,1036,7.038610038610039,20.84942084942085
EWR-GSO,5958,3.6742271505376345,20.84592145015106
GSP-EWR,5819,8.996552318565765,20.84550610070459
CLT-TPA,30664,7.10302139474114,20.842029741716672
AUS-OKC,1929,13.355474831344058,20.839813374805598
ORD-OMA,21652,6.086662967073622,20.834103085165342
CLT-ORD,42461,5.496483858787993,20.83088010174042
STL-LGA,27798,5.640831826401446,20.82883660695014
DFW-BZN,4024,6.557385229540918,20.825049701789265
DAL-AMA,12223,5.678419153820925,20.821402274400718
LAS-PIT,8122,3.6085777668227754,20.819995075104654
COS-LAS,5577,7.175457481162541,20.817643894566974
BNA-LGB,783,2.9871959026888604,20.81736909323116
DFW-BTR,18943,9.376170572985556,20.815076809375498
EUG-SFO,12434,9.839716768587062,20.813897378156668
FCA-DFW,1086,12.278398510242086,20.810313075506446
LGA-MKE,12429,4.013860907405915,20.80617909727251
ORD-MSY,16712,4.811079800947299,20.80540928674007
PHL-DAL,1769,1.8970420932878271,20.80271339739966
STT-SJU,6802,7.843662180150865,20.802705086739195
AVL-DFW,3072,10.904433497536946,20.80078125
PHL-MSN,2327,6.040482342807924,20.79931241942415
COS-DFW,15767,11.598482916879144,20.79660049470413
STL-DAL,19361,5.173913043478261,20.794380455554982
HOU-ECP,4714,6.02826780021254,20.78913873568095
AUS-MSY,11040,6.590867828612927,20.78804347826087
DEN-PNS,1881,3.67394778902504,20.78681552365763
ORD-SLN,1463,5.637362637362638,20.77922077922078
SBN-PIE,876,4.024110218140069,20.776255707762555
DEN-BNA,30387,5.948583489990436,20.77533155625761
DFW-AVL,3081,12.772994129158512,20.772476468679
SAN-BOS,11111,3.2695589036122708,20.772207722077223
LGA-DAL,17412,0.6519031141868512,20.76728692855502
SJU-HOU,1069,4.408278457196613,20.767072029934518
PDX-SFO,42492,6.02708441466522,20.761555116257178
LIT-ORD,12279,8.672957516339869,20.759019464125743
SAN-SAT,5429,5.238894009216589,20.758887456253454
BTV-ORD,8287,8.668887004965484,20.755400024134186
STT-PHL,1537,8.025238744884039,20.754716981132077
CVG-ORD,30161,8.510606513295489,20.75196445741189
BUR-RNO,1277,5.467817896389325,20.751761942051683
STL-CMH,5596,6.444364937388193,20.746962115797
DFW-GPT,8147,8.348356113779092,20.74383208543022
MSY-DFW,26178,10.32603536706729,20.74260829704332
SFB-USA,1509,7.62283044058745,20.742213386348578
MIA-IND,5771,6.465625,20.74163923063594
CLT-CRW,8894,8.511538461538462,20.733078479874074
JFK-MSY,12729,1.8663725181216515,20.73218634613874
MDW-SDF,10724,5.518152123191787,20.729205520328236
LAS-BUR,34490,5.525228758169935,20.72484778196579
LFT-DFW,12195,10.961978437988643,20.72160721607216
MTJ-DFW,4276,10.967317187867387,20.720299345182415
BOS-JFK,50768,7.3912923507499455,20.719744721084147
LBB-DFW,16775,11.55716759209505,20.715350223546945
ORD-PDX,21384,4.329539600018735,20.71174710063599
PIE-RIC,647,6.3910355486862445,20.71097372488408
LGA-MEM,7959,1.2221662468513854,20.70611885915316
MSP-SFO,21884,2.291128810766273,20.704624383110946
BUR-STS,966,6.783783783783784,20.70393374741201
BWI-RSW,14761,4.851165002377556,20.70320438994648
SFO-BOS,40773,3.5423270672072737,20.70242562480073
ICT-DFW,16292,9.746879035729659,20.69727473606678
XWA-DEN,4252,11.211433971178833,20.696142991533396
RDU-PHX,3808,3.588033737480232,20.69327731092437
ORD-ROC,15591,6.16338064350395,20.691424539798604
BOS-RDU,24867,6.071143697377432,20.69007117867053
SGF-IAH,2175,11.472273567467653,20.689655172413794
MGM-CLT,1247,8.44524959742351,20.689655172413794
IAD-SRQ,1740,6.259942363112392,20.689655172413794
MKE-DFW,11235,8.172963294538944,20.685358255451714
ALB-MCO,9292,4.871889201471543,20.68445975032286
PHX-BOS,15840,4.841002595100956,20.681818181818183
CLE-PHX,6571,5.048947849954255,20.681783594582257
PHX-MSN,2089,4.690533397405094,20.679751077070367
PHX-TUL,6665,5.103380916604057,20.675168792198047
PBI-ORD,7551,7.010621348911312,20.672758575023174
PWM-DEN,595,7.0698466780238505,20.672268907563023
JFK-SFO,68519,-0.3904139688864149,20.671638523621187
MIA-IAD,5657,7.8644818423383525,20.664663249071946
DFW-JAN,16090,8.585420560747664,20.658794282162834
PWM-LGA,9236,7.262969394399827,20.65829363360762
ORD-LSE,7232,6.51641956491617,20.658185840707965
MCO-MKE,14290,5.7548744564455045,20.65780265920224
LGA-MIA,54124,2.0007415372066295,20.65627078560343
MDW-AUS,11857,3.753913852923754,20.654465716454414
OAK-ABQ,5936,5.710210970464135,20.653638814016173
MSY-FLL,14458,8.053922927640699,20.652925715866647
BGR-ORD,2218,7.887884267631103,20.649233543733093
DFW-AMA,16001,8.806849486601553,20.64870945565902
ORD-FLL,28103,5.931183332738754,20.645482688680925
DTW-IAH,24941,3.748169014084507,20.644721542841104
BDL-LGA,1303,9.785111281657713,20.64466615502686
CVG-MIA,7203,6.936072423398329,20.644176037762044
PAE-SFO,1865,8.648416532474503,20.64343163538874
MIA-SDF,3493,7.708559977097051,20.64128256513026
DEN-BUR,15867,5.108835798255593,20.640322682296592
ORD-MSN,23293,6.593579440457261,20.637101275061177
DFW-SBP,3126,6.8125,20.633397312859884
STL-LIT,5438,4.270653173873045,20.632585509378448
ORD-RAP,4585,5.60034980323568,20.63249727371865
FLL-MCI,4377,4.700549450549451,20.630568882796435
MLI-AZA,572,1.6771929824561405,20.62937062937063
MIA-CVG,7214,6.12859325093737,20.626559467701693
IAH-FLL,21034,6.39403184288302,20.618997813064563
JFK-BNA,11431,3.5181483429773803,20.610620243198323
PHL-DFW,32917,3.758383937017485,20.60941155026278
SFO-DEN,54974,5.762017609420858,20.60792374577073
BOS-AVL,762,5.724047306176084,20.603674540682416
CLT-DAL,3277,4.413655848132272,20.598108025633202
CLT-PNS,11977,7.4073701842546065,20.597812473908323
MSY-DAL,22168,6.990361990950226,20.597257307831107
AGS-CLT,7381,9.410176390773406,20.593415526351443
BNA-MCO,21721,6.547797173732336,20.592974540767
DFW-STS,1588,3.9993658845909956,20.591939546599498
TPA-BDL,9485,7.641854080878471,20.59040590405904
ORD-RDU,23432,6.971779193569077,20.587231136906794
ORD-ORF,12669,6.6150862751306,20.585681584971187
SFB-TOL,753,9.037234042553191,20.584329349269588
EWR-BDL,1234,4.78345498783455,20.583468395461914
BNA-MIA,11325,8.412827781715096,20.58278145695364
DEN-AUS,36713,5.361343161343162,20.58126549178765
BWI-CMH,11308,5.347083296450385,20.578351609480013
MSY-LAS,9355,4.796036422067488,20.577231427044364
LAS-MCI,17096,5.66293648933677,20.57206364061769
TVC-DEN,700,9.154178674351584,20.57142857142857
PHL-LAX,23028,0.572473230608514,20.570609692548203
MKE-BOS,6986,7.04833620195066,20.56971085027197
DEN-PWM,598,5.8875838926174495,20.5685618729097
PIA-PIE,987,7.526422764227642,20.56737588652482
IAH-BOS,15644,7.027416565242457,20.56379442597801
ORD-SEA,47443,3.4087474141934395,20.56362371688131
DFW-CLT,36930,7.460391072058146,20.563227728134308
ECP-BWI,1172,5.4051502145922745,20.563139931740615
STL-OKC,5826,4.781330582774626,20.562993477514592
ONT-LAS,17211,6.3015402499273465,20.56243100342804
ORD-SPI,5580,8.689432063263839,20.555555555555554
SAN-LAS,49194,6.586487420935955,20.551286742285644
SMF-PSP,1635,6.94546568627451,20.55045871559633
AUS-ELP,10428,6.870057581573897,20.550441120061375
MRY-DFW,2925,12.471276229790162,20.547008547008545
ORD-CLE,33655,7.256217277486911,20.54672411231615
IAH-DSM,5714,7.277777777777778,20.54602730136507
AEX-DFW,9175,9.647984267453294,20.544959128065397
PIT-PGD,1066,7.111425873465533,20.544090056285178
MAF-DFW,17433,10.018395033340997,20.54150174955544
DEN-RNO,18457,5.122900472903191,20.53963265969551
BWI-MKE,8316,4.749097038285576,20.53872053872054
BWI-GSP,2488,4.71830985915493,20.538585209003216
BOS-LAX,43943,1.060002746121104,20.53796964249141
SEA-EWR,17746,3.093070652173913,20.534204891243096
HOU-SAT,15888,5.717716014369446,20.531218529707957
XNA-DFW,21660,9.5962445657201,20.530932594644504
FLL-STT,3541,5.672433352240499,20.530923467946906
SFO-FAT,11076,8.357626659441886,20.530877573131097
DFW-BIS,4345,5.57033957033957,20.52934407364787
MCO-FLL,14366,6.337489551407077,20.520673813169985
FAR-LAS,1038,4.894990366088632,20.520231213872833
CVG-DFW,15856,7.434628303441283,20.515893037336024
ORD-DCA,60673,5.9602833123717485,20.513243122970678
LGA-MYR,8419,3.872563005230623,20.513125074236847
ORD-LWB,1677,3.8873576992210905,20.51282051282051
LAS-SJC,32369,4.711703081059365,20.510364855262754
ORD-CMH,29314,5.84431464972504,20.50897182233745
SEA-HNL,20706,1.8262010006314664,20.50613348787791
ORD-SGF,13115,5.559118389836994,20.50324056423942
DEN-AMA,3322,7.504980380319951,20.49969897652017
MKE-LGA,12420,7.96583750605718,20.499194847020934
CVG-IAH,9757,4.703623635989294,20.4981039253869
ORD-PVD,9031,6.214499833462862,20.496069095338278
LGA-IAD,7007,7.978720365609826,20.49379192236335
STT-EWR,2474,2.8487115544472155,20.49312853678254
CLT-DCA,28490,6.029144986640416,20.487890487890486
MIA-GSO,2919,5.784145504461222,20.48646796848236
HOU-CRP,11886,4.454522486104093,20.486286387346457
BIL-ORD,659,9.98165137614679,20.485584218512898
PHL-CRW,825,6.253658536585366,20.484848484848484
AMA-DEN,3276,9.514224533496481,20.48229548229548
ORD-PWM,7768,6.661928146807961,20.481462409886714
BWI-DFW,15040,8.110828707109892,20.47872340425532
ATL-LAX,56735,3.217742077853297,20.47413413236979
DAL-SJC,6457,3.5420734542073453,20.473904289917918
DAL-LBB,15435,5.320285621551444,20.472951085195984
LAX-MIA,29798,6.1470370120676865,20.471172561916905
SBN-EWR,1700,13.540141676505312,20.47058823529412
RIC-ORD,14094,7.315658362989324,20.46970341989499
CLT-BWI,32342,6.521021671826626,20.468740337641457
VPS-MDW,513,7.823874755381604,20.46783625730994
PHL-STT,1539,3.6560260586319218,20.46783625730994
CLT-LFT,1842,6.744797371303395,20.466883821932683
ATL-BUR,601,7.582914572864322,20.465890183028286
BWI-TPA,27302,4.756013367118357,20.46370229287232
CLT-LIT,8166,5.5461679950950336,20.462894930198384
DFW-LFT,12218,9.108139153265506,20.461614012113273
EWR-MSY,12698,4.232341567358535,20.459914947235784
SFO-IND,4028,5.01069385724944,20.456802383316784
MCO-BNA,21691,6.501547987616099,20.45548845143147
IAH-MCO,31385,6.81370011821464,20.4524454357177
SFB-HGR,802,6.020050125313284,20.448877805486283
AZA-EUG,807,7.4812967581047385,20.44609665427509
SLC-FLL,4451,5.917079765660207,20.44484385531341
ORD-DAY,13080,7.193661971830986,20.4434250764526
MDW-CHS,5865,4.7352589300974195,20.443307757885762
BZN-DFW,4021,11.903128911138923,20.442675951255907
VPS-DCA,2534,7.5442284807616025,20.441988950276244
ABE-PIE,1502,9.299933199732799,20.439414114513983
HOU-ABQ,8750,4.530778032036613,20.434285714285714
CLT-ORF,19977,8.180271938186744,20.428492766681682
MIA-DTW,14458,6.10262629062435,20.424678378752247
LAS-PHX,55967,6.610162521678497,20.424535887219253
SAN-AUS,13304,5.0033147506403495,20.422429344558026
SFB-MDT,1822,7.5681191395477105,20.417124039517017
LGA-TUL,774,-0.027237354085603113,20.41343669250646
TPA-AUS,6948,6.115866839602248,20.40875071963155
FAR-ORD,13558,10.016932860100562,20.401239120814278
HOU-OAK,6343,3.8429856398926936,20.400441431499292
DTW-LGA,38459,5.10036263076883,20.393145947632544
AZA-RAP,1123,6.238137869292748,20.391807658058774
LAS-DEN,70615,5.927679559578876,20.390851802025065
SEA-CLE,1594,1.6371069182389937,20.388958594730237
CVG-CHS,682,6.310294117647059,20.381231671554254
SEA-AUS,12821,4.225166080500196,20.380625536229623
CLT-PIA,4799,5.171362972239616,20.37924567618254
CVG-PHL,10619,8.211818010194449,20.378566720030133
DTW-HNL,741,2.4782608695652173,20.3778677462888
IAH-PBI,2282,5.64793678665496,20.376862401402278
ORD-ATL,64246,7.157965340279836,20.373252809513435
DEN-SLC,69744,5.4409992251843775,20.373078687772423
MYR-ORD,3618,6.040499306518724,20.37037037037037
SFO-TPA,3368,3.8759320011929614,20.368171021377673
TPA-ISP,5082,7.168014198382962,20.365997638724913
BOS-LGA,69950,5.467141794035148,20.36168691922802
LGA-BOS,70159,3.934051988421668,20.358043871776964
PHL-TPA,24526,4.481239270824818,20.35798744189839
ORD-SLC,29995,5.595835700678453,20.35672612102017
AVP-ORD,5969,8.91181925476311,20.35516836991121
PHL-OKC,983,1.4897750511247443,20.345879959308242
JAX-LGA,7702,7.977963228582605,20.34536484030122
OAK-CMH,1362,5.540103016924209,20.337738619676944
ATL-LGA,77177,5.139189893201355,20.336369643805796
DEN-PDX,36838,4.405759304536811,20.33498018350616
BOI-SFO,15950,6.703701376233268,20.33228840125392
LGA-PWM,9277,3.636707356595009,20.329848011210522
BUR-BOI,802,5.995,20.32418952618454
CLT-EYW,7755,7.799350649350649,20.322372662798195
FSD-ORD,13222,9.748863291906638,20.32219028891242
DSM-DFW,10806,11.080571799870045,20.322043309272626
MYR-BOS,4350,6.338928489307887,20.321839080459768
SJU-STT,6014,7.737920693102299,20.319255071499835
LAS-RNO,33762,4.879684301100792,20.315739588886913
COS-LAX,4589,5.429914716816095,20.30943560688603
SFO-DFW,39609,7.550257437796434,20.30851574137191
HOU-HRL,14103,4.83493077742279,20.307735942707225
PHX-ANC,2689,-0.7681050656660413,20.304946076608406
MYR-DFW,2384,6.929987347110924,20.302013422818792
ORD-PHX,50766,4.572040337063131,20.300988850805656
SAN-GEG,2010,3.4074812967581045,20.298507462686565
BWI-SJC,1212,2.0463960231980116,20.2970297029703
LGA-TYS,5735,1.8466375545851528,20.29642545771578
ORD-JAX,11643,4.0352748860018925,20.295456497466287
CLT-CVG,16940,7.6812433518496634,20.295159386068477
DEN-FAT,13256,6.636727905042716,20.292697646348824
ORD-SYR,15755,6.190745566643361,20.29197080291971
BOS-BUF,11995,6.741588043750522,20.291788245102126
AUS-PHL,6348,12.796337227660246,20.28985507246377
DAL-STL,19424,5.690250438008864,20.289332784184513
OAK-GEG,6931,3.9543484542039873,20.285673063050062
LGA-ILM,7444,1.860280247911614,20.284793121977433
PIE-HTS,1198,7.222502099076406,20.28380634390651
MDW-MSY,9826,3.7604209235798938,20.282922857724405
CSG-CLT,567,5.754416961130742,20.282186948853614
KTN-SIT,3190,4.109355246523388,20.28213166144201
DAY-IAH,651,5.719814241486068,20.276497695852534
HOU-SLC,1810,3.9955776672194583,20.276243093922652
DEN-HDN,8010,6.26431166228235,20.27465667915106
MDW-BWI,20030,5.338735494197679,20.274588117823264
ORD-GSO,6886,4.67272462925269,20.273017717107177
ORD-GRB,17530,6.95921631347461,20.26811180832858
DFW-MYR,2388,7.224832214765101,20.268006700167504
JFK-ATL,29401,4.257145777262972,20.2612156049114
SEA-LGB,3830,5.92913179916318,20.261096605744125
CVG-LGA,15656,5.943771238058601,20.26060296371998
DAL-VPS,1461,5.037062457103637,20.26009582477755
IAD-JFK,9946,5.2421985101671025,20.25940076412628
SLC-ANC,1017,3.3853754940711465,20.255653883972467
ORD-ROA,3836,6.021807672096689,20.255474452554743
AZA-BOI,627,7.432216905901116,20.25518341307815
PHL-CLE,6537,5.121917598407107,20.253939115802353
HOU-ELP,9455,5.142433548660383,20.25383395029085
BNA-ORD,38731,8.317875996273678,20.24992899744391
SAT-MCO,7023,6.612880194202485,20.24775736864588
ORD-SDF,13765,6.0202864829491745,20.247003269160917
PHL-BOS,50102,5.11608818947957,20.246696738653146
BNA-FLL,16177,5.955325608773777,20.244791988625828
CLT-TRI,2801,6.6020042949176805,20.242770439128883
DEN-MSO,8324,7.055548846757638,20.242671792407496
CLT-RIC,22099,7.619530754597337,20.240734874881216
LAX-PIT,3691,3.6809549647314164,20.238417772961256
MCO-MDW,27189,5.277654622035025,20.236124903453604
FLL-MYR,4201,8.072705601907032,20.23327779100214
LAS-CVG,7707,6.200337793945693,20.22836382509407
PHL-RSW,13335,3.4572459953372943,20.224971878515184
ANC-ORD,6052,5.436046511627907,20.224719101123593
DCA-ROC,4995,5.966933867735471,20.22022022022022
ORD-LEX,12780,5.802887633396108,20.219092331768387
SNA-MDW,1479,3.9422946367956553,20.21636240703178
SFO-BUR,26460,5.4928403666944465,20.215419501133784
OGG-SEA,14917,2.9410063231535046,20.211838841590133
DAL-SAT,28746,5.138608344361636,20.20802894315731
HOU-OKC,12333,5.473910923276983,20.205951512203033
ORF-DCA,7206,7.77031163049527,20.205384401887315
MCO-CVG,13150,8.599497755117572,20.20532319391635
TPA-SEA,6480,0.792473284807186,20.200617283950617
DEN-BOI,22441,5.726639892904953,20.19963459738871
LGA-EYW,1416,1.8282252316464718,20.19774011299435
SFO-BZN,3342,3.7446744674467447,20.197486535008977
IAD-DFW,16329,7.696525381961558,20.197195174229897
EWR-MSP,20292,5.592918168798459,20.195150798344173
CLT-LEX,8111,6.4813944863394735,20.19479718900259
RDU-ORD,23250,7.2438319530710835,20.189247311827955
PNS-ORD,3329,8.44897342995169,20.186242114749174
MDW-CVG,8494,3.9397150594607324,20.17894984695079
ORD-PIA,11750,6.834555063075349,20.17872340425532
GUC-DEN,2954,8.22459349593496,20.176032498307382
RSW-CLE,8337,6.133869612198343,20.175122945903805
SFO-MSO,917,5.185792349726776,20.174482006543077
ILM-ORD,694,5.027496382054993,20.172910662824208
CLT-OAJ,8343,6.739067755886593,20.17259978425027
CLT-OMA,5930,5.660916624386944,20.168634064080944
DAL-BNA,16263,5.5868440502586845,20.16848060013528
LEX-IAH,1666,4.385315533980583,20.168067226890756
ORF-MCO,5173,7.322543128513278,20.16238159675237
DEN-COU,749,5.661764705882353,20.160213618157545
SAV-ORD,8692,9.282312138728324,20.156465715600554
DEN-SAV,1707,3.3980011757789534,20.152314001171646
CLT-AGS,7394,8.757148665130776,20.151474168244523
PHX-CID,1971,4.137544574630668,20.142059868087266
CLT-HPN,8217,6.394080805599902,20.141170743580382
MDW-CLE,14816,4.728697884992229,20.140388768898486
MCO-HOU,16775,4.352550684767658,20.137108792846497
IAH-BDL,899,7.003344481605351,20.133481646273637
CLT-AVP,7903,7.195019692542243,20.131595596608882
STT-JFK,4397,5.879246161005119,20.12735956333864
DFW-PIB,1431,10.718617771509168,20.125786163522015
CLT-GPT,5481,5.252105455876968,20.124064951651157
DFW-DTW,32192,7.512903527067833,20.123011928429424
PHL-SAV,5493,5.812887915297554,20.11651192426725
BWI-MHT,18434,4.622108806602237,20.11500488228274
DCA-HSV,7154,4.262921977868049,20.11462119094213
EWR-EYW,3928,0.8694984646878199,20.112016293279023
ELM-PIE,726,4.00828729281768,20.110192837465565
DCA-BDL,13424,6.300820283370619,20.105780691299167
DEN-FCA,8538,7.179861192800847,20.098383696416022
PHX-DAL,22655,5.164108251996451,20.09710880600309
IDA-DFW,2120,14.065464895635674,20.09433962264151
SRQ-CMH,637,3.9606299212598426,20.09419152276295
SRQ-ORD,5524,8.619393499182857,20.09413468501086
ORD-GSP,10090,5.61627098440449,20.089197224975223
MCO-DEN,36030,4.867108524325378,20.08881487649181
DEN-MCI,34351,5.995336092811753,20.086751477395126
JFK-LAS,31785,-0.1655046218885068,20.081799591002046
DAL-CHS,2744,4.592186929536327,20.080174927113703
MSP-FWA,3118,6.132774734128263,20.07697241821681
DEN-RSW,6461,3.648942786069652,20.07429190527782
CVG-RDU,2771,7.294797687861272,20.064958498736917
DEN-CLE,16209,4.649109792284866,20.062928002961318
ORD-DLH,8753,6.5104226649775425,20.061693133782704
MKE-ORD,25603,8.579286635152556,20.060149201265475
LAX-ELP,9003,4.2340898976413,20.059980006664446
CLT-BHM,13754,6.380917698470503,20.059619019921477
OAK-BOI,7045,4.532888194345788,20.056777856635915
MDW-DEN,29484,3.2076928309073596,20.054945054945055
JFK-SRQ,3336,2.625150421179302,20.053956834532375
SRQ-DCA,2638,7.8342857142857145,20.053070507960577
IAH-COS,7695,8.11217027944633,20.05198180636777
OAK-SEA,29655,3.5907480514222088,20.050581689428427
CLT-DFW,36915,5.27508565834557,20.048760666395772
SFB-TUL,823,7.228710462287105,20.048602673147023
EUG-SJC,838,5.293556085918855,20.047732696897373
PHL-SRQ,2121,4.110690633869442,20.03771805752004
DEN-LIH,2316,4.8118209474141675,20.03454231433506
PHL-DEN,25032,2.623733023516686,20.03435602428891
SGF-ORD,13103,10.002526412494259,20.02594825612455
DEN-MSN,9084,4.708820286659316,20.02421840598855
COS-SEA,939,5.091782283884738,20.02129925452609
ORD-ATW,10784,6.991079724958186,20.02040059347181
MKE-IAH,6089,4.40505284015852,20.019707669568074
IAH-ORD,46433,5.769728749919079,20.01593694139944
BET-ANC,7752,4.2988772744870305,20.007739938080498
ACY-MCO,7688,6.044778067885117,20.005202913631635
MCO-STL,19946,5.7574053619841346,20.004010829238943
DAL-MAF,14710,4.840130727854565,20.0
CAE-ORD,3160,7.423615531508593,20.0
PSC-LAX,515,3.2485436893203885,20.0
AUS-JFK,19495,8.110395631568101,20.0
BOS-SLC,10411,2.133056734851409,19.99807895495149
MEM-DAL,5593,6.037833960910884,19.989272304666546
LAX-OAK,45946,4.304497366015064,19.98868236625604
IAG-FLL,1091,3.927188940092166,19.98166819431714
SFO-PSP,24215,6.537576560172157,19.979351641544497
BUF-DEN,2429,1.3054065208419314,19.96706463565253
SJU-JFK,32733,6.675468692562186,19.961506736321144
AZA-BLI,947,7.069915254237288,19.957761351636748
LAS-BUF,3745,4.069823434991974,19.94659546061415
DEN-BZN,17643,5.262050932241928,19.945587485121578
CMH-MIA,6493,6.357915893630179,19.944555675342677
PNS-LGA,707,9.357653791130186,19.943422913719942
DAL-BOS,1675,5.458408138839019,19.940298507462686
ACK-DCA,1675,5.47027027027027,19.940298507462686
IAD-OGS,1274,16.91779728651237,19.937205651491364
SFO-MRY,5708,8.061630568762107,19.936930623686056
SFO-RNO,13952,6.5549411088767595,19.93262614678899
ORD-DBQ,4360,4.344318967504033,19.931192660550458
STL-OMA,7993,5.383844708829055,19.929938696359315
PSE-JFK,2564,4.9523064894448785,19.929797191887673
CAK-RSW,738,5.53469387755102,19.91869918699187
AUS-MIA,10453,8.261274227595472,19.91772696833445
VPS-HOU,708,7.128895184135978,19.915254237288135
PHX-HOU,16711,4.704660100888782,19.915026030758185
FLL-BWI,40708,5.003988575930668,19.915004421735286
DTW-DFW,32052,4.449360341151386,19.914513914888307
ORD-FNT,11178,7.297382105074413,19.91411701556629
BNA-DFW,26786,9.600966038866215,19.913387590532366
CMH-LGA,21694,4.857903016842495,19.913340094035217
RNO-LAX,23812,6.185356422326833,19.910129346547958
SFO-CLE,4661,2.7269205939315686,19.909890581420296
LGA-CLE,27553,3.3039212123414616,19.907088157369436
BWI-MDW,20170,4.598776180289538,19.905800694100147
BOS-PHX,15840,0.3886102469684464,19.90530303030303
CLT-MOB,2316,5.798348544111256,19.905008635578582
CHS-DAL,2728,3.188512518409426,19.904692082111435
TYS-ORD,14731,8.206527664213683,19.903604643269297
DEN-RAP,10928,7.711113150408369,19.903001464128845
ISP-MCO,12361,5.915544377738114,19.90130248361783
ORD-JAN,1809,3.566666666666667,19.900497512437813
BOS-RIC,17698,6.450979282237066,19.894903378912872
ORD-PBI,7553,3.533899429481226,19.886137958427117
FLL-BNA,16220,5.715063071976255,19.876695437731197
CLT-CID,4609,7.434668989547038,19.874159253634193
BNA-JFK,11438,6.536146692402176,19.87235530687183
MIA-STT,9204,4.713911905800262,19.871794871794872
DFW-COU,7101,7.435372227715779,19.87044078298831
SLC-DAL,4469,4.288478847884789,19.870217050794363
ORD-IND,30352,5.990406171699855,19.870189773326306
SAV-MDW,1792,5.909497206703911,19.866071428571427
MDW-PIT,14071,4.8944037545331724,19.863549143628738
DEN-FSD,12878,6.229517133956386,19.863332815654605
CLT-LYH,2920,6.589893434169817,19.863013698630137
BHM-LGA,5387,7.2020183143337695,19.86263226285502
LGB-BOS,1883,0.5405117270788913,19.861922464152947
SAN-MCO,5775,4.796548117154812,19.86147186147186
FLL-MSY,14520,5.310380551143035,19.855371900826448
PVD-MCO,17661,4.0730416974799475,19.851650529415096
DEN-SAN,44878,3.753814534325224,19.849369401488477
IAH-CAK,650,3.884437596302003,19.846153846153847
PGD-SPI,776,4.75812743823147,19.84536082474227
EWR-SAT,4581,2.8163804491413473,19.842829076620824
SFO-SAN,65088,5.283674191711678,19.842367256637168
SFO-MCO,10762,4.151317018494303,19.838320014867126
PHX-OKC,12124,5.4994617868676,19.83668756186077
GEG-SFO,5314,6.423722421270979,19.834399698908545
FCA-SFO,842,7.821852731591449,19.83372921615202
DEN-SJC,25247,3.851665344964314,19.8320592545649
CHS-DFW,7922,9.349448039588884,19.830850795253724
CLT-SYR,9899,5.917450682852807,19.83028588746338
OAK-RNO,5512,4.88844476744186,19.829462989840348
PIE-LCK,1039,7.168918918918919,19.826756496631376
SAV-BWI,3542,4.882170104549307,19.81931112365895
MKE-MIA,550,6.7103825136612025,19.818181818181817
CLT-SHV,5016,5.739034648507911,19.816586921850078
RIC-BOS,17679,6.560539132404576,19.814469144182365
FAR-AZA,1908,4.8389296956977965,19.81132075471698
LWB-ORD,1666,12.065821256038648,19.807923169267706
DAL-AUS,29453,5.379513157000068,19.807829423148746
AZA-BZN,818,3.238970588235294,19.80440097799511
JFK-RDU,26194,3.7973096912259248,19.798427120714667
SFB-SBN,1081,7.2434701492537314,19.79648473635523
BDL-TPA,9494,4.272573482765912,19.791447229829366
ROC-MCO,3906,3.446676970633694,19.790066564260112
RDU-LAS,5377,2.0227230396721922,19.78798586572438
MDW-OKC,3957,2.738294102758795,19.787717968157693
DCA-BUF,5954,6.576328177538668,19.78501847497481
CVG-LAS,7703,4.89034859521332,19.784499545631572
SFO-SMF,13428,6.963258309733194,19.77956508787608
LGA-DFW,51095,1.1996886331388932,19.778843331050005
MCO-RDU,19472,7.814624363655063,19.777115858668857
CLT-VPS,9147,6.510750329091707,19.776976057723843
IAD-PHL,1785,8.977591036414566,19.77591036414566
LGA-ROC,7045,3.5273476346071884,19.772888573456353
PHL-SAT,1229,1.4099429502852485,19.772172497965826
IAH-JAX,8421,5.595379852345797,19.77199857499109
DCA-CHS,12872,5.397089720644308,19.771597265382223
AMA-DFW,15968,8.924138796511263,19.770791583166332
LGA-BTV,4790,2.857949790794979,19.77035490605428
SAV-CLE,592,11.14358108108108,19.763513513513516
LGA-DCA,45540,2.923207215134184,19.76284584980237
SDF-LAS,4160,4.515655105973025,19.759615384615383
OAK-DTW,562,5.181494661921708,19.750889679715304
HOU-DAL,50433,6.0183834489337595,19.748973886145976
BNA-SJC,1190,1.5378151260504203,19.747899159663866
MCO-MIA,30775,9.676494516580428,19.740048740861088
AUS-CVG,3531,7.920328891409129,19.739450580572075
MCI-BOS,6679,6.378937893789379,19.733493037879924
MSP-ORD,61260,6.630308675261859,19.732288605941886
STS-SFO,2372,10.752846900042176,19.73018549747049
HOU-DCA,9805,3.687960687960688,19.724630290668028
LAX-IND,7992,4.691622774015551,19.71971971971972
EWR-EGE,999,1.5816326530612246,19.71971971971972
SFO-JFK,68511,2.634186707284923,19.71946110843514
RDU-PHL,18563,7.38510890662066,19.71664062920864
MDW-MSP,31574,4.906935463420819,19.71558877557484
MDW-RSW,12739,3.7449992124744056,19.711123322081797
BUR-LAS,34449,5.61901580292819,19.710296380156173
RIC-IAH,3638,5.239424937793752,19.7086311159978
JLN-DFW,3968,8.913692736016198,19.70766129032258
CRW-CLT,8830,8.258031558633215,19.70554926387316
AUS-MCI,4659,6.240912024091203,19.703799098518996
MCO-SLC,15038,3.9992667644314093,19.70341800771379
SFO-ORD,57356,4.52517406668766,19.699769858428063
GRI-DFW,6361,9.741425636162479,19.69816066656186
MSY-SAT,3493,5.519770773638968,19.69653592900086
ORD-CMI,8586,4.315082885827691,19.69485208478919
GSP-DCA,5139,6.964963789391271,19.692547188168906
PHX-BNA,13702,4.224221149627029,19.690556123193694
PIB-DFW,1224,7.053453947368421,19.68954248366013
DCA-MCO,36335,5.969988393301277,19.689005091509564
CLT-PHX,27378,3.03481476057988,19.687340200160712
DAY-ORD,12999,6.2580272580272585,19.68612970228479
LGA-BNA,32548,1.686459199064241,19.684773257957477
PBI-PHL,12478,8.829976731124127,19.682641448950154
MEM-MCO,5660,6.327781715095677,19.68197879858657
LAX-PHX,67814,5.466010244903382,19.674403515498277
CLE-BDL,976,5.859053497942387,19.672131147540984
PWM-JFK,10899,6.564015429831007,19.671529498119096
CLT-ROC,9217,6.252553792653771,19.67017467722686
SFO-GEG,5314,5.589477654158023,19.665035754610464
SNA-DTW,1312,6.4156441717791415,19.664634146341463
LGA-GSP,6021,3.049068529607452,19.66450755688424
ATL-MCO,83647,7.3272964653179535,19.66239076117494
STL-IAH,9496,5.805470482627522,19.660909856781803
SFO-MFR,11843,5.540989159891599,19.657181457400995
DAL-PNS,2493,4.322476879774829,19.655034095467308
HSV-DCA,7144,6.636056338028169,19.652855543113102
PBI-ACY,2015,7.509190263288624,19.65260545905707
ORD-RSW,24364,4.173025476396263,19.651945493350844
CLT-CHA,7964,6.063655805761731,19.65092918131592
ORD-PIT,25703,6.148146706120542,19.647511963584016
SAN-DAL,12167,4.1021825396825395,19.643297443905645
MLI-CLT,728,10.792582417582418,19.642857142857142
ORF-IAH,3574,6.439065578384464,19.641857862339116
BOS-CHS,8091,3.792731332175639,19.6391051785935
DCA-VPS,2536,0.7861386138613862,19.63722397476341
CLT-MKE,8831,6.71803315920963,19.635375382176424
ELM-SFB,1095,9.520109689213895,19.63470319634703
PWM-ORD,7951,7.343528816986855,19.63275059740913
DEN-DCA,13717,3.788437614343213,19.6325727199825
RIC-FLL,6694,5.1442062659271475,19.629518972213923
JFK-PHX,23745,0.5692190669371197,19.629395662244683
MDW-DTW,21333,5.518294399099353,19.62686916983078
DCA-PWM,7755,6.777863977243341,19.626047711154094
TPA-MCI,5376,5.598209289311695,19.624255952380953
CVG-CLT,16902,8.317268362084297,19.618980002366584
STL-MCO,19922,5.418093894821681,19.616504367031425
LAX-CVG,5628,4.882363409859406,19.616204690831555
MDW-TUL,1820,4.155665566556656,19.615384615384617
AUS-SAN,13328,5.101632438125329,19.61284513805522
CID-PHX,1963,5.5339458907605925,19.612837493632195
HOU-PHX,16592,4.542964035722906,19.611861137897783
PHX-FSD,2754,5.750637058609392,19.607843137254903
MIA-CLT,29143,6.835052255225523,19.606766633496893
AVL-BOS,760,5.829365079365079,19.605263157894736
LGB-LAS,18477,6.073386048526863,19.602749364074253
ATL-ORD,64054,6.397114060348065,19.602210634776906
PHL-CHS,6933,4.681450447847443,19.60190393768931
PIA-LAS,801,6.615,19.600499375780274
DCA-BOS,79702,5.448060750596209,19.595493212215505
SLC-BOS,10412,3.839253056117047,19.59277756434883
SNA-DAL,3665,3.7775947281713345,19.590723055934518
IAH-DEN,45960,5.624416626684695,19.588772845953002
RSW-MCI,1603,5.379461490294302,19.588271990018715
MSO-DEN,8302,8.895830815709969,19.58564201397254
SYR-DEN,2027,2.723743155798905,19.585594474592995
JAX-DFW,14968,10.065205700457112,19.58177445216462
BWI-SMF,1282,1.9679437060203284,19.578783151326054
MDW-DCA,20682,3.835539393939394,19.577410308480804
DCA-MIA,30416,4.1967407798376986,19.575223566543926
IAH-RSW,6739,4.680696014277216,19.572636889746253
LAS-SNA,33237,4.764139011022104,19.5685531185125
CLT-EWN,6690,5.76012601260126,19.566517189835576
CLT-TUL,5024,4.728015952143569,19.566082802547772
TVC-LGA,736,10.433470507544582,19.565217391304348
SGF-DFW,19439,6.982819996904504,19.563763568084777
SYR-LGA,6523,5.3350737100737105,19.561551433389546
PIT-LGA,23072,5.13823823388814,19.560506241331485
DEN-SHV,1948,6.0819165378670785,19.55852156057495
STL-MSY,5798,4.275082023830081,19.558468437392204
CLT-PVD,14040,6.185269768769626,19.558404558404558
MSN-PHL,2306,5.581920903954802,19.55767562879445
STL-SAT,5134,2.7114971696271715,19.555901830931045
DFW-HSV,11951,7.412839423399262,19.554848966613672
LAS-MEM,2951,5.440217391304348,19.552694002033206
DEN-FAR,11283,7.303463587921847,19.551537711601526
STL-LAX,13217,3.7830074276186143,19.550578800030262
ABQ-AUS,4133,5.15863405182853,19.549963706750546
MDW-IND,2527,5.043547110055424,19.548872180451127
OAK-LAS,41345,6.421202952922667,19.54770830813883
PHX-LAX,67946,3.7480487733042738,19.54640449768934
MCI-FLL,4364,4.085497586761664,19.546287809349224
FLL-DAL,9031,3.8332777221666112,19.54379359982283
JAX-STL,1351,6.3281481481481485,19.541080680977053
SDF-ORD,15046,7.739396764098808,19.54007709690283
DCA-ECP,1602,1.8248587570621468,19.538077403245943
PGD-FWA,1341,4.2492492492492495,19.537658463832962
DEN-PSC,6956,5.691486291486291,19.537090281771132
DTW-SFO,14255,1.4586788475052705,19.537004559803577
SAN-MSY,2509,4.493792551061274,19.529693104822638
JFK-SAN,19665,-2.456806550665302,19.52707856598017
MIA-GRR,717,2.109550561797753,19.525801952580196
RST-ORD,9071,8.186788909753673,19.52375702789108
PHX-IND,13380,4.425415605810993,19.52167414050822
SFO-RDM,12018,6.76135225375626,19.520718921617576
DEN-MTJ,8755,4.421937550040032,19.520274129069104
BNA-RSW,2623,4.791984732824427,19.519634006862372
MSY-AUS,10945,5.5908424908424905,19.51576062128826
STL-LAS,16966,3.249247476834091,19.51550159141813
SJU-ORD,8681,4.050784427658338,19.51388088929847
IAH-SEA,20453,3.4825829209739845,19.51302987336821
DCA-MHT,6283,5.928446215139442,19.512971510424958
DCA-SJU,3367,5.208768267223382,19.512919512919513
SFO-SBP,10809,8.235736851886266,19.51151817929503
CLE-DFW,15054,5.7618316534276754,19.50976484655241
RDU-TTN,1343,6.7242152466367715,19.50856291883842
IAH-TPA,16963,5.1541777384115735,19.507162648116488
BWI-DAY,933,5.209452201933405,19.506966773847804
LAS-CLE,10197,3.523024054982818,19.505736981465134
BOS-SEA,21240,-0.6150356754713415,19.505649717514125
IAH-GRR,3307,4.863250454821103,19.50408224977321
CLT-FWA,2892,5.969444444444444,19.502074688796682
RAP-DEN,10900,7.582804597701149,19.495412844036696
STL-DEN,29203,5.3123583155870024,19.49457247543061
LAX-SAT,15369,5.525656908130665,19.493786192985883
MDW-COS,1729,2.939779965257672,19.491035280508964
JAC-DEN,10836,5.524824008892183,19.4905869324474
MDW-CMH,16157,4.198451053283767,19.49000433248747
PHX-ELP,21724,6.750161275458483,19.489965015650892
JAX-FLL,9400,7.6128104017904725,19.48936170212766
JAX-IAD,5076,8.735677597787436,19.483845547675337
MCI-LGA,14238,5.415157090291537,19.48307346537435
KTN-WRG,3588,3.9261971830985916,19.48160535117057
ORD-FCA,2233,3.3580746738641474,19.480519480519483
SAF-DFW,11751,8.735636114911081,19.479193260148072
GSP-ORD,10263,6.990515302630293,19.477735554905973
LGB-FLL,611,4.642504118616145,19.476268412438625
ATW-LAS,801,3.91625,19.475655430711612
LAX-MDW,16288,2.413986790938831,19.474459724950886
CLT-CHO,6542,6.165950920245399,19.474166921430754
FLL-TPA,16905,5.344190453630226,19.473528541851522
MSP-IAH,22215,3.589075782239103,19.473328831870358
ONT-HNL,1361,3.052980132450331,19.47097722263042
STL-FLL,7273,4.212718995723548,19.46926990237866
BWI-DEN,25307,1.9485888695100682,19.468921642233376
PHX-ONT,30661,5.86668842826832,19.46772773229836
DTW-DAL,1690,1.7444776119402985,19.467455621301774
MCO-ORF,5219,6.0040369088812,19.46733090630389
SFO-ONT,19058,6.1175635904982135,19.466890544653165
DEN-BFL,5574,5.47277628032345,19.465374955148906
DEN-CID,9443,5.865470375875982,19.464153341099227
DLH-ORD,8761,11.130772748056698,19.461248715900012
TTN-RSW,1521,2.065876152832675,19.46088099934254
TPA-GRR,1038,7.1294685990338165,19.460500963391137
DTW-JFK,12924,6.6231502285581465,19.45991952955741
ORD-MLI,11028,5.262077733381766,19.45955749002539
BMI-DFW,5124,7.727736367202825,19.457455113192818
JFK-SEA,27178,-0.5690939943927992,19.4569136801825
DCA-TUL,1059,3.1261859582542693,19.452313503305003
AGS-DFW,2262,7.386867790594499,19.45181255526083
SLC-MIA,2586,5.586754453911697,19.45088940448569
TPA-PVD,5717,6.097407147862649,19.450760888577925
OAK-MSY,1892,4.822281167108753,19.45031712473573
DRO-DEN,11775,8.354833219877468,19.447983014861997
ROA-ORD,3831,9.741952368489924,19.44661968154529
SMF-HNL,5124,4.010954616588419,19.437939110070257
CMH-ORD,29016,6.201076270309428,19.43755169561621
DFW-MSP,33156,6.872375139740762,19.435396308360477
CLT-MSY,18578,5.341690930658902,19.431585746581977
FOD-MCW,700,18.732758620689655,19.428571428571427
CLT-AVL,14211,7.322202612072008,19.421574836394342
BOS-MIA,28452,1.8177164242338653,19.415155349360326
SFO-OMA,2153,3.8684332868433287,19.414770088248957
SLC-HNL,3611,5.7329261521377015,19.412905012461923
EWR-TVC,510,2.314229249011858,19.411764705882355
MEM-LAX,3704,6.83495670995671,19.41144708423326
IND-RDU,1257,7.735623003194888,19.411296738265712
MEM-LGA,7961,6.182335821839808,19.407109659590503
SEA-SAT,4272,1.6387066541705717,19.405430711610485
TPA-CAK,866,6.571263035921205,19.399538106235568
RDU-SFO,5707,2.6890179514255546,19.39723147012441
OKC-DFW,26088,8.214688615172097,19.395890831033423
TPA-MKE,6017,6.033466533466534,19.39504736579691
MGM-DFW,7013,7.801606656146895,19.392556680450593
ROC-LGA,7060,5.285329171396141,19.390934844192635
SAN-EWR,13492,3.63776464427321,19.389267714201008
SEA-FAI,17537,1.090203242749486,19.3875805439927
OGG-PDX,7067,0.5574142330592572,19.38587802462148
MIA-ATL,60975,7.240103850009038,19.3849938499385
LGA-STL,27852,0.8377406008274869,19.384604337210973
RAP-ORD,4583,7.973655323819978,19.37595461488108
SFO-SBA,16388,6.3617828935284395,19.36783011959971
SLC-MCO,15026,4.236457150490949,19.366431518700917
ORD-SRQ,5521,3.025040827436037,19.362434341604782
JFK-DCA,17452,2.5033587873916288,19.3616777446711
LAX-JFK,106182,2.8658798181869725,19.36109698442297
RIC-MSP,3130,6.8355242064764345,19.361022364217252
CMH-AUS,1095,2.031107044830741,19.360730593607308
IAD-PBI,1173,5.216609589041096,19.352088661551576
DFW-LIT,19709,6.42011684023368,19.346491450606322
BOS-BNA,19552,2.386484823625923,19.34328968903437
CLT-JAX,22396,6.87082066869301,19.342739774959814
BTV-LGA,4788,5.2212685786058195,19.34001670843776
LAX-MCI,13915,3.575305975521958,19.33884297520661
LAX-PBI,605,0.8112582781456954,19.33884297520661
CID-ORD,18792,8.154112507990625,19.338016177096637
ATL-FLL,76325,6.145480318681175,19.337045528987883
DAL-PIT,2834,4.8866925520649485,19.336626676076218
BUF-PHX,2291,-0.7074025405168638,19.336534264513315
SEA-CMH,2095,-0.28304597701149425,19.331742243436754
SAN-BNA,5411,3.293387664382293,19.330992422842357
CLT-BUF,10885,6.175804967801288,19.329352319706018
LAS-MSO,745,5.083106267029973,19.328859060402685
ORD-IAD,17115,6.50178477383112,19.328074788197487
CLE-MIA,5604,2.9901274457009515,19.325481798715202
LAS-PHL,17052,4.118733819722288,19.32324653999531
CVG-MKE,1325,11.810136157337368,19.32075471698113
ALB-LAS,880,-1.0876993166287017,19.318181818181817
PHL-SLC,5161,2.6359751359751358,19.317961635341987
MCO-IAH,31408,6.634348853547934,19.3167345899134
BDL-RSW,4302,3.2108082925692987,19.316596931659692
CVG-PHX,3013,4.677740863787376,19.31629605044806
DAY-DCA,6989,6.508192009198045,19.316068107025323
DEN-DRO,11816,5.607758254817078,19.312796208530806
DFW-AGS,2263,7.393979637007526,19.310649580203272
DEN-JAC,10668,7.4851774924471295,19.310086239220098
DEN-SAF,1564,7.630868167202572,19.30946291560102
IAD-MIA,5653,4.674942365667672,19.29948699805413
BTV-DCA,6509,7.082293111419325,19.296358887693962
IND-AUS,3638,3.6734806629834256,19.29631665750412
CLT-SAV,18196,6.279480548065812,19.289953836007914
EWR-PIT,15107,4.138161818302299,19.28907129145429
MOB-CLT,2302,8.930131004366812,19.287576020851432
PGD-BLV,1141,6.9726872246696034,19.281332164767747
PHX-BWI,13355,2.650815115318158,19.28116810183452
CLT-BDL,18092,5.546551533266911,19.27923944284767
BGR-DCA,5172,6.125072829675665,19.276875483372002
CLT-PHF,4119,6.090333576820063,19.27652342801651
DEN-XNA,6024,5.20958881305144,19.272908366533866
RDU-IND,1152,5.3939130434782605,19.270833333333336
BOS-SAN,11111,-3.477845509962697,19.26919269192692
SEA-OGG,14945,0.38520064637759227,19.263967882234862
AUS-SFO,19952,6.357103427510413,19.2612269446672
SHV-DEN,1921,5.808677469942499,19.26080166579906
MSO-SEA,3053,6.510994420741713,19.259744513593187
MIA-CMH,6501,3.6892454868075912,19.25857560375327
HOU-TUL,8071,4.379776674937966,19.25411968777103
STL-HOU,12655,2.8324611481129085,19.249308573686292
LAX-FCA,1091,3.2912442396313364,19.24839596700275
PHL-RDU,18646,5.2302486707127125,19.248096106403516
RNO-ORD,3398,7.864256075874333,19.246615656268393
PHX-HNL,10981,3.543761467889908,19.242327656861853
COS-PHX,5644,5.641362185172047,19.241672572643516
BOS-ACK,1658,4.981807155852032,19.240048250904703
MCO-ORH,2365,8.392106392106392,19.23890063424947
BZN-ORD,6347,6.643740095087163,19.23743500866551
ORD-DTW,50653,6.797048189200403,19.23676781237044
LAS-RFD,707,3.914772727272727,19.236209335219236
CPR-DEN,7741,6.152005174644243,19.235240924945096
RIC-DFW,8563,8.37968291250734,19.233913348125657
CAK-ORD,8158,8.795085995085994,19.23265506251532
CVG-DCA,11082,5.081085972850679,19.229380978162787
IAD-BOS,16340,7.064670218629432,19.22888616891065
BOS-PDX,5305,-1.4276777251184833,19.227144203581528
BNA-TPA,15760,5.445179343678453,19.225888324873097
SEA-MIA,4640,5.116666666666666,19.224137931034484
SCE-ORD,5140,6.3005859375,19.221789883268485
BRW-ANC,3762,2.8612071257644245,19.218500797448165
STL-TUL,5733,3.8514056224899598,19.204604918890634
MIA-JAX,11479,6.734101020675216,19.200278769927696
STL-MCI,10589,4.81327408527938,19.199168948909247
DEN-COD,3339,8.863732928679818,19.197364480383346
ROC-TPA,1891,3.7302177376526817,19.196192490745638
MYR-PHL,5397,5.946557802931898,19.1958495460441
RDU-FLL,11634,5.004568965517241,19.193742478941033
JFK-LAX,106157,-1.3492887550617796,19.18761833887544
DFW-SHV,19076,7.4355448246903215,19.186412245753825
STL-AUS,7167,3.8145713886169768,19.1851541788754
SJC-DAL,6521,2.7623533045089563,19.18417420641006
ORD-MSO,1272,4.07171000788022,19.18238993710692
IAH-LAX,45601,4.720453946790763,19.18159689480494
ATL-LAS,45332,3.1917950531597445,19.18071119738816
SFO-BOI,15928,5.738364779874214,19.18006027122049
PHX-LAS,56255,5.682143238339203,19.176962047817973
DFW-XNA,21662,5.703929727230698,19.176438002031208
DEN-IAD,31195,4.451282545186041,19.176150024042315
DEN-KOA,2597,3.3861347792408987,19.175972275702733
KOA-SAN,2425,0.17162944582299422,19.175257731958766
DEN-BIL,12111,6.083098824697898,19.1726529601189
COU-ORD,5680,9.522927689594356,19.172535211267604
DFW-DRO,8424,6.178358387019804,19.171415004748336
BFL-DFW,3276,8.850384024577574,19.169719169719173
HOU-MDW,19564,3.88437259430331,19.16785933346964
DCA-PBI,11749,2.683569115391171,19.167588730955824
PDX-JFK,9272,2.886880277116259,19.16522864538395
PGD-MDT,835,4.938775510204081,19.16167664670659
TPA-DFW,25883,8.363650479406855,19.159293744929105
STL-DCA,17271,4.769203971433548,19.159284349487578
MSP-LGA,22987,2.246520178587061,19.15865489189542
RDU-MIA,14918,7.071735915019497,19.15806408365733
SFB-SGF,1060,8.762085308056871,19.150943396226417
JFK-CHS,15122,2.482187789696729,19.15090596481947
MBS-ORD,7499,7.48237650200267,19.149219895986132
PHX-LBB,2794,8.739317773788152,19.148174659985685
BUF-FLL,5651,3.583082106756517,19.147053618828526
CLT-MEM,16201,5.684854476920225,19.14696623665206
SBN-ORD,13058,6.707991724772048,19.1453515086537
SFO-SAT,3202,1.9671052631578947,19.14428482198626
ILM-LGA,7502,6.976579229122056,19.14156225006665
JFK-SLC,19633,-1.743820224719101,19.141241786787553
HOU-SAN,7591,2.952324352879028,19.14108813068107
PIT-SEA,2419,-0.9417114510128152,19.140140553947912
SAN-OAK,34115,4.088894101090653,19.135277737065806
ABE-ORD,5369,8.459697026369927,19.128329297820823
FLL-STL,7126,3.832044975404076,19.127140050519227
TPA-LAS,9125,3.1303249890206413,19.123287671232877
GEG-DFW,3708,12.656987788331072,19.12081984897519
PIT-EWR,15327,1.7513877097890682,19.116591635675604
TPA-PHL,24405,7.324511734777614,19.106740422044663
DCA-RSW,8266,3.3753947048821957,19.102346963464793
JAX-DCA,11716,7.201748371614673,19.10208262205531
SFB-RFD,890,5.967194570135747,19.101123595505616
LAS-FSD,1487,4.561616161616161,19.09885675857431
GSP-DFW,7065,8.009389671361502,19.094125973106866
COU-DEN,749,10.226969292389853,19.092122830440587
BNA-OAK,2682,2.3726221559119733,19.09023117076808
DEN-MRY,2421,2.834097540641934,19.083023543990087
PHL-MYR,5429,5.243362831858407,19.082703997052864
SFO-EUG,12432,5.202869347948739,19.07979407979408
MCO-LAX,28404,4.226547610644455,19.07829883115054
ELM-ORD,781,7.014120667522465,19.078104993597954
JFK-SAV,11459,2.710250131187686,19.076708264246445
LIT-LAS,2774,2.9689530685920578,19.06993511175198
RDU-MCO,19429,7.262443905710012,19.06943229193474
ATL-MIA,60987,6.7079148516479,19.067998097955304
IAD-SFO,28981,1.7710501746256786,19.067665021910905
TVC-ORD,15445,6.026124724491119,19.06765943671091
EWR-CMH,12399,2.7061818181818182,19.066053714009193
ATL-IAH,43355,4.886565507031828,19.063545150501675
MDW-STL,20535,4.186510063843267,19.060141222303383
FWA-ORD,16439,7.758356164383562,19.058336881805463
BHM-MCO,6690,7.574085182963407,19.05829596412556
FLL-LBE,2157,5.377033937703394,19.054242002781642
FLL-MDW,12763,3.59933879093199,19.047245945310664
RDU-LAX,7482,3.0884007500669703,19.04570970328789
MRY-SFO,5718,6.521427322022039,19.045120671563485
SAN-MCI,5235,3.9501820272082773,19.04489016236867
MCO-IAD,16195,6.704624134520277,19.04291447977771
IAH-DTW,24760,6.679665062092957,19.04281098546042
DCA-OMA,4443,1.1390265885534023,19.041188386225524
MTJ-DEN,8739,3.3370400091711567,19.04108021512759
CLE-PHL,6528,6.48872872258856,19.041053921568626
MCI-TPA,5315,5.433044134288948,19.040451552210726
SFB-SWF,541,7.521256931608133,19.038817005545287
PHX-OAK,25401,4.393539491825881,19.038620526750915
SAT-HOU,15711,3.301696644980227,19.037616956272675
PHL-IAH,18088,2.4005667611268544,19.034719150818223
OAK-DEN,16666,4.132955982417053,19.03276131045242
SLC-CLE,578,4.213171577123051,19.031141868512112
MSP-BOS,21555,2.2408396414805183,19.030387381118068
IAD-PBG,2102,23.124282982791588,19.029495718363464
ALB-ORD,12549,5.344888178913738,19.029404733444895
LAS-DFW,48946,8.10130008612558,19.02913414783639
EWR-ILM,904,0.5172031076581576,19.02654867256637
BNA-DAL,16283,4.111988159842131,19.02597801387951
PIE-DAY,652,5.4569230769230765,19.018404907975462
STL-DSM,5532,4.08254887762491,19.016630513376718
ATL-HPN,17378,6.548804549675023,19.01254459661641
BWI-SDF,9668,3.8480173931048762,19.011170872983037
RSW-PHL,13308,7.282114921780987,19.01112113014728
BOS-ACY,505,10.233663366336634,19.00990099009901
MCO-CLT,40097,7.551740498426809,19.008903409232612
RAP-DFW,6534,8.734442390634626,19.00826446280992
SPI-DFW,4772,6.578171091445427,19.006705783738475
MSY-TPA,11397,5.539293248945148,19.005001316135825
PBI-DFW,8824,6.756999772365126,19.004986400725294
DCA-AVL,1447,3.614315496872828,19.00483759502419
SDF-VPS,642,5.310344827586207,19.003115264797508
ABE-SFB,3610,8.608164398778117,19.002770083102494
HRL-AUS,3821,4.265461215932914,19.000261711593826
OKC-ORD,15043,7.430933333333333,18.9988699062687
PHL-ROC,1337,5.036649214659686,18.997756170531037
IAH-SGF,2174,9.006925207756233,18.997240110395584
MIA-MSP,10209,5.091713358891183,18.993045352140268
BUF-MCO,14728,4.274521816077871,18.991037479630634
IAH-MSY,29625,5.666103184799513,18.99071729957806
IAH-LAS,33097,5.068544118091896,18.989636522947702
IAH-PHL,18063,5.029630451670181,18.989093727509275
SNA-LAS,33184,5.645345155161495,18.985053037608484
DFW-GNV,2955,3.2532203389830507,18.98477157360406
EWR-ALB,2044,1.8379833578071463,18.98238747553816
DTW-ORD,50456,6.225850610058526,18.980894244490248
SEA-PHL,9673,0.8597510373443984,18.98066783831283
LAX-HDN,822,2.957920792079208,18.97810218978102
PIE-SDF,822,7.35,18.97810218978102
MLI-DFW,5807,5.548158395296559,18.97709660754262
STL-DFW,23155,8.077252847183129,18.97646296696178
IAD-MCO,16177,4.991268268516225,18.971379118501577
IAH-AUS,23400,6.940638097681978,18.970085470085472
DEN-SGU,6832,5.625440658049354,18.969555035128806
DTW-SRQ,854,2.3722025912838633,18.969555035128806
BWI-STL,12057,3.1147364051473643,18.96823422078461
ORD-SAV,8611,4.4916676378044516,18.964115666008592
SFB-FSD,654,3.0688073394495414,18.960244648318042
LGA-PIT,22962,1.6879850030517045,18.957407891298665
MIA-GNV,3297,5.4904167934286585,18.956627236882014
DFW-CRP,16835,5.851258853639664,18.954558954558955
CLT-RDU,28697,5.670957164783033,18.949715998187962
MDW-MCI,22808,3.749868259265765,18.94949140652403
PIE-BLV,1103,4.806187443130118,18.948322756119673
OAK-SAN,33945,4.9630656675910085,18.948298718515243
IAH-MKE,6101,5.136042112189505,18.94771348959187
DSM-LAS,4555,4.47462096242584,18.946212952799122
PHL-GSO,2011,4.761075161772026,18.94579811039284
TPA-IND,10140,4.976604146100691,18.944773175542405
LGA-DEN,38243,0.5827790193243065,18.944643464163377
DEN-MSP,55260,4.220315953476575,18.941368078175895
SAN-JFK,19651,3.1027256891074906,18.940511933234948
DEN-BIS,9300,5.833800690250215,18.935483870967744
DEN-MAF,9184,4.616535605067715,18.935104529616726
MLI-LAS,713,1.9535864978902953,18.93408134642356
IAH-SAT,22754,6.355901632132331,18.932934868594533
RSW-MKE,5018,4.652425633859053,18.931845356715822
PVD-ORD,9191,6.028637009509236,18.93156348601893
SLC-ORD,30011,6.928595317725753,18.929725767218684
PHX-OGG,6054,1.5034047500415213,18.929633300297326
PHL-JAX,9657,3.0916347050896653,18.929274101687895
CLT-SDF,14523,6.706174200661522,18.92859602010604
SFO-TUS,8786,5.977990648876725,18.927839745048942
SFO-MSY,4079,2.224545007378259,18.926207403775436
BNA-CLT,27582,4.79480010167399,18.92538612138351
MSY-HOU,25336,4.7306840648477655,18.921692453425955
ORD-CLT,42947,4.832423351532969,18.920995645795983
CVG-FLL,6004,5.685800100116803,18.920719520319786
TLH-DFW,7088,7.345526726215795,18.919300225733636
AUS-ABQ,4144,5.283091787439614,18.91891891891892
BNA-MYR,2442,3.9324324324324325,18.91891891891892
MEM-DEN,9578,4.451156946916553,18.918354562539154
EWR-ATL,56253,4.657089931068878,18.914546779727303
PHX-BUF,2284,4.646282446106468,18.914185639229423
BOS-ORD,63104,4.008672035069329,18.91322261663286
BNA-SAN,5441,1.8117625368731562,18.911964712369052
SDF-BOS,1597,5.211816467630421,18.910457107075768
RSW-DEN,6421,5.131969389348742,18.90671235010123
FCA-LAX,1090,6.636866359447005,18.89908256880734
ILM-DCA,3270,6.796568627450981,18.89908256880734
DEN-CLT,27348,4.024956939201818,18.897177124469795
PHX-CMH,9864,3.8861235270215357,18.896999188969993
MIA-GSP,2292,2.103538663171691,18.891797556719023
STL-SAN,5172,1.362613922823347,18.890177880897138
PHL-OMA,1223,2.232977850697293,18.887980376124286
CLT-PWM,6640,5.745693563009973,18.8855421686747
CLT-DAB,9330,5.290745114880824,18.885316184351556
JFK-STT,4485,2.4266219239373603,18.885172798216278
PHX-RDU,3872,3.328497409326425,18.879132231404956
CMH-IAH,8772,2.225510438173893,18.87824897400821
SFO-ABQ,5329,5.185233890663159,18.877838243572903
ORD-PAH,5208,4.463367485018365,18.874807987711215
PHL-MSY,8567,1.65480093676815,18.87475195517684
IAH-GSP,4769,6.4895002099958,18.87188089746278
DEN-CPR,7763,6.633690184444731,18.871570269225817
KOA-ANC,636,-1.803486529318542,18.867924528301888
BHM-ORD,9675,7.595040464826727,18.863049095607234
IAD-SYR,1914,6.400313971742543,18.861024033437825
OGG-SAN,6198,2.11417450535193,18.860922878347854
LAX-HNL,53212,3.05078749788307,18.860407426896188
MSP-LEX,965,9.22037422037422,18.860103626943005
IAD-LWB,806,8.62360248447205,18.858560794044664
DFW-MTJ,4264,3.7529384109073813,18.855534709193243
ATL-FSD,3039,4.549752066115702,18.85488647581441
MIA-SAV,3819,5.811662726556343,18.853102906520032
DEN-ATL,56142,4.375524562938624,18.852196216736132
GRR-ORD,24514,6.163000448924621,18.850452802480216
MSP-DFW,33140,4.192613257323064,18.85033192516596
SFO-FCA,849,3.9150943396226414,18.84570082449941
FLL-IAH,21048,4.426237317200972,18.842645381984035
LGA-CMH,21703,1.2717626977902847,18.840713265447175
AZA-SGF,1035,5.4893203883495145,18.84057971014493
RDU-AUS,5844,2.676576731397147,18.83983572895277
ATL-BOS,51237,4.207798550469827,18.834045709155493
SFO-PHX,44441,5.090089684077697,18.83395963187147
DFW-CHA,7869,5.879791162613014,18.833396873808617
MLI-PIE,600,7.968280467445743,18.833333333333332
PHX-SAT,20530,4.804080437329168,18.830979055041404
SFB-OMA,632,4.522292993630574,18.829113924050635
DCA-RDU,13995,4.952288984263233,18.8281529117542
SFO-SLC,34544,5.59047839819188,18.82526632700324
BWI-ECP,1174,4.217391304347826,18.82453151618399
PHX-MDW,25637,3.2244722102542007,18.824355423801535
DEN-PRC,2460,6.2026143790849675,18.821138211382113
BOS-MEM,1270,-0.4144996059889677,18.818897637795278
AZA-ICT,728,6.350756533700138,18.818681318681318
MCO-ALB,9275,5.277225583405358,18.81401617250674
CLT-ALB,9982,5.7250276076699125,18.813864956922462
DCA-SRQ,2647,1.3376278893520273,18.81375141669815
PIE-USA,1749,5.304073436603557,18.810748999428245
RSW-DFW,11552,8.525752566556465,18.810595567867036
MDT-ORD,10894,6.226477628429387,18.808518450523223
LAX-ABQ,15988,4.479521543086173,18.80785589191894
ATL-DFW,63022,6.213140872446866,18.807717939767066
DEN-TVC,686,5.285087719298246,18.80466472303207
FLL-ATL,76291,5.8458670307740785,18.803004286219867
BWI-BNA,18474,3.1252236135957068,18.799393742557108
SEA-ANC,68549,0.599702185433364,18.798231921691052
CMX-ORD,6716,11.725984486873509,18.790946992257297
LGA-SDF,9575,0.260696725598912,18.788511749347258
BNA-PNS,7324,4.546301369863014,18.78754778809394
DFW-YUM,2406,6.528553563984993,18.78636741479634
PBI-DTW,3343,7.027002700270027,18.785521986239903
EWR-HNL,2891,1.3521028849496002,18.7824282255275
MCW-FOD,671,6.485029940119761,18.7779433681073
OKC-LAX,3861,5.698807672369103,18.77751877751878
BWI-ORD,26019,4.454499922946525,18.770898189784386
IAH-PSP,3038,4.445914654316904,18.762343647136273
OAK-DAL,6524,4.228210655990145,18.761496014714897
LAX-TUS,24096,5.758488840862807,18.758300132802123
DAL-OMA,3616,4.351134477033757,18.75
IAH-TUS,8459,4.980082987551867,18.749261141978955
LGA-IAH,32380,1.129799471475206,18.74922791846819
BNA-LAS,13882,2.184813960196135,18.74369687364933
SFB-IAG,667,6.681818181818182,18.74062968515742
DVL-DEN,2802,10.46764917325665,18.73661670235546
MTJ-PHX,902,5.942350332594235,18.736141906873613
DEN-DTW,29362,3.9842076540009552,18.73509978884272
DFW-FLG,3304,4.570252971654983,18.734866828087167
DFW-SAF,11781,6.78402594077993,18.733554027671676
PHL-MCI,5787,2.7614345114345116,18.731639882495248
AUS-CMH,1100,4.828623518687329,18.72727272727273
ORD-EVV,6142,2.858867678250938,18.723542819928362
AVL-LGA,2804,7.943287867910984,18.723252496433666
BUR-BNA,1159,1.8735930735930737,18.723037100949096
RSW-ORD,24346,4.653232785263938,18.721761274952765
CHA-DFW,7879,5.563321004973855,18.72064982865846
CLT-CHS,19973,5.17227206656308,18.72027236769639
EWR-DTW,24922,5.2757028112449795,18.71840141240671
DEN-PAE,1186,4.905772495755518,18.718381112984822
DFW-SGU,1106,6.423774954627949,18.71609403254973
BOS-DAL,1678,-0.3741741741741742,18.71275327771156
ABQ-DAL,15597,5.055365994978433,18.70872603705841
SFO-OGG,18195,1.914005725611099,18.708436383621873
STT-IAH,1021,2.2524850894632205,18.707149853085212
DFW-ATL,63052,6.3917832167832165,18.70678170399036
FWA-DFW,6244,6.192555591363197,18.705957719410634
RSW-LBE,524,3.8339694656488548,18.702290076335878
GRR-IAH,3267,3.316599938404681,18.702173247627794
SJC-LAX,51517,2.7334498494999515,18.700623095288936
SEA-KOA,10278,-2.275912838633687,18.700136213271065
BDL-DCA,13402,4.594378410704941,18.698701686315474
FLL-IAG,1075,5.150046598322461,18.697674418604652
AUS-PDX,3439,2.638086905803441,18.6972957255016
MSY-LAX,18382,3.0086061332316576,18.69219889021869
PHL-BTV,4478,4.791368515205725,18.69138008039303
SAT-SEA,4259,-0.6055973659454374,18.68983329420052
SWF-DTW,2071,11.552758954501453,18.686624818928056
STL-TPA,8998,4.816701973464155,18.68192931762614
ABQ-LAS,14137,4.957088231128735,18.681474145858388
ILM-EWR,910,4.421806167400881,18.681318681318682
IND-MIA,5760,5.039400278940028,18.680555555555557
PHX-CVG,3014,2.165835825855766,18.679495686794954
MDW-ABQ,5440,1.6567905778432095,18.676470588235293
DFW-EVV,5681,5.674123656861018,18.676289385671538
ATW-ORD,10770,6.794871794871795,18.672237697307335
MYR-DCA,2378,3.1950189953566905,18.671152228763667
SAV-IAD,2437,7.771381578947368,18.670496512105046
MEM-IAH,11050,4.119825708061002,18.66968325791855
SJC-LAS,32343,4.990253712871287,18.665553597378103
FSD-PHX,2749,4.572730586948596,18.661331393233905
DCA-PVD,15214,5.593891923912328,18.660444327593005
IAH-SMF,5852,3.9616700889801506,18.660287081339714
TPA-DEN,23744,3.788303895884391,18.65734501347709
JLN-DEC,536,13.031954887218046,18.65671641791045
CLT-RSW,17753,5.239286319236633,18.65600180251225
SEA-DFW,38478,6.004831801086502,18.654815738863768
BOS-IAH,15596,1.438945808363941,18.65221851756861
BNA-VPS,3249,2.486244204018547,18.65189289012004
HPN-ATL,17345,7.412706671291478,18.65090804266359
HNL-SAN,9829,1.4872240392477514,18.648896123715534
BZN-DEN,17626,3.727815699658703,18.648587314194938
SAV-LCK,799,12.62531328320802,18.64831038798498
PHX-MSY,5444,3.0737599114881062,18.644379132990448
SEA-COS,944,7.851495726495727,18.64406779661017
MCI-RSW,1593,5.764965343415249,18.64406779661017
EWR-CLT,36806,4.279898772755721,18.64369939683747
ORD-CWA,7676,4.91140729125833,18.64252214695154
BHM-DEN,6770,4.7176138893010835,18.6410635155096
DFW-OAK,1690,5.036137440758294,18.639053254437872
CLT-GSO,15989,5.40658446516868,18.637813496779035
CLT-STL,17317,4.774540409295873,18.634867471271004
HOU-DEN,22460,2.8496720360537235,18.633125556544968
ORD-LAN,7316,4.989059080962801,18.63039912520503
CNY-DEN,2904,11.491695501730105,18.62947658402204
FSD-DEN,12754,4.91722348871944,18.629449584444096
LAS-LBB,3592,3.7231843575418995,18.624721603563472
MIA-PIT,5117,5.139949109414759,18.624193863591948
FAR-DEN,11083,7.852640159405851,18.623116484706305
STL-ECP,2374,3.9103972950126797,18.618365627632688
ELP-LAS,8911,5.919653893695921,18.617439120188532
MSY-MIA,12247,7.217073970805314,18.616804115293544
BUR-HOU,1171,3.2152658662092626,18.616567036720753
STL-ICT,5501,3.462056414922657,18.614797309580077
CLT-CMI,693,9.200290275761974,18.614718614718615
CLT-MDW,6819,4.320876857437105,18.609766827980643
TPA-CLE,7728,5.21410057024365,18.607660455486545
PHL-GRR,1623,4.63501849568434,18.60751694393099
AUS-SJC,10497,3.060152526215443,18.605315804515577
MDW-TUS,3301,1.0418816388467376,18.600424113904875
DFW-FCA,1086,3.316420664206642,18.60036832412523
TPA-MDW,16798,5.280045419231459,18.59745207762829
SFO-PDX,42457,4.180969885479994,18.595284640930824
MSY-PHL,8535,6.892529950669486,18.59402460456942
CLE-RSW,8369,3.4434865900383143,18.59242442346756
BOS-DEN,28739,0.010851360781577111,18.591461080761334
IAH-BWI,9932,3.280556676079064,18.586387434554975
HNL-LGB,3530,0.730221969265794,18.58356940509915
DCA-ILM,3283,2.627061698228467,18.5805665549802
SHD-ORD,1141,11.769366197183098,18.58019281332165
DTW-CAK,2336,8.877411058722675,18.57876712328767
LGA-ROA,2573,-0.6796875,18.577535950252624
SEA-BNA,8658,1.101887229362047,18.572418572418574
ROC-ORD,15603,5.7982022471910115,18.56694225469461
CLT-MYR,17526,5.473218364550023,18.566700901517745
SFO-RDD,9076,6.5332229580573955,18.565447333627148
IAH-CVG,9642,5.641803448992312,18.56461315079859
IAH-CHS,5791,4.646916146916147,18.56328786047315
ELP-DFW,23220,9.129777585834592,18.561584840654607
HOU-MSY,25404,4.193456838785968,18.56006928042828
PHL-DSM,1202,0.1916317991631799,18.55241264559068
CVG-SFO,2776,2.2025270758122746,18.551873198847264
IAH-MDW,2496,5.003615910004018,18.54967948717949
CLT-DSM,6065,4.7748760330578515,18.549051937345425
CLT-GSP,18190,6.670920191408613,18.548653106102254
PIE-GSO,685,4.192700729927007,18.54014598540146
CLT-CMH,15216,5.616234705959742,18.53312302839117
IAH-RDU,8160,4.3487601276700225,18.529411764705884
MIA-TYS,2148,0.9756895745675549,18.528864059590315
PHX-CLE,6590,3.426182149916375,18.528072837632777
STL-RSW,7271,4.892059553349876,18.525649841837435
MDW-DSM,880,5.134396355353076,18.522727272727273
IAH-ATL,43849,6.026165447897624,18.52265730119273
CID-DCA,837,6.386091127098322,18.51851851851852
PUB-LBL,729,7.259310344827586,18.51851851851852
TPA-SFO,3349,3.039532794249775,18.512988951925948
PHX-MRY,9151,7.234548859755426,18.51163807234182
LGA-ATL,77061,1.2521291396325527,18.511309222563945
HOU-BWI,11972,3.2570519795764628,18.509856331440027
DFW-CMI,5046,4.037103530819868,18.509710661910425
CMH-DAL,3620,2.578684429641965,18.50828729281768
ATL-FSM,3691,4.738444806960304,18.504470333243024
CLT-FAY,8799,4.639116575591985,18.502102511649053
LAS-MOT,946,3.167372881355932,18.49894291754757
GRK-DFW,17159,6.188079547442701,18.497581444140103
DCA-LEX,1525,2.9342969776609724,18.491803278688522
CLT-SJU,7647,3.76270964360587,18.490911468549758
MFE-DFW,18772,9.123225531006511,18.490304709141274
BOS-BWI,42245,3.951413741615908,18.489762102023906
BNA-IAH,18855,4.512765957446809,18.488464598249802
SFO-PHL,17006,-0.1155684030440682,18.487592614371398
DTW-HPN,5978,7.768335862417805,18.484442957510876
PGD-SDF,882,8.54835039817975,18.480725623582767
IAD-ROC,1553,6.480670103092783,18.480360592401805
DCA-JAX,11748,3.878880928010918,18.47974123255022
ORD-EAU,5260,5.137344794651385,18.479087452471482
RIC-DEN,5141,1.9758918071344571,18.478895156584322
HYS-SLN,2051,12.14892578125,18.478790833739637
OMA-DEN,26421,4.62314720042458,18.477726051247114
IAD-IAH,14874,3.3286321614144003,18.475191609519968
DCA-EYW,2517,-0.7591328783621035,18.474374255065555
OAK-PSP,2674,3.4721286943509164,18.474195961106957
IAH-IAD,15373,4.398554028528626,18.47394783061211
MGM-DCA,1651,8.83698296836983,18.47365233192005
PIT-SFO,3346,2.819244604316547,18.469814704124328
SMF-LAS,35863,5.115207501883844,18.464712935337253
TPA-PHX,9976,3.852015683120539,18.464314354450682
MEM-ORD,14845,5.923435284585781,18.46412933647693
DCA-SYR,5947,4.488552188552188,18.463090633933074
BNA-CLE,7962,4.371748146286289,18.462697814619442
MSY-RDU,1089,5.650092081031308,18.457300275482094
STL-CLE,5429,3.67041682036149,18.45643764965924
MKE-JFK,2005,6.229114557278639,18.453865336658353
LAX-BNA,20126,2.7475960340790193,18.448772731789724
SJU-STX,1469,7.069434989788972,18.447923757658273
JAX-DAL,786,3.3649167733674776,18.447837150127228
ORF-DFW,7764,9.331948591457873,18.444100978876868
DEN-SUN,2592,4.200327734535026,18.441358024691358
PHX-AUS,25001,3.776066730830927,18.43926242950282
ORH-JFK,2869,4.996161898115841,18.438480306727083
GRR-MIA,716,0.7240896358543417,18.435754189944134
HOU-MCI,7914,3.842211818296849,18.435683598685873
BOS-PHL,49996,3.3044078789334614,18.431474517961437
BWI-GRR,3967,3.2453306410903586,18.4270229392488
FNT-ORD,11185,6.852412064799069,18.426464014304873
SAN-RNO,7073,3.740268931351734,18.4221688109713
ABQ-MCO,532,4.763257575757576,18.421052631578945
SDF-MCO,6113,5.854190585533869,18.419761164730904
DFW-LEX,7254,7.003870611003594,18.41742486903777
LGA-BGR,6212,1.0417270823264058,18.415969092079845
PHX-MKE,14229,2.6850183047029006,18.4131000070279
VPS-DAL,1456,3.396671289875173,18.40659340659341
DEN-GUC,2951,8.917602996254681,18.400542189088444
SEA-OAK,29609,2.8242033050589708,18.399810868317065
OKC-AUS,1924,4.893639207507821,18.3991683991684
CVG-BOS,10236,4.77364401801449,18.395857756936305
MYR-CMH,511,4.250980392156863,18.395303326810176
BUF-BOS,11973,3.957284961966062,18.39138060636432
HOU-SJC,2007,2.3423019431988044,18.385650224215247
MCO-SEA,11842,-0.7548878544223445,18.383718966390813
DEN-LNK,4766,7.235022072734917,18.380193033990768
SEA-MCO,11872,0.2452798238929811,18.379380053908356
TPA-BHM,4886,4.870564102564103,18.379042161277116
PWM-DCA,7732,6.952350038950922,18.3781686497672
PIT-BOS,19306,3.5430216275089466,18.377706412514243
RDU-DFW,17553,7.611687195645946,18.37292770466587
VPS-BLV,2052,7.4493392070484585,18.37231968810916
IAG-MYR,773,7.226390685640363,18.36998706338939
SYR-ORD,15646,5.123501890662052,18.368912182027355
MCI-LAX,13828,2.209105385060799,18.368527625108474
BUF-JFK,25611,5.49165461439237,18.367107883331382
MCO-DTW,34194,6.127104007493926,18.365795168743055
HOU-BNA,14125,3.9957473952796088,18.364601769911502
SLC-DEN,70615,4.467792760823279,18.36437017630815
FLL-DEN,16571,2.4088926581051613,18.363405950153883
SEA-JAC,986,5.7373319544984485,18.356997971602436
IND-DAL,4489,2.5737301409711346,18.35598128759189
ORD-PNS,3345,3.255702280912365,18.355754857997013
BHM-IAH,11181,4.885775862068965,18.352562382613364
CLT-CLE,17018,5.209666039510818,18.351157597837584
MSN-ORD,23260,6.55160249516025,18.34909716251075
IND-DFW,16252,6.127142238445833,18.348510952498152
ATL-TPA,66139,5.9678953266499075,18.34318631972059
SMF-LAX,46624,3.894327961027534,18.34248455730954
LAS-MFE,2203,4.810022779043281,18.338629142078982
DEN-XWA,4270,9.244922059518187,18.337236533957846
DCA-MSY,14152,1.3933508187424684,18.33663086489542
BOS-DFW,31159,0.4763381464612204,18.33499149523412
LGA-MVY,1380,2.588961510530138,18.333333333333332
AZA-BIS,1402,2.9806173725771714,18.33095577746077
SNA-STS,2024,4.517582961862308,18.3300395256917
GPT-DFW,8140,9.110329507589782,18.32923832923833
HNL-SJC,9193,1.1313637850212581,18.329163493962795
PIE-MEM,622,8.471819645732689,18.327974276527332
MSY-CLE,693,10.153400868306802,18.326118326118326
BNA-JAX,9015,4.4542425588627275,18.32501386577926
XNA-ORD,15935,5.796779671677464,18.324443049890178
LAS-ORD,46521,3.4963565022421523,18.322907934051287
SBP-LAX,8967,6.195380495425129,18.32273893163823
SLC-DFW,34616,6.988189547604539,18.321007626531085
IAD-PWM,3090,7.6690460739779365,18.31715210355987
CLT-JAN,6498,3.491339313331271,18.313327177593106
SEA-FLL,5810,0.8070722828913156,18.313253012048193
SAN-ABQ,5587,4.41820462282745,18.310363343475927
STL-RDU,4982,4.223472668810289,18.305901244480125
ATL-DEN,56065,3.1183534675615214,18.30375457058771
IAD-MCI,2754,7.874909090909091,18.30065359477124
ORF-ORD,12721,5.735430959703494,18.30044807798129
GSO-DCA,4940,5.064758424685343,18.299595141700404
BWI-JFK,7728,3.0926165803108807,18.297101449275363
DEN-SGF,5374,4.08490389998134,18.2917752139933
CLT-BTV,4932,3.999186164801628,18.288726682887265
BUR-ABQ,1028,3.826341463414634,18.28793774319066
TPA-BNA,15707,5.107616738964022,18.284841153625774
STL-SEA,7509,-0.27754067751400374,18.28472499667066
LAX-DFW,65030,6.033492822966507,18.283868983546057
PDX-HNL,7089,1.4662420382165604,18.28184511214558
EWR-MYR,6548,2.8699770817417876,18.28039095907147
TUL-DFW,26476,6.768151565572531,18.276930049856475
PGD-ALB,766,3.343342036553525,18.27676240208877
STX-CLT,684,2.465288035450517,18.27485380116959
IAH-BNA,18308,5.902795251900881,18.265239239676646
SFO-MIA,12910,4.377663711308135,18.264910921766074
HOU-PIT,2628,4.792539017891131,18.2648401826484
BGR-LGA,6199,3.0485987364328526,18.261009840296822
MCI-MCO,13426,4.328122662677637,18.25562341725011
DEN-BTV,619,3.7738287560581583,18.25525040387722
CLT-HSV,8383,4.773226653928828,18.25122271263271
RDU-MCI,861,4.832558139534884,18.234610917537747
ATL-ONT,4306,1.3939888164026095,18.230376219228983
BUF-ORD,17378,6.334543777739351,18.229945908620092
LGA-IND,16462,0.6499027000729749,18.22986271412951
LAS-PIA,801,3.632040050062578,18.22721598002497
EVV-ORD,6126,5.1194371727748695,18.21743388834476
MSP-JFK,12239,1.7815009011961331,18.212272244464415
BOS-PIT,19329,3.6038439620784333,18.21097832272751
HOU-LAS,16518,3.435953420669578,18.210437098922387
SRQ-BNA,2905,3.6967184801381694,18.209982788296042
PHL-PHX,23324,0.45891206192216727,18.208712056251073
COS-ORD,10095,8.710838568152358,18.207033184744922
VPS-BWI,1236,3.605839416058394,18.203883495145632
BUR-DFW,3730,5.9894480519480515,18.203753351206434
MYR-LGA,8482,2.7047743158393556,18.2032539495402
PIA-ORD,11746,6.14540185800733,18.20194108632726
SJC-AUS,10550,3.6472824021284684,18.19905213270142
DTW-OAK,566,1.984070796460177,18.19787985865724
BHM-DCA,5177,6.913625776397516,18.195866331852425
MSY-DCA,14262,4.882704756543766,18.195204038704247
EWR-STT,2556,-0.275578204625637,18.192488262910796
SRQ-MSP,863,3.0603248259860787,18.192352259559673
PIE-LEX,1105,3.9954586739327884,18.190045248868778
PHX-SAN,49886,4.602131117933899,18.187467425730667
COS-DEN,29230,6.053862484591152,18.186794389326035
IAH-JAC,847,3.0178997613365155,18.181818181818183
LGA-BUF,9752,1.2895871842267406,18.180885972108285
BOS-MCI,6658,0.5026391192881918,18.173625713427455
IAH-OAK,1029,3.862706913339825,18.172983479105927
HNL-ANC,2900,-4.107846526097477,18.17241379310345
FAT-LAX,14293,5.872294220665499,18.169733435947666
IAH-PNS,10683,7.228394482499765,18.169053636618926
RNO-LAS,33697,3.8707971961506473,18.16778941745556
LIH-SAN,2422,1.7547797173732336,18.166804293971925
SAV-DCA,4465,7.893219193512052,18.163493840985442
TPA-ORD,28081,4.565147510536467,18.16174637655354
MCO-BHM,6685,5.044554455445544,18.160059835452504
ROC-DCA,4989,5.72637716123844,18.15995189416717
ORD-SNA,21069,0.2762969332186873,18.15938108120936
IND-MCO,18316,5.01757555847569,18.153526970954356
ORD-MYR,3581,4.781442146450531,18.151354370287628
LAX-ATL,56621,2.937784548884834,18.1505095282669
ORF-DEN,3218,2.7373013399813027,18.14791796146675
COS-IAH,7424,7.336357481381178,18.14385775862069
EGE-DEN,6664,3.998344370860927,18.142256902761105
BNA-ECP,8456,4.344112769485903,18.14096499526963
BNA-PHL,19200,4.898425278965481,18.140625
DCA-TPA,21365,3.471394377434646,18.13714018254154
PHL-PIT,13393,3.9993275050437123,18.13633987904129
MCI-DFW,23592,6.853652318021502,18.13326551373347
PIT-MCO,18224,3.881909685935867,18.12993854258121
MTJ-ORD,1390,7.708906589427951,18.1294964028777
STL-PHL,13448,4.4355956194591375,18.12908982748364
SFO-AUS,19985,3.070112923462986,18.1285964473355
ILM-DFW,3194,5.542730999684642,18.12773951158422
GRB-ORD,17521,7.315699268738574,18.126819245476856
MIA-SLC,2582,3.2493214424195425,18.12548412083656
IAD-BNA,6312,7.558464223385689,18.124207858048162
STL-BWI,12117,3.5207868418877593,18.123297846001485
PBI-IAD,1170,6.660393498716852,18.11965811965812
LAX-ANC,3880,-2.3491858361333677,18.118556701030926
DAL-ATL,32549,5.176677139160969,18.117300070662694
HNL-SEA,20666,0.5343607637879229,18.116713442369107
DFW-JLN,3980,6.312294875031558,18.115577889447238
LBE-FLL,2153,2.6223255813953488,18.114259173246634
PHL-BGR,3296,4.349756690997567,18.1128640776699
SNA-HOU,2457,4.088042588042588,18.111518111518112
DFW-SNA,28551,3.174073553195978,18.111449686525866
MCO-CAK,2402,5.10884070058382,18.10990840965862
PHL-MEM,3595,0.40902758428531627,18.108484005563284
IAH-OKC,14452,7.025874028856825,18.108220315527262
OAK-PDX,20003,3.361712770746836,18.107283907413887
SDF-LGA,9600,4.139537318119962,18.104166666666664
SLC-IAH,22222,4.590890605937373,18.103681036810368
DTW-SWF,2077,5.873246250604741,18.103033220991815
STS-SAN,3088,4.919935170178282,18.102331606217618
CMH-OAK,1359,-0.9529065489330389,18.101545253863137
JAX-MIA,11462,6.849112684675234,18.094573372884312
PHL-ILM,1039,3.019267822736031,18.09432146294514
KOA-PDX,2211,0.07887579329102448,18.091361374943464
MYR-FLL,4190,5.340100310484834,18.09069212410501
CRW-ATL,12422,6.887956763733161,18.08887457736274
HOU-STL,12624,3.7014274385408408,18.084600760456272
ESC-MSP,1117,8.265232974910393,18.084153983885408
MDW-ICT,835,1.8119760479041915,18.08383233532934
CLT-ECP,5642,5.039985782832771,18.078695498050337
ORD-CHS,11406,3.116381203337725,18.07820445379625
PHX-BUR,27754,4.292157571376943,18.076673632629532
ANC-SFO,1383,6.169442433019551,18.076644974692694
CLT-RAP,946,3.454931071049841,18.07610993657505
SJU-CLT,7640,5.537592008412198,18.07591623036649
MSN-LGA,3840,5.445259298061813,18.072916666666668
ORD-ERI,2335,5.191727703576045,18.072805139186297
JFK-MSP,12270,2.6795783280215737,18.06845965770171
JFK-DTW,12931,2.764500890575389,18.06511484030624
MKE-CVG,1323,10.525,18.065003779289494
LAX-RDU,7479,3.613301153124162,18.063912287739004
PHX-LIH,3532,2.14911781445646,18.063420158550397
ORD-BMI,5326,3.8928168484392627,18.062335711603456
ORF-PHL,7231,5.480409802021321,18.061125708753973
AUS-DFW,40815,10.488461632783187,18.057086855322797
PHX-PAE,1883,3.864633493846977,18.05629314922995
CLT-ILM,19622,4.543728951933871,18.056263377841198
MIA-PNS,6768,3.0119964454976302,18.055555555555554
DCA-DFW,29719,3.136254440872949,18.05242437497897
TYS-LGA,5745,2.8442579968536967,18.050478677110533
BOS-SAV,4842,2.0798180314309347,18.05039239983478
CLT-SLC,7885,2.142530487804878,18.04692454026633
SAT-TPA,3404,4.3023255813953485,18.037602820211514
LIT-IAH,10973,4.667519415258108,18.035177253258
CLE-BOS,17267,4.04676530316217,18.034400880291887
LAS-PDX,31160,3.4257963010531722,18.029525032092426
DFW-DAY,10346,5.384704743465634,18.026290353759908
DSM-DEN,16604,4.7401037895244995,18.0257769212238
BNA-RDU,14291,5.60271860986547,18.025330627667763
MIA-XNA,749,1.0013477088948788,18.024032042723633
BPT-DFW,7075,7.3015310462149134,18.021201413427562
FLL-MKE,2109,2.0156546489563567,18.01801801801802
FSM-DFW,10740,6.369348373263727,18.01675977653631
CLT-SBN,5512,4.771875568491905,18.015239477503627
LGB-HOU,2126,4.132039753904401,18.015051740357478
SAT-EWR,4531,5.12145390070922,18.00926947693666
PHL-MDW,16173,3.0982375574035,18.00531750448278
PHX-KOA,3499,-0.6625538020086084,18.005144326950557
ABQ-PHX,27678,5.292947558770344,18.003468458703665
LAS-SEA,61377,2.2921062501019125,18.00185737328315
ORD-MKG,5094,3.8191845578097303,18.00157047506871
CLT-MDT,9333,4.971667739858339,18.00064288010286
GRR-PHX,950,11.243414120126449,18.0
IAH-DCA,19936,2.4429665457476823,17.997592295345104
BNA-IAD,6612,7.00530062092988,17.997580157289775
MSY-DEN,19164,3.006280420788193,17.997286579002296
LAW-DFW,10752,7.21356783919598,17.996651785714285
SFO-CVG,2773,-0.05312612938200217,17.994951316263975
PHX-LGB,10159,5.26035094637224,17.993897037109953
LEX-ORD,12679,5.034913112164297,17.990377790046534
JFK-BWI,7700,1.7286902286902286,17.98701298701299
SFB-FWA,962,4.012539184952978,17.983367983367984
LAX-MCO,28389,2.423482382906467,17.982317094649336
LAX-BOS,43927,0.05066611917145725,17.973000660186216
PIT-LAX,3689,-1.3993488876831253,17.972350230414747
PHX-STL,19876,3.0584232281479986,17.971422821493256
PHX-DEN,78251,4.045089680070669,17.970377375369004
IAH-EGE,1113,2.099361896080219,17.969451931716083
EWR-BZN,1425,-0.24841213832039521,17.964912280701753
SEA-BZN,5072,3.421384888538173,17.96135646687697
CHS-MSP,618,6.271544715447154,17.96116504854369
BWI-SFO,4538,0.552777163089179,17.959453503746143
MHT-DCA,6287,5.211501597444089,17.957690472403375
LGA-BWI,1047,5.117478510028653,17.95606494746896
DEN-SNA,34735,1.6589715472961275,17.955952209586872
PGD-PVD,841,4.871121718377088,17.954815695600477
DTW-MIA,14472,1.9288039337904288,17.95190713101161
DCA-CVG,11041,4.036332336685693,17.95127252966217
IAD-PHX,4713,0.5472139515099957,17.950350095480587
MSY-SEA,4496,-0.05504791620236238,17.949288256227756
CAK-MCO,2396,3.607202680067002,17.946577629382304
BHM-MDW,5752,4.510998603351955,17.941585535465926
BDL-BNA,1338,1.524024024024024,17.937219730941703
TPA-STL,9010,4.312444444444444,17.93562708102109
TYS-CLT,13858,7.063714512750127,17.931880502236975
SDF-HOU,1450,-0.5505540166204986,17.93103448275862
SFO-RDU,5722,1.598142306344199,17.930793428871024
MSO-DFW,2973,4.280731459532679,17.928018836192397
AZA-GRI,781,6.666666666666667,17.92573623559539
SEA-RDD,993,3.972809667673716,17.92547834843907
OMA-DFW,12848,5.964042835925897,17.924968866749687
SEA-LAX,80204,2.1139592610610087,17.923046232108124
MHT-ORD,4051,6.673449131513648,17.921500863984203
PHX-SMF,33346,4.162111074439677,17.92118994781983
LBE-MCO,3393,2.5450250959551224,17.919245505452402
LGA-CVG,15671,0.027859424920127794,17.918448088826494
MCI-OAK,3557,0.5462728551336147,17.908349732921
SFO-IAD,27948,1.6793575679357569,17.901102046658078
HNL-GUM,3627,1.192,17.893575958092086
CLT-BNA,27710,4.633558550420927,17.88884879105016
HPN-DTW,5965,9.904162470627728,17.887678122380553
CRP-DFW,16804,6.996182750805201,17.882646988812187
PAE-LAS,1303,5.305384615384615,17.88181120491174
STX-ATL,1029,0.36656891495601174,17.881438289601554
BGM-LGA,632,10.74960380348653,17.87974683544304
LGB-RNO,3820,2.919287211740042,17.87958115183246
OAK-AUS,3479,3.160322952710496,17.878700776085083
BNA-AUS,14711,2.7795409657426955,17.87777853307049
PIT-PHL,13485,2.4730201143026793,17.871709306637005
IAH-GUC,694,2.499270072992701,17.86743515850144
FAT-DFW,9582,9.230130361648444,17.86683364642037
BOS-CVG,10213,3.6354187095508923,17.85959071771272
DTW-BOS,29928,3.5516722408026755,17.859529537556803
DEN-ISN,3242,3.724938118811881,17.85934608266502
SBA-DFW,4295,6.967082059722549,17.857974388824214
OAK-MCI,3568,3.0025273799494525,17.853139013452914
MSN-SFO,689,-0.5080763582966226,17.851959361393323
SEA-DEN,62201,2.8841135964134237,17.85180302567483
CMH-FLL,6512,2.8802588996763756,17.843980343980345
STS-SEA,2696,3.8933481976960236,17.841246290801188
CLT-MCI,12814,2.5672843850183753,17.839862650226316
STL-ORD,23917,7.629032933004143,17.83668520299369
CMH-LAX,4760,1.4148958552493163,17.83613445378151
SLN-HYS,2103,11.737373737373737,17.83166904422254
AVL-CLT,14194,3.987381036305957,17.831478089333523
HPN-CLT,8115,5.482553823311061,17.83117683302526
STS-SNA,2019,5.854806739345887,17.830609212481427
ABQ-MCI,2424,3.8167149358709143,17.82178217821782
SAT-ELP,6745,3.985459940652819,17.82060785767235
CDV-ANC,3513,0.4678246013667426,17.819527469399375
PSP-ORD,4890,4.089641025641026,17.811860940695297
MSP-LAX,27707,0.45863439306358383,17.811383404915727
ROC-IAD,1516,7.446499339498018,17.810026385224276
LSE-ORD,7221,6.68312300651782,17.809167705303974
LAX-SMF,46561,2.978808003954693,17.798157256072678
DFW-MSO,2978,1.7099494097807757,17.797179314976493
FLL-SLC,4456,0.515976597659766,17.796229802513466
CMH-SRQ,635,1.8546603475513428,17.79527559055118
SFO-IAH,30883,2.6205786736020804,17.79296052844607
SAT-MSY,3464,4.706206496519721,17.782909930715935
SFO-PAE,1856,4.197297297297298,17.780172413793103
ATL-PHL,59501,4.309718880907118,17.77785247306768
ABQ-SFO,5350,4.205368875539703,17.77570093457944
BOS-DCA,79886,2.7503857105226848,17.775329845029166
IAH-ABQ,8574,4.876856508010759,17.774667599720082
MSY-MDW,9774,3.3740371777754956,17.771639042357272
PHX-MCI,20776,3.5400019301293186,17.770504428186367
CLT-CAE,9460,4.533481434465249,17.76955602536998
DEC-JLN,529,25.180265654648956,17.76937618147448
SEA-MCI,8875,2.05681689822659,17.76901408450704
CMH-DFW,14752,5.7462087725263515,17.767082429501084
FAR-DFW,5252,3.12203519510329,17.764661081492765
SEA-MSO,3068,3.7009498853586638,17.76401564537158
LGA-DTW,38507,1.4619762969123609,17.76300412911938
BWI-BHM,3468,2.137085137085137,17.762399077277973
JFK-IND,8853,0.7221028829847371,17.756692646560488
DFW-GRK,17196,5.045316868592731,17.754128867178416
DCA-DEN,13682,0.9457950789570326,17.753252448472445
STL-MIA,7573,6.146848516949152,17.74726000264096
DEN-SLN,1589,5.436708860759493,17.747010698552547
DEN-MOT,6435,8.12293033427054,17.746697746697745
ATL-SJU,14658,4.5272901154450444,17.74457634056488
MCO-ATL,83798,5.494885277246654,17.743860235327812
OGG-SJC,8246,2.4062234107207976,17.741935483870968
BFL-SFO,4848,3.1518595041322315,17.73927392739274
RSW-GRR,1308,4.6602907421576125,17.737003058103976
DEN-GTF,5469,4.7408765816981475,17.736332053391845
CLT-GNV,7127,3.8695163104611923,17.735372527009964
SAT-DFW,37460,7.872028663868018,17.730912973838763
BZN-SEA,5065,1.7711177052423344,17.729516288252714
DTW-BHM,4101,4.336839530332681,17.72738356498415
SLC-LAS,38170,4.382860439502806,17.725962798008908
SEA-JNU,13830,1.6778860133759814,17.72234273318872
MCI-IND,4204,4.579285714285715,17.721217887725977
SFB-MLI,649,6.7027863777089784,17.719568567026194
IAH-SLC,21791,5.157447004184485,17.71373502822266
LGA-ACK,1959,2.4100978876867596,17.713118938233794
GRR-LGA,5465,3.6774489983458922,17.712717291857274
SEA-LAS,61406,3.0938366215555195,17.711624271243853
IAD-ORD,17097,3.6680531958521296,17.71070948119553
ORD-BGR,2231,2.407357559443697,17.705064993276558
LAX-PHL,23039,1.2268278891740245,17.704761491384176
ATL-EWN,3423,4.376470588235295,17.703768624014025
DSM-ORD,21311,6.2233447676331,17.699779456618646
PBI-IAH,2277,4.495158450704225,17.698726394378568
CWA-ORD,7657,5.766714640847835,17.696225675852162
CLT-MHT,7301,3.7173256452498626,17.696205999178193
SMX-SFO,1006,6.651093439363817,17.693836978131213
GTF-SEA,1430,4.817927170868347,17.692307692307693
DTW-ERI,3437,5.554128975780566,17.68984579575211
PIA-AZA,1114,2.8330341113105924,17.684021543985637
MHT-MCO,7029,0.7163454675231977,17.683881064162755
LGA-BDL,1295,1.928957528957529,17.683397683397683
BIS-DEN,9512,5.761140443505808,17.682926829268293
AZA-MSO,854,2.306603773584906,17.681498829039814
SEA-PIT,2398,-1.590643274853801,17.6814011676397
IAH-SAV,4034,4.1745283018867925,17.67476450173525
OKC-LAS,7706,2.6617723492723493,17.674539320010382
IND-SEA,3593,-2.173259052924791,17.67325354856666
MIA-CHS,5919,3.9531144211239,17.67190403784423
XWA-MSP,2671,11.184713375796179,17.671284163234745
SAN-KOA,2434,-1.7621218400331538,17.666392769104355
LAS-GTF,719,7.645746164574616,17.663421418636997
CHS-PHL,6936,6.478198094138031,17.66147635524798
ILM-PHL,1025,2.865686274509804,17.65853658536585
GSO-PHL,2000,4.550928248871049,17.65
MKE-LAX,2153,0.09678920428106096,17.649790989317232
PHX-GEG,9723,3.323623262995368,17.648873804381363
SAN-PHX,49805,4.570891848994434,17.648830438710974
BOS-EYW,833,-6.307785888077859,17.647058823529413
DSM-IAH,5730,5.057648501839846,17.643979057591622
CMI-DFW,5039,2.837093232182072,17.642389362968842
IAD-BTV,3373,5.25668449197861,17.64008301215535
MKE-RSW,5040,1.72927847346452,17.63888888888889
DTW-MCO,34187,3.4869223551489563,17.63828355807763
CLT-MLB,7019,3.2580599144079887,17.637840148169253
DTW-LAX,24856,0.05525329464393665,17.637592532990023
FLL-HOU,9364,1.612463799206264,17.631354122170013
TPA-PIT,8797,5.068168885854103,17.631010571785836
TYR-DFW,10465,4.545497992735615,17.630195891065455
MSP-ALB,1163,5.348576358930112,17.6268271711092
BOS-CLE,17338,2.749494716174857,17.626023762833086
MIA-TLH,7756,3.2233574754267975,17.6250644662197
IAH-MEM,11135,5.128237410071942,17.620116748989673
PHX-BOI,13014,4.458035233479499,17.619486706623636
MLI-DEN,2889,6.400208623087622,17.618553132571822
CHS-IAH,5756,4.762951334379906,17.61640027797081
IAH-PDX,7573,2.691635786130228,17.61521193714512
PHX-ABQ,27633,5.010217021122423,17.612998950530162
ICT-MDW,829,2.1316425120772946,17.61158021712907
CLT-IND,17388,4.963894967177243,17.609845870715436
SLC-AUS,11149,3.2421298794747258,17.606960265494664
MCO-MHT,6986,3.7069113851448234,17.60664185513885
ACY-FLL,7060,2.8917613636363635,17.606232294617563
ABQ-DFW,21669,8.498102203295685,17.605796298860124
SBA-LAS,3590,3.1332589908001114,17.604456824512535
BDL-DFW,5476,1.8808518450523224,17.60409057706355
BNA-LAX,20195,0.6446461340078361,17.60336717009161
SMF-BOI,4977,3.9901408450704223,17.600964436407473
ACY-PBI,2017,1.3808341608738828,17.60039662865642
BOS-STL,10219,0.5123456790123457,17.594676582835895
JNU-PSG,3592,3.58668165214948,17.59465478841871
DEN-GJT,9941,5.343576826196474,17.593803440297755
MDW-BNA,20387,2.7817949599646314,17.58964045715407
BUF-TPA,6470,3.3037209302325583,17.58887171561051
SLC-LAX,50623,3.157837495797987,17.588843016020387
LAX-SGU,904,6.1,17.588495575221238
STL-PIT,3059,5.000327439423707,17.58744687806473
MSN-CLT,5720,8.720021037868163,17.587412587412587
BUF-LGA,9702,4.599111202976436,17.584003298289012
LAS-SHV,745,3.6940700808625335,17.583892617449663
CMH-MCO,16246,4.071591680552984,17.579711929090237
LEX-DFW,7247,5.36791799418202,17.57968814681937
PHX-OMA,14054,2.4986811149925146,17.57506759641383
ORD-SJU,8695,1.9427978318533041,17.573317998849912
HOU-LGB,2151,1.4205868653935725,17.573221757322173
ATL-MLI,8320,4.73144578313253,17.572115384615383
HHH-CLT,6602,3.9729934759520558,17.57043320205998
DCA-STL,17286,2.7048838421875905,17.569131088742335
MCI-DEN,34427,4.172625633261515,17.564702123333433
DFW-SGF,19473,4.742458560691857,17.562779232783853
SFB-PBG,1116,2.4126696832579184,17.562724014336915
SFB-CID,951,2.5553213909378294,17.560462670872763
ELP-ORD,6048,6.203691386764217,17.559523809523807
SEA-STS,2711,1.625974025974026,17.558096643305056
LAX-AUS,35538,3.594966708046496,17.55585570375373
DEN-EGE,6671,6.804991730566832,17.553590166391846
AUS-LAX,35469,4.2355264642816834,17.553356452113114
MCI-SFO,4868,3.734832851836566,17.543138866064094
BOS-HOU,4344,-3.1830171217029153,17.5414364640884
IAH-MCI,11249,5.699625868519508,17.53933682994044
DEN-HLN,3877,4.01656314699793,17.539334537013154
DCA-CLE,13885,4.935967695413902,17.536910334893772
PDX-EWR,7027,2.9094944866103396,17.53237512451971
MTJ-ATL,502,4.842,17.52988047808765
RSW-STL,7308,4.5199233191838974,17.52873563218391
DAL-ICT,833,5.069963811821472,17.52701080432173
DCA-PIT,8532,3.3603614175076273,17.522269104547586
LIT-DEN,8042,5.129141142642831,17.520517284257647
CLT-STX,685,-0.013215859030837005,17.51824817518248
OAK-HOU,6325,2.153260352213232,17.517786561264824
CVG-MCO,13124,4.506990602796241,17.517525144772936
IND-RSW,8632,3.284766670545793,17.516218721037998
PGD-PIA,1119,6.665470852017937,17.515638963360143
SJU-MIA,24030,6.182758908453643,17.51560549313358
RIC-PHL,611,2.1898527004909982,17.51227495908347
ROW-DFW,7195,8.57457178665924,17.512161223071576
PIA-ATL,4951,7.630872483221476,17.51161381539083
BNA-CMH,6556,3.9441391941391943,17.510677242220865
BUF-DFW,2553,4.657458563535911,17.508813160987074
DFW-FAR,5266,2.916365021908935,17.508545385491832
ANC-DEN,4832,5.510170195101702,17.508278145695364
PHL-CLT,32641,3.564254379237353,17.50252749609387
SAT-SAN,5452,2.725032186867758,17.498165810711665
PHX-PDX,30546,3.8735745182854897,17.49492568585085
SFB-PIA,646,1.3674418604651162,17.492260061919502
SFB-ORF,646,6.2046511627906975,17.492260061919502
EUG-OAK,2567,6.432969602494154,17.49123490455785
BOI-ATL,1613,2.100311526479751,17.48295102293862
RSW-CVG,6338,2.9973156481920102,17.48185547491322
IAH-CLT,27372,5.940849194729136,17.481367821131084
PHL-STL,13444,1.1924623864144197,17.479916691460875
BOS-MKE,6974,2.835823039356507,17.47920848867221
DTW-IAD,14446,6.6893587521663775,17.47888688910425
LAN-ORD,7329,4.941007783695207,17.478510028653297
RSW-IND,8645,4.077627157919129,17.47831116252169
DTW-AUS,10030,0.3297308115680977,17.477567298105683
MCI-DAL,19980,3.297381514801226,17.47747747747748
ORD-TOL,4177,3.6887131560028754,17.476657888436677
DFW-FSM,10758,5.886049981350243,17.475367168618703
ORD-FOD,1425,5.698591549295775,17.473684210526315
MKE-MCO,14280,2.920098383696416,17.471988795518207
IAH-SJU,6892,1.330911204766749,17.46952988972722
OAK-ONT,19246,3.4824251247920133,17.46856489660189
LGA-ORH,916,1.2153005464480875,17.46724890829694
SEA-RNO,5491,1.966429483670863,17.46494263340011
LAX-SBA,9242,6.35445094217024,17.46375243453798
SEA-KTN,13279,2.7804415446475987,17.46366443256269
ORF-JFK,9792,2.5942132706267254,17.463235294117645
SRQ-STL,1151,5.122715404699739,17.463075586446568
XNA-DEN,5945,6.207432432432433,17.46005046257359
MCI-AUS,4685,2.916381522668948,17.459978655282818
JFK-ORF,9834,2.476049735018345,17.459833231645312
CLT-IAD,18904,5.1707885399565745,17.456622936944562
RSW-CAK,739,2.5121951219512195,17.456021650879567
IAH-MFE,13618,4.992643272272494,17.45483918343369
SAT-JFK,3870,6.581907724209435,17.441860465116278
RDU-TPA,11079,3.987883172077041,17.43839696723531
CLT-ABE,6985,5.255994256999282,17.437365783822475
ORD-AZO,7292,3.201264778663734,17.430060340098738
SEA-DCA,6972,-1.591622282999856,17.42685025817556
ABI-DFW,15204,5.304628349463427,17.423046566692975
ATL-RST,2359,3.076267575628462,17.422636710470538
PHX-RNO,19710,4.306526272953864,17.422628107559614
STT-BOS,706,-7.264797507788162,17.422096317280452
LAX-TPA,7154,0.8789325842696629,17.416829745596868
LFT-CLT,1832,10.99343544857768,17.412663755458517
EWR-AVL,3205,0.7976227713481389,17.410296411856475
TUL-LAX,2091,4.022999520843316,17.407938785270204
PRC-DEN,2459,10.219502243982047,17.405449369662467
BTV-JFK,12008,4.878679229550571,17.405063291139243
LAX-COS,4610,3.7002392864911897,17.39696312364425
BOS-ATL,51193,2.2713049267643144,17.39300294962202
MHK-ORD,4140,5.977713178294573,17.391304347826086
ORD-ALO,4152,1.8622104247104247,17.38921001926782
IAH-MSP,22049,4.441390277146751,17.3885436981269
GJT-DEN,9915,6.588122411877588,17.387796268280383
LAS-SLC,38108,4.109216989309449,17.387425212553794
OMA-LGA,5740,4.780077165906699,17.386759581881535
BWI-CLT,32301,3.1751030656210286,17.380266864802948
PHL-PWM,5794,4.314942926323072,17.380048325854332
OMA-LAX,2687,1.8055141579731744,17.379977670264235
TYS-DEN,4719,3.826808510638298,17.376562831108284
MCI-LGB,587,2.8228279386712094,17.37649063032368
BWI-MEM,2849,1.4220505617977528,17.374517374517374
PHL-ORD,43167,2.2746240252506498,17.372066624968145
SFB-BMI,806,5.206724782067248,17.3697270471464
SAT-LAS,16132,3.282105393830302,17.369204066451776
LAX-DEN,70404,2.4511990202779677,17.364070223282766
TPA-CVG,6222,5.027331189710611,17.357762777242044
IAH-CMH,8845,3.3897075493085467,17.354437535330693
JFK-ITH,1389,5.426714801444043,17.350611951043916
IAD-PVD,1591,6.593455003146633,17.347580138277813
SYR-JFK,12752,1.3143642072213502,17.346298619824342
LGA-CLT,47116,0.38978185993111364,17.344426521776043
SFO-SNA,37787,3.069807518956466,17.341942996268557
CVG-AUS,3512,2.294201656669523,17.340546697038725
IDA-PHX,1021,8.336935166994106,17.33594515181195
GSO-DFW,6057,3.800897457204587,17.33531451213472
STT-CLT,3917,6.386782517114271,17.334694919581313
BUR-AUS,1431,3.63515406162465,17.330538085255064
ROC-BOS,1760,4.752847380410023,17.329545454545457
PHX-LIT,1864,3.926304464766003,17.328326180257513
BWI-IAH,9938,2.112479806138934,17.327430066411754
RDD-SFO,9061,5.5864279398762156,17.327005849244014
IAD-FLL,6516,2.1734112940452377,17.32658072437078
LWS-DEN,1166,11.666083916083917,17.32418524871355
LAX-SJC,51745,2.2424465020973883,17.323412890134314
LBB-LAS,3579,2.3295104895104894,17.32327465772562
SEA-ORD,47450,2.512465373961219,17.321390937829296
TUS-ORD,8539,4.729176470588235,17.320529335987818
LAX-JAC,3672,3.5823627287853577,17.320261437908496
SAT-PHL,1224,4.318887980376124,17.320261437908496
CVG-DEN,14868,2.985905995009778,17.319074522464355
BNA-PIT,6184,4.589615011323196,17.31888745148771
ECP-CLT,5630,5.507135212272565,17.317939609236234
SFO-BFL,4840,5.737593052109181,17.314049586776857
TLH-MIA,7747,4.68071899650847,17.309926423131536
OKC-DEN,24271,4.639048366445004,17.308722343537557
MTJ-IAH,1641,5.011056511056511,17.306520414381474
STL-MKE,5680,4.166343270418063,17.306338028169012
CMH-LAS,9230,1.010521748562751,17.302275189599133
ATL-SBN,11352,7.605216622458002,17.30091613812544
ROC-MDW,1850,3.3206728160607706,17.2972972972973
TPA-MIA,20678,6.933281688776992,17.28890608376052
MKE-DAL,2887,-0.1928297946397494,17.28437824731555
PVD-LGA,2303,7.325076053889613,17.2818063395571
PHX-ACV,515,6.417322834645669,17.281553398058254
PVD-DCA,15220,4.797666908323997,17.273324572930353
SRQ-BWI,5118,2.405288932419197,17.272372020320436
MCI-CVG,1679,8.575685339690107,17.27218582489577
RDU-IAH,8282,4.61185885776646,17.266360782419703
SEA-SMF,39507,3.1919775127250625,17.265294757891006
IND-ORD,29858,4.352694731197212,17.26505459173421
MRY-LAX,10428,5.670088257866462,17.26121979286536
LAS-SGF,788,4.764331210191083,17.258883248730964
DEN-LBF,4056,5.076008913097302,17.258382642998026
CLT-STT,3929,3.4655436447166923,17.25629931280224
GGG-DFW,6439,5.973397635345364,17.25423202360615
RSW-CMH,6897,4.095148169668797,17.253878497897638
SEA-BWI,6475,-1.0226637690158336,17.25096525096525
BIL-DFW,3606,5.897235409103603,17.249029395452027
SFO-KOA,9039,0.6087390484640124,17.247483128664676
CGI-PAH,777,6.19300518134715,17.245817245817246
IAD-LAX,28660,-1.0299237922114242,17.24354501046755
ABQ-SAN,5521,3.5863322428207924,17.243253033870676
JLN-DEN,1015,2.8105682951146562,17.24137931034483
LAX-MSY,18418,1.8512585812356979,17.238570963188184
BNA-DEN,30554,2.343447279414179,17.238332133272237
OKC-IAH,14219,5.1998305922213595,17.23749912089458
LAX-FAT,15246,5.698667891593937,17.237308146399055
HOU-MAF,10699,3.0180728532634142,17.23525563136742
TTN-DTW,882,8.314772727272727,17.233560090702948
TUS-SAN,6111,3.105814905814906,17.23122238586156
BOI-LAS,9751,4.880945043656908,17.22900215362527
CHA-DCA,1840,5.7193460490463215,17.22826086956522
LAX-MSO,923,2.477124183006536,17.22643553629469
MSP-SRQ,865,-2.048611111111111,17.22543352601156
PNS-MCI,627,4.017571884984026,17.22488038277512
HPN-ACK,691,4.5498533724340176,17.221418234442837
SBP-SAN,1301,4.400616332819722,17.217524980784013
LAX-BWI,15706,-0.1182033096926714,17.216350439322554
ATL-GRB,4351,4.305863342566943,17.214433463571595
IAD-MSY,5724,4.097599439285088,17.20824598183089
BHM-MIA,4872,4.749537322640346,17.20032840722496
ORF-MDW,5343,2.696240601503759,17.20007486430844
BOS-DTW,29901,3.371927944820197,17.19674927259958
COS-DAL,3594,1.69487251330905,17.195325542570952
IAH-SAN,18216,2.877421840598855,17.193675889328063
PIT-TPA,8794,3.0385360848249916,17.193541050716398
FLG-DFW,3298,7.486733760292772,17.1922377198302
HNL-OAK,8883,-0.30296538504904724,17.19013846673421
TPA-DCA,21338,4.68124735431071,17.189989689755368
ORD-OGS,512,9.446428571428571,17.1875
JFK-RIC,6441,0.23663766314481044,17.18677224033535
ABQ-BWI,3643,2.3088600607231577,17.1836398572605
AUS-PHX,25073,6.024958070441658,17.18182905914729
MEM-TPA,2206,4.495233772128915,17.1804170444243
JAC-IAH,844,7.744934445768773,17.180094786729857
ATL-PHX,34077,2.3039028263874592,17.175807729553657
IAH-IND,9782,3.8018230233510857,17.174401962788796
PNS-MDW,530,2.550943396226415,17.169811320754715
LAX-CMH,4759,-0.2537878787878788,17.167472158016388
JAC-MSP,932,5.203007518796992,17.167381974248926
PIT-IAH,9128,-0.006385555433226908,17.1669588080631
RNO-SEA,5470,1.436960910258763,17.16636197440585
GSP-CLT,18143,4.657473800330943,17.163644380752906
MSY-ORD,16405,4.382466222412423,17.159402621152086
SAN-SJC,49245,3.1376739461655663,17.15910244694893
ICT-IAH,9290,4.63382416630576,17.158234660925725
IAH-ELP,10678,4.9180343242989775,17.156770930885934
LAS-CLT,20261,3.481648422408242,17.15611272888801
LAS-GFK,682,2.662721893491124,17.155425219941346
LAS-BIS,1032,2.5955165692007798,17.151162790697676
MFR-LAX,4548,5.154929577464789,17.150395778364118
MQT-DTW,4665,12.767067410905968,17.14898177920686
PHL-EYW,1977,0.3343527013251784,17.147192716236724
PIT-DFW,14296,3.543407907696637,17.144655847789593
MSP-BUF,1832,2.328407224958949,17.139737991266376
ATL-PBI,39619,3.707893274041134,17.13571771119917
BOI-DFW,5977,6.350806451612903,17.132340639116613
ISP-FLL,4045,1.547754899528653,17.132262051915944
HSV-DEN,2890,4.8056328233657855,17.1280276816609
IAH-OMA,9145,3.7739425816348895,17.124111536358665
DTW-SJU,993,-2.875757575757576,17.119838872104733
SMF-GEG,3184,2.721069182389937,17.116834170854272
CLT-FNT,2326,2.8053402239448753,17.11092003439381
PNS-DCA,4699,7.441945158526136,17.110023409236007
ACK-HPN,678,4.072485207100592,17.10914454277286
RNO-IAH,1368,5.990427098674521,17.105263157894736
ECP-DAL,4572,2.925153643546971,17.10411198600175
AZA-MLI,573,0.951048951048951,17.10296684118674
DFW-BRO,10268,4.158383877910389,17.101675107128944
PHX-EUG,3749,5.146217588879979,17.09789277140571
DFW-SPI,4779,3.5757512082370244,17.095626700146475
ATL-DAL,32612,2.607468292082256,17.094934379982828
PHL-MKE,2692,2.1259314456035767,17.087667161961367
ATL-CID,6104,2.742767915844839,17.087155963302752
SLC-MKE,1668,3.616216216216216,17.086330935251798
OAK-PHX,25305,3.5953700039572616,17.083580320094843
AUS-BNA,14712,3.792009800585313,17.081294181620446
JAC-PHX,527,7.309751434034417,17.077798861480076
PHX-MTJ,902,3.5884315906562847,17.073170731707318
RNO-SAN,7058,3.3174332765474164,17.072825162935676
CMH-DEN,13437,2.0547883854594313,17.072263153977822
SFO-BWI,4577,-0.5183073887305415,17.06357876338213
MIA-ORF,5052,5.156597774244833,17.062549485352335
LGA-BGM,633,3.4374009508716323,17.061611374407583
SUN-DEN,2450,4.849405006155108,17.06122448979592
CLE-FLL,9648,1.7567511425010387,17.060530679933663
OAK-HNL,8881,0.06699751861042183,17.05888976466614
DFW-SUX,909,2.046204620462046,17.05170517051705
LGB-PDX,3472,3.1061130334486737,17.050691244239633
JAN-CLT,6464,6.420970994260896,17.048267326732674
PIT-JAX,704,6.115056818181818,17.045454545454543
AUS-DEN,36251,3.3326233090818556,17.04504703318529
DFW-LRD,12503,4.705490981963928,17.043909461729186
OAK-BUR,34841,3.182400965905824,17.043138830687983
BNA-MSY,11114,2.9398340248962658,17.04156919201008
AUS-DAL,29380,3.8851860695159806,17.03880190605854
PHL-BNA,19236,1.4510416666666666,17.03056768558952
LCH-DFW,8062,7.605547953725588,17.030513520218307
ELP-DEN,11139,5.416756756756757,17.03025406230362
LGA-ALB,2484,-1.0193314538864278,17.02898550724638
LAX-ORD,72291,2.2065261141722994,17.02424921497835
SBN-CLT,5499,4.862062682215743,17.02127659574468
DSM-LGA,2938,1.9675989085948158,17.018379850238258
IAD-CLT,18551,3.9195464362850974,17.017950514797047
JFK-CVG,7128,0.033979219320415616,17.01739618406285
TYS-DCA,5706,3.991027445460943,17.017174903610236
AUS-HRL,3820,3.251639989504067,17.015706806282722
LAX-RNO,23872,3.6362566710089506,17.01156166219839
SEA-BUR,12227,2.0991146089522874,17.011531855729125
TYS-PHL,3486,3.636966551326413,17.010900745840505
TPA-BUF,6491,4.0535411201975,17.008165151748575
TUS-LAX,24115,2.9526339823155796,17.006012855069457
OAK-BLI,2605,1.0239289849478965,17.005758157389636
BDL-ORD,18395,2.8666739343726153,17.00462082087524
ORD-DEC,2882,2.2166203059805287,17.002081887578072
JAX-ORD,11946,3.2310472348293833,17.001506780512305
CLT-PIT,23745,4.11666034475492,17.001473994525163
AZA-GTF,612,10.15625,16.99346405228758
BNA-MCI,11158,3.3571236197145167,16.99229252554221
MEM-BWI,2819,3.362148701529705,16.991841078396593
SEA-PDX,45585,3.5067594258877235,16.981463200614236
ATL-AUS,35675,2.7254571500800537,16.981079187105816
SRQ-DTW,854,7.116060961313013,16.978922716627633
IAD-AUS,7729,3.936948624805397,16.975029111139865
DCA-MCI,12190,0.6671876285267747,16.97292863002461
EWR-MDT,654,-1.5856269113149848,16.972477064220186
MSP-SAV,548,-0.4797794117647059,16.970802919708028
IND-LAS,12157,0.6544735541275334,16.96964711688739
GST-JNU,831,-0.8748495788206979,16.967509025270758
RDM-LAX,4998,5.211939102564102,16.966786714685874
ATL-DCA,60927,3.782691009663665,16.964564150540813
CAE-LGA,4104,4.360736196319018,16.95906432748538
PHX-PHL,23376,0.5783220382602728,16.957563312799454
LAX-SBP,8961,5.220580002239391,16.951233121303428
STX-SJU,1469,4.933242506811989,16.950306330837304
DAY-DFW,10354,2.5036425449247206,16.949971025690555
LAS-IAH,33158,3.4633548269911905,16.94915254237288
SEA-TPA,6498,-1.9151861578866058,16.943674976915972
DCA-BTV,6522,3.1683076923076925,16.94265562710825
DFW-AEX,9179,4.107842064967735,16.940843229109927
MSN-PHX,2084,8.928434197886647,16.93857965451056
JST-ORD,1169,7.084832904884319,16.937553464499572
IAD-TPA,9925,2.9007972550206884,16.937027707808564
IAH-ICT,8880,4.316110108303249,16.936936936936934
MEM-MDW,6549,3.5467218137254903,16.933883035577953
CID-DEN,9614,5.321260828723515,16.933638443935926
BNA-SAT,6691,1.254904897409016,16.933193842474967
STL-PHX,19780,2.5476045781424084,16.931243680485338
SPI-ORD,5629,7.247111111111111,16.930182980991297
SNA-MCI,514,3.283757338551859,16.926070038910506
MCI-LAS,17087,1.493874201301366,16.92514777316088
LAX-MRY,10460,3.8724287783679383,16.921606118546844
MSP-OKC,5059,2.045724465558195,16.920339988139947
OMA-LAS,10030,1.8834563959289563,16.91924227318046
CLL-DFW,11029,5.907052736679677,16.919031643848037
CHS-FLL,3446,6.017799824919755,16.918165989553106
TPA-CMH,8299,3.712836613935515,16.91770092782263
IAD-LAS,8459,-0.17110716400236828,16.91689324979312
IAD-CKB,1466,8.521887824897401,16.916780354706685
BOS-MSP,21556,1.6582066657369963,16.914084245685657
HLN-SEA,952,4.985263157894737,16.911764705882355
OMA-ORD,21439,5.167499416296988,16.908437893558467
DTW-RIC,9087,5.1860260083755785,16.90326840541433
CAK-DTW,2331,5.505579399141631,16.902616902616902
CHS-ORD,11366,3.1325908247149297,16.901284532817172
BNA-BWI,18270,2.4832428281498546,16.891078270388615
HPN-RSW,4085,1.6988692232055065,16.891064871481028
PIT-FLL,9353,1.2213413327619456,16.88228375922164
JNU-YAK,3560,1.5,16.882022471910112
DFW-MLU,9235,5.384623737647953,16.881429344883596
EVV-DFW,5676,1.424274593064402,16.878083157152922
ICT-ORD,17540,6.737654320987654,16.875712656784494
TPA-LAX,7147,1.5165451486259114,16.874212956485238
PHX-DFW,42961,5.117925739223786,16.87344335560159
MSP-FAI,978,-0.15811088295687886,16.87116564417178
DTW-PHL,25446,2.870334683604043,16.8710209856166
LAX-SGF,658,2.513719512195122,16.869300911854104
DCA-HOU,9746,-0.6411946446961895,16.868458854914834
SAT-DAL,28767,3.3364697682523086,16.866548475683942
MSN-DCA,2520,5.119920318725099,16.865079365079367
MSP-TYS,1234,-0.7581168831168831,16.85575364667747
BUF-DCA,5951,4.603808560835861,16.854310199966392
IAD-CVG,3869,5.334626325316783,16.85189971568881
PHX-ORD,50716,1.942633328058237,16.848726240239767
ELP-LAX,8947,3.2903622540250446,16.843634737900974
SJC-GEG,2506,1.6427145708582835,16.839584996009577
JFK-DAB,1075,-2.476279069767442,16.837209302325583
AUS-MDW,11796,2.6108936170212766,16.83621566632757
AUS-DCA,3356,0.7501501501501502,16.835518474374254
SMF-DFW,15131,6.936259212535688,16.832991870993325
SFO-MDW,5383,0.2600336008960239,16.830763514768716
ROC-JFK,15011,3.1830431592288706,16.827659716208114
CHS-DCA,12842,4.4008277369982824,16.827596947515964
CAK-CLT,9562,5.035947025436199,16.82702363522276
LGB-DEN,5022,1.6496904333932494,16.825965750696934
MSP-DEN,55128,0.9681440694906323,16.822667247133943
DFW-ABI,15215,4.60493745885451,16.818928688793953
JFK-BGR,2218,1.3416064981949458,16.816952209197474
DTW-SAT,6732,0.3888143176733781,16.81521093285799
FLL-MSP,6550,1.0646986846130315,16.80916030534351
CHS-BNA,5528,2.9091402714932126,16.80535455861071
IAH-PHX,25929,4.6545784574981655,16.79972231863936
PBI-PVD,1679,3.616945107398568,16.79571173317451
FLL-DTW,26049,3.6610149942329873,16.79527045184076
XNA-MSP,3680,2.950395203052603,16.793478260869566
ORD-ILM,697,2.0832137733142035,16.786226685796272
BOI-PAE,572,1.6982456140350877,16.783216783216783
RSW-ACY,4636,5.345430978613091,16.781708369283866
PIE-SGF,1162,4.086355785837651,16.78141135972461
ORF-IAD,6299,5.214421855146124,16.780441339895223
RNO-DFW,9776,7.679880251883969,16.775777414075286
DFW-ROW,7207,5.149149707276275,16.77535729152213
RSW-MDW,12628,2.929247157961682,16.7722521381058
VPS-MSP,674,-1.9258160237388724,16.765578635014837
BHM-BWI,3442,2.971728359078986,16.763509587449157
IAH-DAL,5626,0.7422974176313446,16.761464628510485
DCA-MEM,6408,0.028625058657907085,16.760299625468164
SNA-PAE,716,2.396358543417367,16.75977653631285
MGM-ATL,17865,5.478455762873312,16.75902602854744
PIB-MEI,3079,12.000325414904003,16.75868788567717
ACT-DFW,13021,4.535766423357664,16.757545503417557
DEN-EAR,2208,5.843280182232347,16.757246376811594
AMA-LAS,3569,2.4098820887142054,16.755393667694033
CHO-CLT,6513,2.845196003074558,16.751113158298786
AUS-IAH,23589,4.921928038017651,16.74933231590996
DFW-LAW,10780,6.948255002326664,16.743970315398887
SJU-DFW,6050,2.9869477911646585,16.74380165289256
MKG-ORD,5012,2.7281437125748504,16.739824421388665
SEA-LIH,7981,-4.355133079847909,16.73975692269139
DEN-DIK,2061,6.090063631913853,16.73944687045124
MSP-CLE,11836,1.277571041948579,16.73707333558635
ATL-BMI,8461,6.062270193334124,16.735610447937596
SAN-SMF,46132,2.6177019172377896,16.734587704846962
GSP-LGA,6042,4.00299152401529,16.73286991062562
AUS-ORD,26375,3.4534600760456273,16.731753554502372
MLI-ORD,10953,3.99396764463943,16.72601113850087
DEN-BFF,4126,5.778750303914418,16.723218613669413
ATL-DHN,11064,4.720456397718012,16.720896601590745
BIL-PHX,646,2.7507739938080493,16.718266253869967
BWI-ATL,58275,3.4242653506886533,16.717288717288717
JAX-PHL,9620,4.414898044111527,16.715176715176717
BNA-DCA,23307,2.7513446065143494,16.711717509761016
STL-PNS,790,4.054568527918781,16.70886075949367
LAX-PSP,3334,4.890625,16.706658668266346
CAE-IAH,1401,3.3297336213102953,16.70235546038544
DSM-CLT,6048,6.203353253652058,16.69973544973545
ALB-PHL,1132,6.209734513274336,16.696113074204945
IAH-STL,9715,4.614765931119819,16.69583118888317
TPA-HOU,10290,2.1515535209895784,16.695821185617106
LGB-MCI,587,3.405451448040886,16.695059625212945
IAH-VPS,5457,4.358639705882353,16.694154297232913
BHM-TPA,4939,4.5387896019496345,16.683539177971248
LGA-PVD,2302,-0.9052585832246849,16.681146828844483
SAV-IAH,4017,4.89325,16.679113766492407
JFK-CMH,9288,0.015207075064710958,16.67743324720069
SNA-SMF,22356,2.6739752998031143,16.671139738772588
PHL-HVN,2436,2.7143449419568824,16.666666666666664
DEN-HYS,4800,3.7428691275167787,16.666666666666664
TYS-IAD,648,9.404320987654321,16.666666666666664
RSW-BUF,1182,3.853140916808149,16.666666666666664
SJC-SAN,49484,3.352879284529157,16.66397219303209
RNO-LGB,3818,2.962768746722601,16.657936092194866
SEA-IND,3603,-2.642777777777778,16.65278934221482
TUL-ORD,14462,5.470058220127529,16.65053242981607
BDL-IAH,901,4.3687214611872145,16.64816870144284
TPA-IAH,16941,3.6854638076057338,16.646006729236763
BZN-LAX,3983,1.146948003014318,16.64574441375847
EWR-SNA,7943,-3.8585061712686093,16.643585547022536
IAD-SEA,15190,-1.3214214941541713,16.642527978933508
DTW-MQT,4669,8.306458604247942,16.64167916041979
SGF-CLT,7092,5.176628895184136,16.638465877044556
IAD-SHD,1737,9.700864553314121,16.637881404720783
GRR-CLT,6317,5.296208154846898,16.63764445148013
IAD-BDL,7922,4.806997600101049,16.63721282504418
SEA-PHX,59544,2.437947975906047,16.631398629584844
AZA-MOT,902,1.1492204899777283,16.62971175166297
MSY-BWI,10549,2.470359110773323,16.62716845198597
HHH-ATL,3423,8.301113063854716,16.622845457201286
STX-MIA,6070,4.614762219286658,16.622734761120263
CHS-HOU,2726,1.8298342541436463,16.617754952311078
FWA-ATL,11428,4.554501537110233,16.6170808540427
SJT-DFW,12993,4.19944512946979,16.61663972908489
BWI-DTW,24267,4.229906387892284,16.615156385214487
FLL-CLT,26801,4.3727381486466275,16.611320473116674
PHL-IAD,1788,6.951874650251819,16.610738255033556
MSP-SAT,6237,-0.23826366559485532,16.610549943883278
SAN-DEN,45695,1.482897825753088,16.610132399606083
PGD-TOL,867,3.0104287369640788,16.608996539792386
SFB-BGR,1391,2.8726483357452968,16.606757728253054
STS-PHX,3415,6.627272727272727,16.603221083455345
IND-LGA,16516,1.3805352798053527,16.6020828287721
CLE-DCA,13794,3.564341310831454,16.601420907641003
BDL-EWR,1271,0.6503937007874016,16.601101494885917
ATL-BWI,58362,3.7950258320317194,16.599842363181523
MSP-IAD,10404,2.090611143242722,16.599384851980005
TPA-BWI,27139,3.1040313053750737,16.596042595526733
TPA-ACY,3525,3.9144643364592215,16.595744680851062
MKE-CLT,8811,4.765555681947446,16.59289524458064
DTW-SBN,10240,5.40236860135069,16.591796875
SDF-MIA,3490,4.328259620907525,16.59025787965616
HOU-SDF,1471,2.7697547683923704,16.587355540448677
GSO-DEN,838,-0.5729665071770335,16.58711217183771
LNK-ORD,6308,7.332909783989835,16.582117945466074
SAN-BWI,8902,-1.0269721250423203,16.580543698045382
AZA-OMA,579,2.53713298791019,16.580310880829018
GSP-PHL,3818,4.486074619022596,16.579360921948663
SEA-MDW,7606,0.5558348769515745,16.57901656586905
MDW-FNT,2184,2.5286303252404947,16.575091575091573
PNS-CLT,11930,7.655149222362337,16.571668063704944
ATL-PSP,519,-0.8662790697674418,16.570327552986512
LAX-CLT,22764,1.6264099400775467,16.570022843085574
IND-LAX,7968,1.643126413671777,16.566265060240966
IND-TPA,10076,3.211578633243808,16.564112743152045
ATL-MGM,17864,6.030450874831764,16.558441558441558
IND-BOS,10711,2.4930737551478845,16.553076276724862
ATL-FWA,11389,6.560542062653995,16.551058038458162
MSP-MCO,19748,1.0157376383389176,16.54851124164472
ATL-MDW,38168,3.2355865334034717,16.547893523370362
DCA-CMH,13932,1.9086272537892393,16.544645420614412
SAN-BOI,5712,2.4897422409258283,16.544117647058822
DCA-DAL,17868,-0.45965563808237675,16.543541526751735
BNA-SAV,2062,1.6728155339805826,16.53734238603298
MDW-ATL,38099,2.2074037044832666,16.533242342318697
MYR-BNA,2444,1.6766270978305362,16.53027823240589
PHX-SEA,59606,1.544770225993447,16.53021507901889
IAD-RSW,3310,2.308623298033283,16.525679758308158
GSO-CLT,15976,0.4741060805310289,16.524787180771156
CVG-TPA,6240,4.6573493975903615,16.522435897435898
JFK-CLT,30134,1.2504075318540204,16.51622751709033
SAV-PHL,5498,4.714937078241839,16.51509639869043
DTW-FLL,26055,1.1788955545300723,16.511226252158895
SAN-OGG,6208,-1.6524419925361025,16.510953608247423
ANC-CDV,3612,3.150853624405262,16.500553709856035
IAH-CLE,12030,3.06647784071976,16.500415627597672
BOS-MDW,13327,0.5004897897671615,16.500337660388684
SDF-CLT,14486,5.650141740994261,16.498688388789176
DCA-MKE,7335,2.1540352314625153,16.496250852079072
CLE-JFK,10567,1.9899497487437185,16.494747799753952
ELP-SAN,1504,2.667332002661344,16.48936170212766
RDU-DEN,15671,1.638627488637091,16.489056218492756
JFK-CLE,10593,-0.15024583963691376,16.482582837723026
ICT-DEN,12353,4.230875314350612,16.481826277017728
DFW-BPT,7094,5.040431266846361,16.47871440654074
PHX-SJC,31162,2.670582948125321,16.475194146717158
BNA-CVG,1645,8.707317073170731,16.474164133738604
PIT-HOU,2587,-2.6636927851047325,16.466950135291842
SJC-ONT,13965,3.202521670606777,16.462585034013603
ATL-HNL,3341,-3.673886883273165,16.462137084705176
BTV-IAD,3390,3.5558510638297873,16.460176991150444
GRR-DEN,9976,0.11120040180813662,16.459502806736168
DTW-MDW,21234,2.7587949190159136,16.459451822548743
ABQ-SEA,3956,-0.4673252279635258,16.456016177957533
MOB-ORD,1167,6.024179620034542,16.452442159383033
BNA-CHS,5526,2.6931715268973013,16.449511400651463
DCA-SDF,6184,0.7730289784685123,16.445666235446314
FCA-SEA,2475,4.660331581075616,16.444444444444446
ATL-JAX,46866,3.6768550557477893,16.442623650407544
EAR-ORD,815,6.767813267813268,16.441717791411044
ACY-RSW,4654,3.378693120552081,16.43747314138376
PWM-PHL,5786,6.296956070563819,16.436225371586588
ATL-BTV,3274,2.613406795224977,16.432498472816125
BUR-MDW,1351,1.3541666666666667,16.432272390821616
SEA-GEG,41280,3.8355311000145442,16.43168604651163
CLT-HHH,6634,2.8436119993908937,16.43050949653301
PIT-MYR,2271,4.6383259911894275,16.424482606781154
SAN-HOU,7606,1.8351619299405155,16.421246384433342
LAS-GRI,743,1.1021798365122615,16.41991924629879
MSN-DEN,9087,2.4054024255788313,16.41906019588423
TYS-IAH,5610,0.14708520179372198,16.41711229946524
PIE-RFD,932,2.070891514500537,16.416309012875534
ATY-ORD,597,4.302013422818792,16.415410385259634
RIW-DEN,2291,11.14204296361245,16.41204714098647
BNA-SEA,8634,-1.4106521234625202,16.411860088024092
DEN-CNY,2919,2.4603174603174605,16.409729359369646
OKC-DCA,3303,1.1012773722627738,16.40932485619134
BNA-HOU,14004,0.776464689872511,16.402456441016852
PHX-DCA,9841,-0.6858339291185783,16.400772279239913
SNA-OAK,25423,1.889033120918889,16.39853675805373
SAN-MRY,2421,2.2425,16.398182569186286
MYR-MDW,1732,0.7869137232194557,16.397228637413395
MYR-PIT,2269,5.4549867608120035,16.394887615689733
MSP-AUS,9198,-0.054071732257712855,16.39486844966297
MSP-DAL,793,-1.00253807106599,16.39344262295082
GSO-ORD,6887,2.9673516980032066,16.39320458835487
STT-MIA,9199,3.7990802584035914,16.393086205022286
DFW-GRI,6375,4.180242634315425,16.392156862745097
LAS-IDA,726,4.191988950276243,16.391184573002754
SUX-DEN,1391,2.4545454545454546,16.391085549964053
ALO-ORD,4143,3.627536231884058,16.389090031378228
SRQ-IAD,1739,5.903058280438546,16.3887291546866
LAS-CID,830,0.6231884057971014,16.3855421686747
DTW-OMA,7886,3.4402084127589276,16.38346436723307
SFO-DCA,6448,-0.9492957746478873,16.377171215880892
ABQ-DEN,22195,3.030885938769981,16.37305699481865
PDX-OMA,843,3.171837708830549,16.370106761565836
TPA-ROC,1906,3.8318397469688983,16.369359916054567
KOA-SEA,10251,-0.9710598357450136,16.369134718564045
JLN-ORD,1222,7.513957307060755,16.366612111292962
LEX-CLT,8096,3.391460396039604,16.36610671936759
RIC-IAD,1320,8.739196360879454,16.363636363636363
DCA-MSN,2524,1.8927720413026212,16.362916006339145
CLT-TLH,7976,2.4473915776241357,16.36158475426279
DTW-AVP,3900,4.627829218106996,16.35897435897436
IND-PHX,13394,1.7165195271584617,16.358070777960283
MCI-DCA,12178,3.108335394509028,16.357365741501066
MSP-PSC,3876,-0.44406955618998184,16.357069143446854
MCI-ORD,26883,4.885758998435055,16.35606145147491
RSW-BNA,2629,4.093368902439025,16.356028908330163
ERI-ORD,2336,5.429553264604811,16.352739726027394
SHV-IAH,7657,3.8272299241433427,16.351051325584432
TRI-CLT,2795,0.9025438910784666,16.35062611806798
DFW-ACT,13041,4.12581561372534,16.348439536845333
PGD-SBN,1150,3.079475982532751,16.34782608695652
SJU-BWI,9330,2.4077544426494346,16.345123258306536
LAX-MEM,3708,2.592972972972973,16.34304207119741
PDX-HOU,667,0.7250755287009063,16.34182908545727
PHL-IND,10801,1.0908164210916504,16.341079529673177
MSP-SDF,5000,1.2489485279391148,16.34
GRR-BWI,3967,1.5169534412955465,16.334761784723973
SAN-DFW,31958,5.990547669890717,16.33393829401089
CMH-TPA,8259,2.2302088392423505,16.33369657343504
BUR-ATL,600,1.2600671140939597,16.333333333333332
ONT-DFW,18737,6.166541514696417,16.325986016971765
JAN-IAH,9580,2.7746729461015174,16.325678496868477
RST-ATL,2346,4.0669240669240665,16.325660699062233
ATL-MSY,48555,3.396182418489476,16.32375656472042
MSY-BNA,11168,2.944693438508426,16.32342406876791
OGS-IAD,1262,11.08108108108108,16.323296354992074
PHL-PVD,9269,2.6181425485961123,16.32322796418168
AZA-PIA,1115,0.034141958670260555,16.322869955156953
BHM-CLT,13711,5.522873428821982,16.32266063744439
HDN-IAH,1250,1.8685897435897436,16.32
GCK-DFW,6152,7.113121434392828,16.319895968790636
BZN-ATL,1918,1.8901156677181914,16.319082377476537
LGA-PNS,717,-5.551675977653631,16.317991631799163
LIT-LGA,1238,2.482899022801303,16.31663974151858
PHL-DCA,8305,0.8797781261304715,16.315472606863334
MSP-MDW,31694,1.7018987341772152,16.315390925727264
PDX-AUS,3445,2.0931315483119906,16.313497822931787
ATL-HOU,35770,1.5573163548649482,16.312552418227565
SBP-DEN,5162,4.803198751706651,16.311507167764432
PHX-FAT,10981,5.088256746900073,16.309989982697388
PNS-MIA,6757,3.012763431285248,16.30901287553648
EGE-IAH,1110,6.275204359673024,16.306306306306308
MSP-MEM,7937,1.470417560237164,16.30338918987023
PDX-CLT,3485,4.898850574712644,16.29842180774749
PHX-SBA,10088,5.622697859631658,16.296590007930213
ORD-EAR,810,-1.8252184769038702,16.296296296296298
IAD-ORF,6296,3.8794720941326126,16.296060991105463
OKC-HOU,12390,2.6257589249575,16.2953995157385
DEN-SUX,1375,1.3698830409356726,16.290909090909093
PDX-DFW,19436,6.1855776686482296,16.28935995060712
LAS-BLI,5372,1.2559312535027087,16.288160833953835
PHX-MIA,11070,1.0575598259608412,16.287262872628727
STL-BDL,645,3.07153965785381,16.27906976744186
MHT-TPA,2955,0.26580557443915703,16.277495769881554
MLU-DFW,9223,6.111834961997828,16.274531063645234
SYR-DCA,5961,2.7548343702707245,16.27243751048482
DEN-JLN,1014,-0.08110781404549951,16.272189349112427
SFB-ALB,590,4.6689419795221845,16.271186440677965
GTF-DEN,5464,4.843888070692194,16.2701317715959
SGF-DEN,5380,6.01195591257239,16.263940520446095
SEA-ABQ,3972,-0.6672544080604534,16.263846928499497
FAT-DEN,13265,5.158892681076981,16.260836788541276
OAK-BNA,2669,2.2630590003757987,16.26077182465343
IAH-SDF,6064,2.932892561983471,16.259894459102902
CMI-ORD,8580,2.9399346862607882,16.258741258741257
AZA-CID,1347,0.6382660687593423,16.258351893095767
IAH-PIT,8974,2.4544033932358524,16.258078894584354
RIC-CLT,22045,3.1894899395921334,16.257654797006126
PSP-LAX,3340,3.153984421809467,16.25748502994012
EWR-HOU,1181,-3.449829931972789,16.257408975444537
PHL-ATL,59567,0.156231074624857,16.257323685933486
CMH-RSW,6836,1.82560706401766,16.252194265652427
SJC-EUG,837,2.6511350059737158,16.248506571087216
PSP-ATL,517,5.4689922480620154,16.247582205029012
EGE-ATL,1182,4.8320610687022905,16.243654822335024
BUR-PHX,27765,2.8838902707184313,16.239870340356564
LGA-TVC,739,-0.23306233062330622,16.23815967523681
LAS-LRD,739,4.256793478260869,16.23815967523681
SEA-STL,7508,0.30818533849646146,16.236014917421418
SYR-BOS,1854,3.5833783054506205,16.235167206040995
MSY-MCI,3160,3.555133079847909,16.234177215189874
LIH-KOA,2532,3.9347826086956523,16.23222748815166
ITH-DTW,4960,5.864930345245305,16.22983870967742
DEN-IDA,8867,4.472385694884563,16.22871320627044
AZA-SBN,752,2.3093333333333335,16.22340425531915
CLE-MYR,2170,4.219095940959409,16.22119815668203
LGB-MDW,1646,-0.19951338199513383,16.221142162818953
DFW-TRI,3021,1.0523872679045092,16.219794769943725
BTR-CLT,6591,3.9850791717417784,16.219086633287816
MCO-FNT,555,2.115523465703971,16.216216216216218
RSW-PIT,5304,3.2794561933534743,16.21417797888386
LIH-PDX,1141,-1.8456140350877193,16.21384750219106
AZO-ORD,7278,2.3471324439554393,16.21324539708711
DTW-GSO,4610,3.2533710308829926,16.203904555314534
FCA-DEN,8519,5.402712264150943,16.199084399577416
MEM-HOU,5414,1.6531481481481483,16.198743997044698
SAN-STS,3168,1.0939086294416243,16.193181818181817
ALB-TPA,2804,1.1676197283774123,16.191155492154067
DEN-PIR,1563,4.172347266881029,16.18682021753039
DFW-CLL,11040,4.061915569677712,16.18659420289855
BOI-SMF,5029,2.4569325641535706,16.186120501093658
ATL-RSW,35184,3.0306654138549587,16.18349249658936
CVG-RSW,6340,1.67093814269894,16.182965299684543
IAH-LIT,11051,3.441666666666667,16.17953126413899
ATL-JAC,1465,0.5103305785123967,16.177474402730375
MYR-MSP,544,-1.4917127071823204,16.176470588235293
SEA-TUS,7210,1.6789283731260412,16.171983356449378
FNT-MDW,2183,1.7626262626262625,16.170407695831422
BDL-MIA,5004,2.8756507809371246,16.16706634692246
LAX-SEA,80122,0.09738548211809676,16.162851651231872
IAH-HDN,1256,-0.2910266774454325,16.162420382165603
DCA-ORD,60479,1.8882904679835608,16.15932803121745
DCA-MDW,20658,1.447940947940948,16.15838900183948
TPA-RDU,11035,3.9950962586269525,16.148618033529676
IAD-BUF,2217,4.844384303112314,16.147947677041046
BNA-ORF,1666,2.4056490384615383,16.146458583433372
IAH-BHM,11104,2.8267581475128645,16.138328530259365
SLC-PHL,5156,0.13638132295719843,16.13653995345229
DCA-PHL,8218,2.7426936190940086,16.135312728157704
SMF-SAN,45785,3.566749803097926,16.131920934803976
SMF-SEA,39458,1.312090756814375,16.131076080896143
RDU-CVG,2728,5.069750367107195,16.129032258064516
PAH-CGI,806,1.8198757763975155,16.129032258064516
LAX-SAN,24960,3.5508100737888997,16.125801282051285
BOS-CLT,39729,0.5032288986428536,16.124241737773414
PIE-FSD,521,1.6247582205029014,16.122840690978887
PVD-TPA,5726,0.7403121164299491,16.11945511701013
MCI-HOU,7916,0.9457884737175427,16.11925214754927
TPA-FLL,16793,3.0486218828302114,16.11385696421128
ATL-MOB,18713,4.324849978568367,16.111793940041682
OMA-SFO,2160,0.7959183673469388,16.11111111111111
CAK-TPA,863,-0.3395348837209302,16.10660486674392
OTZ-OME,1559,1.5608152531229453,16.10006414368185
BHM-DAL,7261,3.888089638954212,16.099710783638617
GRK-ATL,1783,11.980866629150253,16.096466629276502
LAS-ATL,45397,2.3036223396026254,16.091371676542504
DHN-ATL,11062,3.678219165686363,16.09112276261074
MKE-PHL,2691,4.186081131373279,16.090672612411744
IAD-CHS,5743,3.8757190169077917,16.089152011144
DFW-TYR,10488,4.872909698996655,16.08504958047292
PAE-BOI,572,3.374125874125874,16.083916083916083
SJC-HNL,9196,-0.40821440244035295,16.08307959982601
CLD-LAX,628,5.240445859872612,16.0828025477707
DTW-LAS,31387,-1.039897861474625,16.079905693439958
ELP-PHX,21674,4.974002585888438,16.079173202915936
PHX-PIT,7563,0.680259499536608,16.078275816474942
PSP-IAH,3023,4.477770404777704,16.076744955342377
CAK-LGA,1213,1.8892589508742714,16.075845012366035
CMH-CLT,15191,4.646437994722955,16.075307748008687
PDX-DCA,3204,-0.979290869155946,16.073657927590514
SEA-MSY,4512,-2.2344827586206897,16.06826241134752
RDU-SEA,6176,-2.702373211963589,16.06217616580311
SBN-ATL,11373,2.6988952717631465,16.05557021014684
DTW-MLI,2897,3.812889812889813,16.05108733172247
ATL-MLU,10802,3.5234687238590947,16.043325310127756
DCA-LAX,13152,-3.667252713652347,16.043187347931873
BLI-OAK,2600,1.7863741339491916,16.038461538461537
ATL-SAN,20642,-0.28015166982645473,16.035267900397248
RIC-JFK,6462,1.8863249186928914,16.03218817703497
BNA-PHX,13699,0.6752067930605373,16.030367180086138
PHX-SDF,2664,1.3388429752066116,16.02852852852853
BTV-PHL,4480,4.204743790557171,16.026785714285715
CIU-DTW,4244,11.487137125324523,16.022620169651272
SAN-RDM,1111,2.049683830171635,16.021602160216023
PDX-LAS,31296,3.570578448937804,16.021216768916155
SYR-CLT,9864,3.535068103273023,16.017842660178427
PAE-SNA,718,3.39804469273743,16.016713091922004
DTW-BGR,687,6.0,16.011644832605533
PGD-RFD,1143,1.702726473175022,16.010498687664043
MSP-FLL,6540,-1.847522626169658,16.009174311926603
TPA-MHT,2986,2.809109176155392,16.008037508372404
LAX-CLE,7666,0.004314289449601255,16.005739629533004
SEA-OKC,2337,-1.3266180882983283,16.003423192126657
IAH-SJC,3956,0.06982038957753604,16.001011122345805
LAX-OGG,29042,-1.0298378751293549,16.00096412092831
DTW-SAV,1875,2.9609834313201495,16.0
TPA-MSY,11366,2.808167225260187,15.995073024810837
ATL-DTW,50002,3.2841075109572317,15.993360265589377
RDU-CLT,28686,4.733568238905945,15.990378581886636
OMA-DCA,4434,-0.11002722323049002,15.990076680198467
MSP-ANC,5679,-2.8620872329154157,15.9887304102835
DTW-PWM,5868,3.971311475409836,15.985003408316292
IAD-TYS,513,6.193359375,15.984405458089668
FAI-MSP,976,7.867556468172484,15.983606557377051
LGB-HNL,3523,-0.7180216031836271,15.980698268521145
SMF-ONT,20213,3.2440461454671485,15.979814970563499
MSP-BNA,15595,0.7776635393908238,15.979480602757294
TOL-ORD,4169,1.3487031700288183,15.975053969776926
BWI-SLC,7681,-0.13355941046041475,15.974482489259213
DCA-PDX,3199,-4.8319222326748195,15.973741794310722
OGG-OAK,8483,-0.5818675481053004,15.973122716020278
VPS-CLT,9128,5.364575321393254,15.972830850131464
DCA-MYR,2392,1.7526205450733752,15.96989966555184
CVG-LAX,5630,0.06805629787992161,15.968028419182948
JFK-PIT,9627,0.32549672318735046,15.965513659499326
ATL-SNA,9484,-0.8204938009960793,15.963728384647826
PDX-MCO,2963,-0.6724313326551373,15.963550455619306
SEA-SAN,39944,0.5959560483668657,15.962347286200682
IAH-MTJ,1648,1.9963481436396835,15.958737864077671
LNK-DEN,4770,4.158847043972228,15.953878406708597
STL-MDW,20486,2.4616589185221436,15.947476325295323
PAE-PHX,1875,0.12620320855614972,15.946666666666667
CLT-MSP,23235,1.193420428577588,15.94577146546159
MCI-PHL,5772,3.7572444907166407,15.939015939015938
ATY-DEN,935,7.868534482758621,15.935828877005347
MCI-ABQ,2436,1.9396055875102711,15.92775041050903
RDD-SEA,992,6.887991927346115,15.92741935483871
ATL-SAT,29199,1.590787396169424,15.925202917908148
GSP-BWI,2487,1.2055622732769045,15.922798552472859
BNA-MKE,5082,1.172868674936011,15.91892955529319
AUS-SEA,12785,0.07504116678428605,15.91709034024247
DCA-BNA,23359,0.9136585784103576,15.916777259300483
OGG-LIH,12126,4.961932287365814,15.916213095827148
SNA-PHX,39491,3.6642507792503993,15.909954166772176
MCI-SAN,5351,-1.1433389544688026,15.903569426275462
LGB-PHX,10168,3.042241039779441,15.902832415420928
SPS-DFW,8986,4.594742118747911,15.902515023369688
LIT-DAL,9596,3.289355478951217,15.90245935806586
OKC-MDW,3962,2.0813894523326573,15.901060070671377
CLT-CSG,566,3.491166077738516,15.901060070671377
HSV-CLT,8371,3.892066531051813,15.900131406044679
DEN-LAR,5938,5.084955153156202,15.897608622431795
OAK-BWI,3114,0.7815721649484536,15.895953757225435
PIE-FWA,1189,1.6020236087689714,15.895710681244744
PBI-BWI,11140,2.0211445024293684,15.888689407540395
SDF-DAL,963,0.8098223615464994,15.887850467289718
DTW-FWA,7440,3.680349932705249,15.887096774193548
MSP-PHL,20696,0.05213224260612808,15.882296095863936
TXK-DFW,8885,5.074099099099099,15.880697805289815
RSW-BWI,14676,2.800245767340251,15.876260561460889
HNL-SFO,23067,1.7702456383994445,15.875493128712012
IAH-AMA,6879,4.195414049948883,15.87440034888792
PIE-ROA,750,1.510752688172043,15.866666666666667
IAH-TUL,14106,4.076638965835642,15.86558911101659
VEL-DEN,3120,6.5282594733461785,15.865384615384615
ATL-CRW,12438,4.937510118180346,15.862678887280913
LGB-AUS,4659,3.1534653465346536,15.861772912642197
EUG-LAX,6456,3.5695672405770127,15.861214374225527
AUS-CLT,14703,5.670507226615762,15.860708698904984
PGD-IAG,1192,3.602704987320372,15.855704697986578
MYR-BWI,5942,3.328277721604314,15.853248064624706
IAH-HOB,4233,4.774875326525766,15.851641861563904
SJC-SEA,42817,0.8038106370543542,15.844174043020296
DTW-ELM,7638,5.351883449271558,15.841843414506416
ISN-DEN,3245,4.233890954151177,15.83975346687211
MSP-PHX,36478,-0.6413037508924159,15.836942814847305
LAX-GEG,3904,0.5491655969191271,15.829918032786885
DTW-DEN,29360,-0.44824172072379653,15.827656675749319
DCA-ACK,1687,2.6915213469633192,15.826911677534083
CHA-CLT,7944,4.1754916792738275,15.823262839879154
MSP-BWI,15187,0.6060486001056524,15.82274313557648
DCA-CLT,28611,2.804823409989849,15.822585718779491
PHX-SNA,39548,2.3962264150943398,15.818751896429657
SLC-PHX,49537,3.0071942446043165,15.81646042352181
DTW-JAX,4035,0.46908368512540355,15.811648079306073
GEG-LAX,3972,1.3511335012594459,15.81067472306143
ABQ-LAX,15953,2.3775407779171895,15.808938757600451
SMF-CLT,3340,2.3923100030039053,15.808383233532936
SFO-PIT,3359,-1.0522232169501642,15.808276272700208
DTW-ALB,9763,3.6257826131581647,15.804568267950426
FAR-PHX,753,7.307589880159787,15.803452855245684
PIE-TOL,829,0.7229647630619684,15.8021712907117
SGF-ATL,12183,3.5872715297217193,15.800705901666257
DTW-ATW,7842,3.6653870761356364,15.799540933435349
CHS-BWI,11036,2.1766575840145324,15.793765857194636
SFO-ATL,28877,0.13236009732360096,15.791114035391487
DTW-TPA,22020,0.7218151199308179,15.7811080835604
RDM-DEN,6071,5.6973161033797215,15.7799374073464
PIT-LAS,8112,-0.8287654320987654,15.779092702169626
DFW-LCH,8075,3.6121460506706407,15.777089783281733
IAH-CRP,11181,3.574117225309195,15.776764153474646
SBA-LAX,9248,2.9127001298139334,15.776384083044984
PDX-DAL,3240,1.4630205096333126,15.771604938271604
XNA-CLT,8560,3.769906323185012,15.771028037383179
SAT-OKC,850,0.9352941176470588,15.764705882352942
AUS-BWI,9477,0.635575296108291,15.7644824311491
SYR-BWI,2823,-1.0478553704360156,15.763372298972724
ROA-ATL,13043,3.653559634436679,15.763244652303918
RSW-MCO,1269,2.8958990536277605,15.760441292356187
DFW-MHK,7971,3.375409423028471,15.757119558399197
MKE-LAS,12212,-0.6968503937007874,15.75499508679987
LBE-RSW,527,0.8937381404174574,15.749525616698293
SJC-BNA,1162,2.004314063848145,15.748709122203097
LAS-AMA,3582,1.6315053161723558,15.745393634840871
DAY-PHL,4574,2.645705521472393,15.741145605596852
GJT-DFW,7719,3.7391757955138236,15.740380878352116
CLE-ORD,34234,2.7856537123139455,15.738739265058129
DCA-PHX,9837,0.3952463886896834,15.736505032021958
CVG-JFK,7149,1.3483508771929824,15.736466638690727
CKB-IAD,1462,6.654532967032967,15.731874145006842
BOI-ORD,8090,2.8185659251895117,15.723114956736712
FLG-DEN,528,3.7514231499051234,15.719696969696969
SNA-DEN,34565,0.6477041852905323,15.718212064226819
GEG-LAS,7794,1.570290413775379,15.717218373107519
ATL-STX,1018,0.7775590551181102,15.717092337917485
SMF-HOU,1146,2.083848190644307,15.706806282722512
BTR-ATL,19572,4.677333469868414,15.706110770488452
LFT-IAH,10035,2.5753342646178408,15.705032386646737
ATL-SGF,12188,2.802880658436214,15.703971119133575
SAT-LAX,15316,3.167047905365662,15.702533298511362
BUR-DAL,2713,1.4363636363636363,15.702174714338371
LRD-DFW,12484,6.598440389098802,15.700096123037488
BOS-IND,10701,0.37262606417812705,15.69946733950098
IAH-XNA,7339,3.3679606342263533,15.696961438888133
OAK-ATL,2249,3.062192393736018,15.695864828812805
MSP-CHS,618,-1.2764227642276422,15.6957928802589
MKE-TPA,6008,1.2809944935758384,15.695739014647137
OKC-PHL,994,1.5796370967741935,15.694164989939638
ABQ-IAH,8705,3.8005306875865252,15.692130959218838
SFO-CLT,15766,0.9818204932621408,15.691995433210707
MLU-ATL,10791,6.397304832713755,15.689000092669817
PHL-BDL,6852,2.0306658878504673,15.688849970811441
SAN-STL,5196,1.1853780864197532,15.685142417244032
HNL-LAS,10635,0.24910428059588913,15.684062059238363
SYR-DFW,1186,4.877326565143824,15.682967959527824
BNA-MDW,20246,1.9741037829273123,15.682110046428924
SJC-HOU,2009,1.6616691654172913,15.6794425087108
ATL-SEA,31167,-1.966921692169217,15.676837680880418
BOS-MYR,4351,4.338397790055248,15.67455757297173
IND-DEN,22023,0.7216504235358412,15.665440675657266
PHX-SBP,9709,3.6889026786637706,15.655577299412915
BOS-ORF,1648,4.85931790499391,15.655339805825244
MCI-MSY,3169,1.5094756790903348,15.65162511833386
ONT-IAH,1904,2.813424947145877,15.65126050420168
MEM-AUS,607,2.1227197346600333,15.650741350906095
DSM-DCA,3821,1.7860147213459516,15.650353310651663
SAN-SEA,39901,0.2844062013948121,15.648730608255432
DTW-HSV,2122,0.2602739726027397,15.645617342130066
ORD-CGI,1988,0.8291203235591507,15.643863179074447
LAX-SLC,50806,2.6179436675201893,15.641853324410505
PNS-STL,780,1.6423076923076922,15.64102564102564
TUL-LAS,4668,0.5324034334763948,15.638389031705227
TPA-SDF,3794,3.5696569920844325,15.629942013705852
OGG-KOA,11937,3.83453418230563,15.623691044651084
DTW-BGM,5396,3.7411347517730498,15.62268346923647
SRQ-CLT,10229,6.036246081504702,15.622250464366019
PHX-STS,3425,2.9352750809061487,15.62043795620438
PHL-BUF,3752,1.1400747065101386,15.618336886993603
BUR-DEN,15847,2.1539728804967684,15.618098062724805
DDC-DEN,2235,15.57283729269386,15.615212527964207
MYR-CLE,2171,3.5129032258064514,15.614923998157531
IAH-BTR,12072,3.774123899684438,15.614645460569914
MSP-SBN,4638,2.123891891891892,15.610176800344977
SEA-CVG,3389,-0.4096955365060597,15.609324284449691
AZA-FSD,1890,0.4571580627993614,15.608465608465607
MSP-STL,21063,1.20452385478046,15.605564259602145
STL-BNA,9690,1.6941431670281997,15.603715170278637
ONT-PHX,30525,3.41395821717884,15.603603603603602
BOS-IAD,16346,2.9916141274407786,15.600146824911294
KOA-SJC,3366,1.2307004470938898,15.597147950089127
DCA-IAH,19986,0.49680824327720535,15.595917141999399
PHL-SDF,3719,0.6600269179004038,15.595590212422694
IAD-CMH,5714,4.139730344948346,15.5932796639832
CLE-SFO,4676,-1.8293727253264827,15.590248075278016
ABQ-ORD,6930,2.4996378386208895,15.584415584415584
CHS-SEA,2522,-6.005181347150259,15.582870737509912
MQT-MSP,1630,4.397176181706569,15.58282208588957
MDT-EWR,661,-3.1424242424242426,15.582450832072617
IAD-SAT,4441,0.959404600811908,15.582076108984463
OAJ-CLT,8324,2.4325917017438363,15.581451225372417
DEN-PUB,3209,4.899781454886044,15.58117793705204
LAX-DTW,24821,0.4643909131259331,15.575520728415453
MAF-DEN,9175,5.007780821917808,15.574931880108991
MKE-DCA,7378,2.0134730538922154,15.573326104635402
LGA-MSP,22984,-1.5456329307112022,15.571702053602507
DTW-PHX,24508,-0.7538845273143605,15.570425983352374
IND-SFO,4008,-0.2010502625656414,15.568862275449103
APN-DTW,4626,6.091459459459459,15.56420233463035
CID-MSP,8976,1.3529149481663136,15.563725490196079
PHX-TUS,19202,5.098212890116188,15.560879075096345
SGU-DEN,6839,5.347303634232122,15.55783009211873
SEA-SJC,42830,1.277607756103259,15.556852673359794
BFF-DEN,4114,6.585888077858881,15.556635877491493
LAX-OMA,2688,-0.13049962714392244,15.550595238095239
OAK-SNA,25411,1.2310328527534862,15.548384557868639
IAD-DEN,31123,0.0910585353274884,15.547987019246218
SAN-CLT,10992,2.5774686556236843,15.547671033478894
PIT-ORD,25342,1.8250335941822782,15.547312761423724
ESC-DTW,4966,8.890615539858729,15.545710833668949
DTW-DCA,24102,1.8830185539562359,15.542278649074765
PHX-DSM,7277,1.8660418963616316,15.542119005084512
HOU-ATL,35934,2.987141223396837,15.539600378471643
PWM-BWI,11578,1.8506184586108467,15.538089480048367
LGA-PHL,5297,-1.9416320362674726,15.53709646969983
PVD-IAD,1590,6.020754716981132,15.534591194968552
DAY-MSP,3856,3.3968295218295217,15.534232365145229
PWM-ATL,5711,3.8817015292670063,15.531430572579232
BGR-JFK,2222,3.1204330175913397,15.526552655265528
RNO-SJC,3859,2.2072095435684647,15.522155998963463
CMH-PHX,9804,0.44565995297004396,15.5140758873929
MLI-DTW,2875,6.851374869474417,15.513043478260869
PLN-APN,1245,7.008090614886731,15.502008032128515
MCW-ORD,1529,8.274689339437542,15.500327011118378
PIT-RSW,5297,1.2436990714421072,15.4993392486313
BWI-MSP,15138,1.6044079687603414,15.49742370194213
ELP-AUS,10448,3.103110599078341,15.495788667687597
DTW-RSW,19058,-0.3488200977558207,15.494805331094552
MSP-DCA,21692,-0.5009259259259259,15.494191406970312
ONT-DAL,2511,1.8748490945674043,15.491835921943448
CLE-IAH,11872,-0.5087214225232853,15.49022911051213
HHH-DCA,891,4.280405405405405,15.488215488215488
ORF-CLT,19938,3.943702290076336,15.488012839803392
ELP-SAT,6715,3.2483601669648183,15.48771407297096
PHX-SLC,49506,2.2766800817036423,15.487011675352482
DFW-BIL,3616,0.8061564059900166,15.486725663716813
SAN-MDW,11614,-0.7992384908272758,15.481315653521612
MSY-STL,5859,3.407647661317856,15.480457415941288
SAT-ORD,13522,2.783928173925948,15.478479514864665
SBP-PHX,9711,6.4863387978142075,15.477293790546803
ATL-RDU,46511,2.4980412415515088,15.475908924770485
OKC-CLT,5836,5.584022038567493,15.472926662097327
LIT-CLT,8158,5.492924818506214,15.469477813189508
TUL-HOU,7979,1.5692017598994343,15.465597192630657
ATL-PIA,4928,4.262793068297656,15.462662337662339
IAD-MDW,3467,0.012724117987275883,15.4600519180848
EYW-MIA,9355,2.3104592656032543,15.456974879743452
AZA-FAR,1910,0.7553805774278215,15.44502617801047
PHX-FAR,764,2.3577981651376145,15.44502617801047
SDF-DCA,6204,3.3011483098819343,15.441650548033529
ANC-PHX,2676,1.3588014981273409,15.433482810164426
PUW-SEA,1944,5.352729145211122,15.432098765432098
MHT-LGA,1050,1.0708133971291867,15.428571428571427
CID-CLT,4589,4.315053528512125,15.428197864458488
GNV-MIA,3280,5.488080684596577,15.426829268292682
PIA-CLT,4784,4.602346532579091,15.426421404682275
DFW-GJT,7740,1.6629082426127528,15.426356589147286
DFW-SJT,13015,2.7897858573409335,15.42066845946984
LAX-MFR,4541,3.058940397350993,15.415106804668573
IAD-SDF,2193,3.4360730593607305,15.412676698586411
ATL-CLE,31163,2.7004947314315086,15.412508423450888
HRL-HOU,14106,2.500177771457015,15.41188146887849
DCA-MVY,1129,1.66696269982238,15.411868910540303
SHR-DEN,2998,6.043871399866042,15.410273515677117
RDU-BWI,19085,1.814544499868732,15.410007859575584
OKC-PHX,12104,2.9081353968385333,15.408129543952413
RIC-DTW,9063,5.275157406384624,15.40328809444996
JAX-MDW,3279,1.3468137254901962,15.401036901494358
IMT-DTW,2429,6.363561417971971,15.397282832441334
SMF-PDX,17533,2.1741784573254224,15.393828780014829
MSP-XWA,2677,2.281509433962264,15.3903623459096
SAN-LAX,24953,2.868000160339921,15.388931190638399
GUC-IAH,689,4.497797356828194,15.384615384615385
ANC-KOA,637,-10.30236220472441,15.384615384615385
SDF-DEN,7118,2.015492957746479,15.383534700758638
TLH-CLT,7958,4.620845921450151,15.380748931892436
IAH-SNA,13514,0.7960687960687961,15.376646440728134
PHL-RIC,618,2.88474025974026,15.372168284789645
JAN-ORD,1789,3.942632170978628,15.371716042481834
CID-DTW,6311,4.193149381541389,15.369988908255428
TUS-SEA,7203,1.6568286231379645,15.3685964181591
DTW-CIU,4249,5.799714217670874,15.368321958107789
ATL-ABY,8895,4.68502426362713,15.368184373243396
ATL-SHV,16893,2.326465174277062,15.367311904339076
DSM-PHL,1204,1.42809642560266,15.365448504983389
MSP-TUL,2408,-0.040332640332640335,15.365448504983389
HSV-IAH,5604,2.729047277936963,15.364025695931478
WRG-PSG,3567,0.6068691456145331,15.36305018222596
ATL-ALB,9523,1.580651945320715,15.362805838496271
ATL-PHF,5918,2.8159457167090753,15.359918891517404
DTW-LAN,10490,4.074155373162817,15.357483317445187
SJU-DTW,990,-0.036511156186612576,15.353535353535353
IAH-MAF,16014,2.467484508981661,15.349069564131385
MCO-MSP,19755,2.3980021297094467,15.348013161225008
CVG-MCI,1681,2.8499106611078022,15.348007138607972
IAH-ECP,4613,3.6839355681323465,15.347929763711251
CHA-DTW,3708,5.463599458728011,15.34519956850054
OKC-SEA,2333,-4.434091884929154,15.345049292756109
OGG-SFO,18130,1.1817277949624392,15.34473248758963
CLE-LAX,7671,-1.6282989286647505,15.343501499152653
CVG-BNA,1649,6.813106796116505,15.342631898120073
PSG-WRG,3566,-0.38311688311688313,15.339315759955133
LAS-IAD,8444,-0.33535209595059967,15.336333491236381
SMF-BUR,25491,2.899500845026137,15.334824055549017
MDW-DAY,1174,0.9001706484641638,15.332197614991482
DTW-PIT,12105,2.490246321706067,15.324246179264767
OMA-IAH,9039,2.5254557581147177,15.322491426042703
ATL-CSG,10593,4.202463287541449,15.321438685924669
DEN-VEL,3140,1.6967450854012247,15.318471337579616
MSP-PSP,1828,-5.203185063152114,15.317286652078774
DFW-GCK,6170,3.930016313213703,15.316045380875204
DTW-CHA,3650,1.8682618261826183,15.315068493150685
PHL-MSP,20700,0.1744433688286544,15.314009661835748
DBQ-ORD,4349,0.5545580110497238,15.313865256380776
ALB-CLT,9965,1.1774112440913205,15.313597591570497
AEX-IAH,5172,0.20619554695062922,15.31322505800464
DTW-CLE,12613,3.4936538156433445,15.309601205105844
BUF-CLT,10869,5.008935974205436,15.309596098997147
BRO-DFW,10262,6.392448400665167,15.308906645877995
DEN-LBL,2698,0.006340917568071615,15.30763528539659
KOA-DFW,797,1.0138888888888888,15.30740276035132
MSP-MIA,10213,-0.879127358490566,15.304024282776854
XNA-CVG,856,4.839766081871345,15.30373831775701
SJU-IAH,6868,0.6612549363756033,15.302853814793243
BUR-SEA,12209,0.40370370370370373,15.300188385617167
IDA-DEN,8845,4.7387704174228675,15.296777840587902
DCA-IND,13339,0.566284042313752,15.293500262388484
LBL-DDC,752,10.318666666666667,15.292553191489361
ATL-AEX,10139,2.276351016360932,15.287503698589605
ICT-LAS,3423,1.4284460052677788,15.27899503359626
LAX-BOI,12240,2.2176191255935813,15.277777777777779
FAY-CLT,8779,1.965308684240557,15.27508827884725
STL-MSP,21028,2.334332762231106,15.270116035761841
ATL-RIC,35568,2.2625235829132992,15.269343229869545
CID-ATL,6098,2.35874217978268,15.267300754345687
GNV-ATL,18897,3.984670061531933,15.266973593692121
BHM-LAS,2797,0.7228183118741058,15.266356810868789
DTW-ESC,4986,3.808260781534724,15.262735659847573
JAX-HOU,3651,0.5423309510720176,15.256094220761435
SAF-PHX,3107,4.757175104804902,15.25587383327969
IAD-RDU,9428,2.7556546670914304,15.25243954179041
RSW-IAD,3311,5.069247051708497,15.252189670794323
ORD-STT,695,-1.6445086705202312,15.251798561151078
PSP-OAK,2636,-0.05690440060698027,15.250379362670714
JAX-CLT,22347,3.7219507821955267,15.250369177070747
OAK-OGG,8492,-3.4217478476235406,15.249646726330665
CMH-STL,5581,1.3984571223537854,15.248163411574986
EVV-ATL,9549,3.3821027203024894,15.247669913079903
IAD-MSP,10441,3.6275074383338133,15.24758164926731
ATL-BTR,19591,2.79596848460043,15.246796998621818
CVG-IAD,4047,5.003958436417615,15.245861131702496
BUR-OAK,34713,1.8683012561945374,15.245009074410163
SEA-CLT,9951,2.8681451612903226,15.244699025223596
CLT-BGR,2086,0.43392599711677077,15.244487056567593
PAE-DEN,1181,2.438507209499576,15.241320914479257
LAX-PRC,2198,11.783759124087592,15.241128298453138
SFB-ELM,1096,2.451376146788991,15.237226277372262
JAX-MSP,1871,1.6870310825294748,15.232495991448422
BNA-STL,9705,1.6459364686468647,15.229263266357549
DTW-GRR,15967,2.7988592202582425,15.225151875743723
MSY-MSP,4053,0.634677219886223,15.223291389094499
DTW-APN,4605,2.95850622406639,15.22258414766558
KOA-LAX,16048,1.3540077529073402,15.216849451645064
MSP-MLI,2379,1.270886075949367,15.216477511559479
LIH-LAX,15256,2.7611125723303522,15.21368641845831
LIH-SJC,2833,-1.090137857900318,15.213554535827745
DTW-MKE,16335,2.939315924972416,15.212733394551575
MLB-CLT,7015,2.7529681018452297,15.210263720598716
SBP-PDX,835,3.4598802395209582,15.209580838323353
MCI-PHX,20646,1.1179238418627213,15.203913591010366
IAD-DTW,14411,4.1207112098902625,15.203663867878703
FAI-SEA,17516,-0.9728941499399554,15.203242749486185
AZO-MSP,1763,-0.8767045454545455,15.20136131593874
SBN-DTW,10223,2.632279534109817,15.201017313900028
DFW-TXK,8901,3.293832450107115,15.200539265251095
DIK-DEN,2060,1.5321637426900585,15.194174757281553
STL-SNA,724,0.278393351800554,15.193370165745856
BOI-DEN,22335,2.7326328079392876,15.19140362659503
SEA-IAH,20439,-0.01477518162183389,15.18665296736631
EWR-HHH,698,-0.25396825396825395,15.18624641833811
LGB-STL,1304,0.6073903002309469,15.184049079754603
MLI-ATL,8322,2.6494634028698902,15.17664023071377
PHF-CLT,4540,3.1591611479028696,15.176211453744493
PIT-DAL,2867,-1.7300420168067228,15.172654342518314
ASE-SLC,1793,8.937430167597766,15.170105967651981
ALB-LGA,2492,0.763855421686747,15.168539325842698
DEN-JMS,5282,2.4194727727535117,15.164710336993565
PHL-CMH,9137,0.929299572509043,15.158148188683377
SNA-DFW,28534,3.526661255602216,15.157356136538866
DTW-SNA,1313,-2.7778625954198475,15.156130997715156
MSY-IAH,29675,2.71478231522106,15.154170176916596
MKE-DEN,23000,-0.13437322992462203,15.152173913043478
CLE-MSY,693,6.307803468208093,15.151515151515152
DTW-PVD,7590,3.0625825191444416,15.151515151515152
ACY-TPA,3538,2.1082459620289034,15.149802148106275
ONT-SMF,20141,1.7668736031785448,15.14820515366665
IAH-LEX,1677,1.8863636363636365,15.146094215861657
ATL-HHH,3427,8.559397163120567,15.144441202217685
ERI-DTW,3434,0.6183673469387755,15.142690739662202
ORD-ATY,601,-2.5379426644182126,15.141430948419302
LYH-CLT,2914,0.4498281786941581,15.133836650652025
ROC-PHL,1348,5.502602230483271,15.133531157270031
SYR-PHL,2141,2.410388394946186,15.133115366651099
JAX-BWI,12430,1.2838142834112527,15.132743362831857
ORD-MCW,1520,-1.5303941215764862,15.131578947368421
CMH-JFK,9299,-0.15475035047988783,15.130659210667813
COS-MDW,1712,-1.276670574443142,15.128504672897197
ATL-TUS,6835,-0.34608058608058606,15.128017556693491
MRY-SAN,2413,3.5865504358655045,15.12639867384998
MSP-RSW,11695,-1.091851597977894,15.126122274476273
IAD-JST,1415,6.985042735042735,15.123674911660778
ONT-CLT,1078,9.513463324048283,15.120593692022263
PIT-MIA,5119,-0.13849167482859942,15.120140652471187
MSP-HNL,2183,-4.297695852534562,15.116811726981219
CMH-MYR,516,1.1245136186770428,15.11627906976744
PIE-BGR,1178,0.14824335904027422,15.110356536502549
DTW-TVC,11736,4.482048213369807,15.107361963190183
SAT-MDW,6448,0.6606948122760554,15.10545905707196
ATL-MHT,1715,-0.768107476635514,15.10204081632653
MOB-ATL,18707,2.66177494510203,15.10129897899182
TPA-ALB,2782,2.724162765574361,15.09705248023005
ACY-ATL,1199,3.9857740585774057,15.095913261050875
TUS-HOU,1431,-0.17030260380014076,15.09433962264151
SEA-ELP,994,0.6430738119312437,15.090543259557343
DTW-AZO,8990,4.042944785276074,15.083426028921023
SEA-IAD,15276,-0.40969076226117784,15.082482325216025
DTW-MDT,7101,2.8782485875706216,15.082382762991129
PIE-PIA,988,-0.19086294416243654,15.08097165991903
IAH-MEI,2248,5.010714285714286,15.080071174377224
IAD-GSP,1214,3.5238879736408566,15.074135090609555
MSP-RST,9865,3.8049969530773917,15.073492143943234
SDF-MSP,4997,4.240673886883273,15.069041424854912
SDF-BWI,9696,1.6283853628281992,15.068069306930692
CVG-MDW,8470,1.6536141015024253,15.064935064935064
SAT-BWI,7642,0.49185924369747897,15.061502224548548
MSP-BOI,7353,-0.6997278911564626,15.055079559363524
BIL-DEN,12071,1.2707814833250373,15.052605417943832
ATL-STL,35162,2.192967971530249,15.050338433536204
LAX-EUG,6465,2.146862896979086,15.050270688321731
IAD-ATL,33965,1.123087355169669,15.047843368173119
TUL-AUS,1622,3.1440049443757725,15.04315659679408
DFW-HRL,6887,1.334450109249818,15.042834325540873
LAX-STS,3770,0.0673616680032077,15.039787798408488
MSP-HLN,1656,-1.585144927536232,15.03623188405797
MCI-PDX,2960,-1.1471583220568335,15.033783783783782
IAH-GPT,5960,3.5522413211998654,15.033557046979865
LAX-MSP,27694,-0.2835756129312215,15.032136924965696
BTV-DTW,5289,1.9524350956983134,15.031196823596144
MSP-CLT,23243,0.358128503665373,15.028180527470635
MSP-RDU,9511,-1.6509324623327364,15.024708232572811
BMI-ATL,8453,2.8720047449584816,15.024251744942624
MSP-SYR,1338,1.0097305389221556,15.022421524663676
CLT-ATL,56339,1.9085645270150262,15.021565877988605
HVN-PHL,2417,2.6473509933774833,15.018618121638394
SFO-SUN,1738,0.13024420788979335,15.017261219792866
MCI-PNS,626,0.8256,15.015974440894569
PDX-LIH,1139,-9.124223602484472,15.013169446883232
ATL-GNV,18907,2.5634676564156944,15.010313640450626
SEA-ATL,31161,-0.056086494835408826,15.009146047944547
LAX-DCA,13167,-4.429400091589071,15.007215007215008
MEM-DCA,6386,1.6772012578616353,15.001565925461948
MRY-DEN,2427,5.371475953565506,14.997939843428101
TUS-DFW,21462,5.34974517230093,14.99394278259249
ECP-STL,2381,2.3652795292139555,14.993700125997481
IAH-LFT,10026,2.9702851425712855,14.991023339317774
DTW-LSE,854,0.714622641509434,14.988290398126464
STL-PDX,2636,-0.595501334349981,14.984825493171472
GRR-PHL,1635,2.5232843137254903,14.984709480122325
MOT-DEN,6447,5.774470074812967,14.983713355048861
MSP-SMF,5486,-2.698230249954388,14.983594604447683
LAX-ITO,2009,-1.5134462151394423,14.982578397212542
LWB-IAD,821,4.060901339829476,14.981729598051158
PIT-DEN,13652,-1.3210773521209453,14.97949018458834
ORF-MSP,948,8.225531914893617,14.978902953586498
DAY-CLT,11164,2.713850017940438,14.9767108563239
PHX-BFL,10284,4.083252095925132,14.97471800855698
LAR-DEN,5937,5.592573839662447,14.973892538319017
SAT-DEN,22494,1.3382044998886167,14.972881657330845
JAC-SLC,10782,3.4954068850329407,14.969393433500278
ATL-SLC,29677,0.04430422459171278,14.96782019745931
IAD-CLE,6588,3.9758248441538697,14.966605950212507
MSP-LAS,26402,-2.190929430055743,14.964775395803349
ABQ-HOU,8794,1.8417504570383911,14.964748692290197
RIC-MIA,3368,0.5560844986611128,14.964370546318289
PGD-PSM,1043,3.0398445092322643,14.956855225311601
LAX-PSC,515,2.545631067961165,14.951456310679612
MSP-GEG,7660,-1.3217789404839764,14.947780678851174
RDU-HOU,2710,-0.716246290801187,14.944649446494465
BOS-CMH,10088,-0.18290988487495038,14.938540840602696
PAE-SAN,569,3.181338028169014,14.938488576449913
OAK-LIH,4271,-3.091463414634146,14.937953640833529
ATL-IND,35876,2.2065068779820867,14.937562716021855
PIE-SBN,877,0.49714285714285716,14.937286202964653
DTW-SDF,8402,1.9921344297461565,14.936919781004523
IAH-CAE,1413,0.5791341376863024,14.932767162066526
MAF-PHX,2632,6.167173252279635,14.93161094224924
PDX-SMF,17326,2.7040610016752353,14.931317095694332
BLI-SEA,5995,4.679512846179513,14.929107589658047
FAT-PHX,10960,8.137364142844095,14.927007299270073
ATL-PWM,5715,0.8338893766461809,14.925634295713037
ONT-OAK,19410,2.0720432878124195,14.925296239052036
SBA-DEN,10211,3.086510986304069,14.925080795220842
DTW-ORF,7552,3.474047524226736,14.923199152542374
DTW-PBI,3345,0.03889886295631358,14.917787742899852
DEN-RKS,5799,3.3918614718614717,14.916364890498363
DTW-PLN,7583,4.330531091539899,14.914941316101807
SEA-RDU,6189,-3.199902881191324,14.913556309581516
BIL-SEA,1945,1.5472379969024264,14.910025706940875
TUL-DEN,17399,2.67550279490578,14.90890281050635
DCA-SLC,4267,4.035932362611555,14.905085540192173
LAS-SBN,698,-0.7697841726618705,14.899713467048711
OMA-SEA,3853,-1.296594749155186,14.897482481183493
PNS-DAL,2484,1.601537216828479,14.895330112721417
DCA-ATL,60822,1.3785355407297586,14.894281674394133
DEN-RIW,2303,4.656481885639459,14.893617021276595
TPA-CLT,30692,4.108950305086958,14.893131760719406
ATL-MCI,33809,1.5838765110215691,14.889526457452156
DCA-CID,833,-2.037484885126965,14.8859543817527
SEA-MKE,5610,-0.34537003932785126,14.884135472370765
CMH-MDW,16092,1.4101781487479756,14.883171762366393
BOI-BUR,800,0.571964956195244,14.875
CMH-BOS,10141,-0.5226756249382473,14.870328369983236
LAS-MLI,713,1.1980337078651686,14.866760168302944
SJC-DEN,25184,0.7624357799992034,14.866581956797967
BDL-CLT,18062,1.1363308754227421,14.865463403831248
IAH-STT,1036,-2.0822050290135397,14.864864864864865
GPT-CLT,5483,4.053891121666058,14.864125478752507
ROC-CLT,9191,3.6272370144041903,14.86236535741486
PDX-PHX,30505,3.444225527862608,14.859859039501721
ATW-DTW,7943,3.55547150781644,14.85584791640438
MSP-OMA,15369,0.9319262588756433,14.854577396056998
SLC-SAT,8415,0.5108462455303934,14.854426619132502
DEN-GCC,6935,1.8091724537037037,14.852198990627253
PAH-ORD,5138,5.090962326761663,14.850136239782016
PBG-IAD,2101,8.553008595988539,14.850071394574012
OGG-LAX,28981,0.9393300376810593,14.847658810945102
DTW-MSN,13896,2.4087470278838534,14.845998848589522
DFW-SPS,9001,3.1256544502617802,14.84279524497278
DTW-GRB,9109,2.428791377983064,14.842463497639697
LAX-KOA,16089,-2.1076453741750716,14.842438933432781
SEA-ONT,14756,0.1494299674267101,14.841420439143398
LFT-ATL,11693,4.543653516295025,14.83793722740101
ATL-SRQ,22868,2.638331434580668,14.837327269546966
DSM-PHX,7252,3.753623188405797,14.837286265857694
ABE-ATL,8796,2.3224666590675938,14.836289222373805
AEX-ATL,10131,4.360134666798693,14.835652946402131
PIT-PHX,7590,-0.8812731114632858,14.835309617918313
OGG-ORD,1537,1.197773411918795,14.83409238776838
MSP-SJC,4409,-3.090847149670679,14.833295531866636
ABE-DTW,6193,4.526622430814047,14.82318746972388
PHL-DTW,25509,2.4136456371625865,14.822219608765533
CSG-ATL,10586,3.75685903500473,14.821462308709615
ATL-SYR,9595,1.6701117026829524,14.820218863991663
LAX-LIH,15299,-1.991086058858229,14.811425583371463
PSP-DEN,13189,1.6192360371328565,14.807794374099629
CHS-CLT,19924,3.4564824120603017,14.806263802449307
ONT-DEN,18722,1.090509854327335,14.806110458284373
MAF-HOU,10687,2.291424282229311,14.80303172078226
RDU-MDW,10578,0.6780159332321699,14.794857250898092
BTR-IAH,12072,1.6894863496805244,14.794565937707091
IAH-LBB,7213,2.74206570155902,14.792735338971303
PHL-MHT,2664,1.0781661029688088,14.78978978978979
PSP-SMF,1630,1.702088452088452,14.785276073619633
LAX-PDX,43400,0.3437024396993036,14.783410138248849
DEC-ORD,2821,8.844870429534966,14.781992201347041
MEM-CLT,16150,5.771943962310935,14.78018575851393
ATL-MEM,32706,2.0463407915276544,14.777105118326913
LAN-MSP,2606,2.771450557906887,14.773599386032233
TUS-DEN,21191,2.131420726222601,14.770421405313577
BNA-BDL,1361,2.008843036109064,14.768552534900808
SMF-SNA,22375,1.8314993737699052,14.766480446927375
DTW-CHS,3428,2.354178842781999,14.760793465577596
LBL-DEN,2588,1.4810224632068165,14.760432766615148
IAH-SHV,7643,2.371488579679706,14.758602642941254
IAH-JAN,9568,1.8225857187794905,14.757525083612041
HOU-SNA,2515,1.081307293742527,14.751491053677931
ATL-BQK,8916,4.653984691580369,14.748766262898162
IAH-PIB,2346,3.8685224839400427,14.74850809889173
HRL-DFW,6871,3.548956661316212,14.743123271721728
SJC-MDW,4389,-0.6218198487279395,14.741398951925266
BUR-SMF,25463,1.077303794485034,14.735105839846053
EAT-SEA,1378,5.325834542815675,14.731494920174166
AGS-ATL,23266,3.8059688655715145,14.72964841399467
LAS-FAR,1039,0.3056092843326886,14.725697786333011
BGR-CLT,2078,-4.732946298984035,14.725697786333011
CHS-IAD,5732,3.6164862032832694,14.724354501046754
DTW-SCE,4415,3.4838342440801457,14.722536806342015
BUF-LAS,3764,-2.599041533546326,14.718384697130713
PHX-SAF,3112,2.114764667956157,14.717223650385606
PWM-IAD,3012,4.566200931470393,14.707835325365206
MSP-FSD,16225,1.0560707220573688,14.705701078582434
XNA-IAH,7509,4.012571887120503,14.702357171394326
TUL-MSP,2401,0.1558061821219716,14.702207413577675
PBI-CLT,17646,4.561212327600885,14.700215346254108
DFW-GGG,6449,3.043032468541246,14.69995348115987
JMS-DVL,5130,2.743423635649784,14.69785575048733
JNU-SEA,14143,0.9140104830712565,14.692780881001202
MSP-CVG,12497,-0.9355277911260612,14.691525966231897
FSD-MSP,16221,1.9494295405488744,14.69083287096973
ATL-CHA,26936,3.503010033444816,14.690377190377191
SLC-BWI,7675,-1.5818514644351465,14.684039087947884
SLC-IND,1478,0.9559322033898305,14.682002706359945
DTW-BUF,11123,2.122311223112231,14.681291018610088
DTW-ATL,49953,0.37721848992279156,14.677797129301542
LAX-CLD,627,4.394568690095847,14.673046251993622
OME-OTZ,1227,-1.8783333333333334,14.66992665036675
LEX-LGA,1023,-0.8379174852652259,14.66275659824047
ATL-ELP,7545,-1.0163281561131023,14.65871438038436
MCI-BWI,8009,0.6889473025409939,14.658509177175677
ATL-BZN,1924,0.04384133611691023,14.656964656964657
MSP-FAR,18327,1.718118238443886,14.655972063076335
DTW-MSY,10208,-1.9557235421166306,14.655172413793101
MSP-JAC,935,-2.306434023991276,14.6524064171123
AUS-SLC,11126,3.7214221422142213,14.650368506201689
RNO-DEN,18439,1.4306803943999564,14.64829979933836
CVG-STL,642,3.228125,14.641744548286603
HYS-DEN,5444,6.44949402023919,14.639970609845701
SHV-ATL,16886,4.231258167993347,14.639346203955938
CVG-XNA,854,6.7330210772833725,14.637002341920374
BHM-DTW,4100,4.588954056695992,14.634146341463413
CAE-CLT,9472,1.5682130402620733,14.63260135135135
DTW-ABE,6185,1.5242419328684935,14.632174616006468
CIU-MSP,2563,5.2976143918654675,14.63129145532579
SUN-LAX,1285,-0.2856031128404669,14.63035019455253
MSP-PIT,9925,-0.5231560891938251,14.629722921914357
EUG-DEN,8396,2.7448465963566635,14.626012386850881
GSP-DEN,1901,-0.5243386243386243,14.623882167280378
CMH-PHL,9157,0.8636264216972879,14.622693021732008
HNL-PHX,10942,1.239112496561841,14.622555291537195
BUF-IAD,2209,4.361123697326688,14.622000905387052
LBB-DAL,15396,1.6671441593957546,14.620680696284749
BUF-MDW,8892,0.7749576988155669,14.619883040935672
AMA-IAH,6937,4.96166087962963,14.617269713132478
ATW-MSP,9346,1.3644149448667167,14.615878450674085
AVL-ATL,20560,1.7366114897760467,14.615758754863814
DTW-SAN,9073,-3.1468082752516873,14.614791138542929
IND-CLT,17989,3.9412779694979405,14.614486630718773
FSM-ATL,3696,4.155495251017639,14.61038961038961
FWA-DTW,7406,3.169436562626672,14.609775857412908
PHX-IAH,25931,2.5678195605075826,14.60799814893371
PHX-IDA,1020,-1.3822660098522168,14.607843137254903
SLC-SEA,38622,-0.26130913804277384,14.605665164931905
IAH-HRL,7066,2.8111758851130384,14.60515142938013
DFW-CYS,630,1.1629392971246006,14.603174603174605
PDX-SEA,45356,1.948527302813017,14.602257694682072
ALB-MDW,6657,-0.871133242794628,14.601171698963498
PSC-DEN,6938,3.6276503049665987,14.600749495531854
ELP-DAL,14142,2.0865056818181817,14.594823928722953
ECP-HOU,4750,1.1809161916824995,14.589473684210526
GEG-SAN,1981,0.16582406471183014,14.58859162039374
PHX-PSP,17585,3.22536335138216,14.58629513790162
PDX-OAK,19821,1.271639832433251,14.585540588264973
SLC-STL,8790,0.09917920656634747,14.584755403868034
ATL-AVL,20572,3.397598594299102,14.582928251993
BMI-ORD,5316,0.5236213062300019,14.578630549285176
IAD-SJU,3032,-0.8035006605019815,14.577836411609498
AUS-STL,7189,1.3479047751635806,14.577827236055086
STL-CLT,17274,4.325504523312457,14.576820655320134
OKC-DAL,5454,3.2363101800808525,14.576457645764576
JNU-ANC,10860,0.5770222959277685,14.576427255985266
MSP-GTF,3074,0.17579908675799086,14.57384515289525
PUB-DEN,3191,5.6879899655064285,14.572234409276088
SEA-FAT,8695,2.15475779542055,14.57159286946521
GNV-CLT,7110,4.13731848301142,14.571026722925456
MCI-SAT,1764,-1.1448863636363635,14.569160997732428
ACV-LAX,2485,9.391619661563256,14.567404426559355
BQK-ATL,8904,3.4365088291530763,14.566486972147349
TYS-EWR,3124,2.093277581215825,14.564660691421254
LAX-BZN,3990,-0.9544195416771594,14.561403508771932
TUL-DAL,11517,0.8915767490428124,14.561083615524876
FWA-EWR,625,3.889245585874799,14.56
MCI-IAH,11457,0.803483893557423,14.558785022257133
DTW-MEM,6829,0.8594665885111371,14.555571826036024
LAX-IAH,45306,0.9531526744597946,14.554363660442327
TPA-ATL,66131,2.687320146608912,14.55293281516989
SHD-IAD,1711,9.116306253652835,14.552893045002921
PSP-DFW,8336,4.5458599493792935,14.55134357005758
SEA-PSP,12703,-0.2944010108189213,14.547744627253403
MSP-PIA,1176,-0.05541346973572037,14.540816326530612
SFB-PSM,908,0.7644444444444445,14.537444933920703
SJC-BUR,28039,2.0070372222619133,14.536895039052746
SJC-BOI,4486,0.1961178045515395,14.534106107891217
CVG-SEA,3386,-3.159467455621302,14.530419373892498
BHM-HOU,5226,0.7939370683039141,14.523536165327211
SAF-DEN,1563,1.225,14.5233525271913
JAN-HOU,3396,-1.4619469026548673,14.517078916372203
PDX-OGG,7085,-4.186738452819496,14.509527170077629
OGG-LAS,3019,-1.9239455330454998,14.508115269956939
ATL-AGS,23264,3.2953840854288665,14.507393397524071
ATL-PVD,9162,1.8007436570428696,14.505566470203012
MSP-MSN,14490,0.1603095632946379,14.499654934437542
PIT-JFK,9698,0.35561524950924683,14.497834605073212
MSP-GRR,13878,0.5495163851595207,14.49776624873901
MCO-ROC,3919,1.9449846468781986,14.493493238070936
IAH-GRK,5011,2.9966,14.488126122530435
MKE-FLL,2113,-2.170697012802276,14.481779460482727
ATL-CLT,56304,1.1258109813540944,14.473216822961069
SAT-FLL,1417,-1.8649222065063649,14.467184191954836
IAH-TYS,5634,1.4360982556069777,14.465743698970538
SNA-EWR,8091,-0.6787234042553192,14.46051167964405
IND-BWI,10015,1.149014901490149,14.458312531203196
DEN-LWS,1169,-2.636520241171404,14.456800684345595
TRI-DFW,3009,-0.2528390113560454,14.456630109670987
PSG-JNU,3542,-0.6827332010206975,14.45511010728402
MHK-DFW,7949,1.887151683268188,14.454648383444457
LAX-SUN,1370,-1.410077519379845,14.452554744525548
PIA-DTW,1889,2.325914149443561,14.452091053467441
IND-MCI,4180,1.1647509578544062,14.44976076555024
MSP-ATW,9318,0.8025381802538181,14.445159905559132
RNO-MDW,1454,1.012448132780083,14.442916093535077
TLH-DCA,2154,3.7863805970149254,14.438254410399256
LGA-AVL,2826,-5.371985815602837,14.437367303609342
SEA-BIL,1940,1.975168132436627,14.432989690721648
ONT-SJC,13948,1.5972750089637864,14.43217665615142
LBF-DEN,4047,5.241652238436805,14.430442302940449
PIT-DCA,8510,0.03565125308859866,14.430082256169213
GRK-IAH,5004,3.8605163097858717,14.42845723421263
IND-MDW,2551,0.28150765606595995,14.425715405723247
ATL-ROC,9548,1.748845992446496,14.421868454126518
DTW-PIA,1921,3.1279373368146213,14.41957313899011
IAD-PIT,7014,3.595920696049066,14.414029084687769
SEA-BLI,5808,2.2343211578221918,14.41115702479339
TUL-IAH,14041,2.7621532742350587,14.400683711986325
OAK-LGB,18375,0.5767616763856341,14.399999999999999
RDU-BNA,14238,1.747150696496412,14.398089619328559
SCE-DTW,4411,4.692010894235134,14.39582861029245
MSY-CLT,18430,4.219734840252119,14.389582202930004
BGM-DTW,5386,5.441493313521545,14.389157073895284
LAX-ACV,2502,1.4060211554109032,14.388489208633093
DTW-BTV,5303,0.6580193145237644,14.388082217612672
SAT-IAH,22532,1.7479013990672885,14.38398721817859
SLC-BNA,5597,0.7110075295804948,14.382705020546721
SJC-OGG,8261,-2.4082746906090753,14.380825565912117
SHV-CLT,4993,4.038035822097002,14.380132185059082
LAN-DTW,10496,3.5295127300467244,14.376905487804878
MSP-MSO,4963,-0.672466113696136,14.366310699173887
DTW-CID,6314,1.1553012239707519,14.364903389293634
GEG-SEA,41365,1.598132423736604,14.364801160401305
PDX-LAX,43151,0.8934093701462782,14.361196727769924
JFK-SNA,1330,-7.2,14.360902255639097
ATL-OAJ,10675,3.197819753782539,14.360655737704919
IAH-HSV,5572,1.4182112650710814,14.357501794687725
AUS-MSP,9166,3.534200174825175,14.357407811477199
SIT-SEA,3044,3.314370272936534,14.35611038107753
STS-PDX,1345,4.898141263940521,14.349442379182156
SJC-DFW,13022,2.5806675938803894,14.344954692059591
DTW-GSP,5426,1.3807678110003692,14.338370807224473
SFO-LIH,5440,-0.6888929821329896,14.338235294117647
CLT-DTW,32228,0.567780815109344,14.335360556038227
MDT-CLT,9308,1.614936954413191,14.331757627847013
FAR-MSP,18305,2.0874603695200613,14.323955203496313
DTW-CMH,12343,2.9332630554654555,14.323908288098517
PHX-MFR,4217,2.7982372558361126,14.322978420678206
MRY-PHX,9119,5.196856451967466,14.321745805461125
MKE-SLC,1669,0.3137372525494901,14.319952067106051
MSP-SEA,27485,-2.5350260464099668,14.313261779152263
MSP-MYR,545,-0.31860036832412525,14.311926605504588
BGR-PHL,3298,1.989364934670313,14.311704063068525
DTW-ITH,4968,2.5607628322174882,14.31159420289855
PNS-IAH,10671,2.546002448441473,14.309811639021646
HPN-BOS,608,-0.42105263157894735,14.309210526315788
BOS-ILM,664,-1.5444947209653093,14.307228915662652
ATL-VLD,9338,4.955137170521786,14.30713214821161
ATL-HDN,895,-2.5824800910125143,14.30167597765363
ATL-MSP,42597,0.28925775280370536,14.299129046646478
SJC-PSP,1175,0.11433447098976109,14.297872340425533
IND-HOU,4700,-2.098826040554963,14.297872340425533
OMA-CLT,5925,2.511336717428088,14.29535864978903
ATL-AVP,1833,1.5362239297475302,14.293507910529188
SAN-FAT,6935,1.802078822000866,14.289834174477289
JAX-IAH,8104,3.8998636757962575,14.28923988153998
PHL-EWR,812,-1.3977832512315271,14.285714285714285
MSP-SJU,539,-7.396648044692737,14.285714285714285
ATL-MTJ,504,-4.940119760479042,14.285714285714285
SEA-PSC,14260,3.0252613851659533,14.284712482468443
MSY-ATL,48544,1.9908811454271627,14.279828609096901
ATL-ROA,13072,2.439805900023107,14.274785801713586
JAX-DEN,6089,0.6712328767123288,14.271637378879948
LBB-DEN,4989,2.9410818419465112,14.271397073561836
STL-DTW,15139,1.6989488993190982,14.267785190567409
SDF-TPA,3806,1.146547179757512,14.266946925906462
MEI-IAH,2524,1.7765873015873015,14.263074484944532
ATL-GTR,9571,1.767368751964791,14.261832619371017
DAB-CLT,9306,2.2440469776963687,14.259617451106813
TPA-IAD,9924,1.6654890481477742,14.258363563079405
ATL-GSP,32517,1.2364347049952293,14.257157794384476
YAK-CDV,3493,-2.228463329452852,14.257085599770972
IND-DCA,13356,0.5854813256180957,14.255765199161424
PDX-DEN,36783,0.6354612636688391,14.248429981241333
PIE-BMI,744,0.23004059539918809,14.24731182795699
MSP-IND,12790,0.006891690813689404,14.245504300234558
TVC-MSP,2450,2.5758071107478546,14.244897959183673
PDX-ORD,21392,1.2671795112341104,14.243642483171278
IND-JFK,8878,-0.5233201581027668,14.237440865059698
MSP-AZO,1770,0.9914917753828701,14.237288135593221
MCI-RDU,857,-1.1144859813084111,14.23570595099183
CLE-DEN,16076,-0.81232859636001,14.232396118437421
ATL-EYW,15918,4.805622236260265,14.229174519411986
IAD-RIC,1202,1.5108153078202995,14.226289517470883
SLC-MDW,7241,-0.43605782596608283,14.22455461952769
TUS-LAS,10802,0.3968871595330739,14.21958896500648
MYR-CLT,17499,1.0117364172439458,14.2179553117321
MSP-GRB,10518,1.221227986673013,14.213728845788173
SJC-PHX,31099,2.344526722472634,14.212675648734685
PWM-CLT,6612,2.8877767667576584,14.201451905626133
JMS-DEN,3183,11.585880869839269,14.200439836632109
SEA-HLN,958,0.8083769633507853,14.19624217118998
BOI-LAX,12329,1.6074417093183848,14.194176332224837
MSP-DSM,9814,1.0408975012748598,14.19400855920114
FAY-ATL,12952,4.875715833462312,14.190858554663372
SEA-SBA,4102,-0.40430212661940845,14.188200877620675
SEA-RDM,11130,3.011344197353021,14.186882300089849
ORF-MIA,5035,2.0676241771394372,14.180734856007945
PHX-XNA,811,0.5438813349814586,14.180024660912455
HNL-LAX,53092,0.9412652022249458,14.179160702177352
ORF-BWI,14546,0.6715750361246817,14.175718410559604
VPS-SDF,642,0.8517940717628705,14.174454828660435
HNL-SNA,501,0.6847389558232931,14.171656686626747
SYR-IAD,1948,5.0102774922918805,14.168377823408623
MHT-CLT,7277,-0.7684661052050256,14.167926343273326
BLI-AZA,946,2.260593220338983,14.16490486257928
TUS-PHX,19168,4.740226525392766,14.159015025041736
CLE-MSP,11943,2.0184579243225103,14.150548438415807
SEA-OMA,3859,-0.2457781241881008,14.148743197719615
MOT-MSP,12953,2.6763819095477386,14.143441673743535
LIH-SEA,7930,-5.368753953194181,14.136191677175283
GEG-ATL,1620,-0.9925558312655087,14.135802469135802
GRR-MDW,8261,-0.5486843700739663,14.126619053383369
FSD-ATL,3030,5.930532583526299,14.125412541254127
DTW-SEA,20666,-3.2674773509035413,14.119810316461823
ANC-AKN,1771,0.5161107970604861,14.11631846414455
DTW-MBS,10485,3.426414373088685,14.115402956604672
SMF-PHX,33265,2.9953040337146297,14.113933563805803
SAT-BNA,6731,1.0270873641910998,14.113801812509285
AVP-DTW,3897,4.249807445442875,14.113420579933281
MAF-DAL,14674,1.881038606081312,14.113397846531281
PVD-CLT,14008,1.0864586315488118,14.113363792118788
TVC-DTW,11734,3.410691448546338,14.112834498039884
ATL-ABE,8808,1.6993739328400683,14.112170753860125
IAH-CRW,1396,-0.12716763005780346,14.111747851002864
DTW-SYR,9872,1.154658006900751,14.110615883306322
MCI-MDW,22762,1.10166057349249,14.106844741235392
SJC-LIH,2850,-4.084769609567358,14.105263157894738
DAY-BWI,936,2.4941050375133975,14.102564102564102
OMA-MDW,15002,0.7668695245101318,14.098120250633247
TUL-DCA,1057,2.3317445185891326,14.096499526963102
MKE-STL,5711,-0.8085553997194951,14.095604972859393
STT-ATL,6230,-0.7943273905996758,14.093097913322634
MFR-DEN,7089,3.6304070344631967,14.092255607278883
MLI-MSP,2393,2.4134897360703813,14.082741328875889
FWA-MSP,3125,4.066473988439307,14.08
PIE-IAG,831,-1.3025516403402186,14.079422382671481
BTV-ATL,3268,3.0730285363608467,14.075887392900857
SLC-CLT,7876,-0.6252703906349408,14.068054850177756
DTW-BWI,24252,0.84919521254643,14.064819396338446
EAU-ORD,5255,4.350542960563917,14.0627973358706
ILM-CLT,19580,3.0271514035895075,14.055158324821246
JNU-SIT,7037,-1.9386065105653911,14.05428449623419
ATL-LFT,11705,1.672098807787975,14.053823152498932
SAN-PDX,17213,0.613537244868291,14.053331784116658
ABQ-MDW,5523,0.050036390101892286,14.050334962882491
DTW-IND,14002,1.1562700964630226,14.047993143836596
SBN-MSP,4635,-1.1351526965562053,14.045307443365695
ATL-SMF,8416,-2.4051898583501963,14.04467680608365
PGD-CID,883,-0.300794551645857,14.04303510758777
PIT-MDW,14102,0.1852036102622415,14.040561622464898
MKE-PHX,14183,-1.4802854720180894,14.037932736374534
PHX-ICT,2501,-0.6829463570856685,14.034386245501798
IMT-MSP,3549,3.0476593344613647,14.032121724429416
MSP-CMH,10362,-0.3018466595765252,14.032040146689829
OKC-SAT,841,0.5345238095238095,14.030915576694412
SLC-MEM,1647,0.4276155717761557,14.025500910746814
IAH-MOB,9298,2.1078135117634362,14.02452140245214
SJC-SNA,32412,0.5727387826946237,14.02258422806368
ABY-ATL,8894,5.124028387968909,14.020688104340003
AUS-IAD,7728,1.6539159751037344,14.013975155279503
STS-LAX,3854,0.934596418375292,14.011416709911781
ATL-BOI,1613,-2.798261949099938,14.011159330440174
SLC-JAC,10792,3.476408056695263,14.010378057820608
PHX-MSP,36463,-0.23083683502238334,14.00323615720045
ONT-AUS,1350,1.9546805349182763,14.000000000000002
MSP-BDL,9186,-0.9517060939714379,13.99956455475724
JAX-BNA,9045,1.013845813026141,13.996683250414593
MSP-JAX,1873,-0.665058949624866,13.98825413774693
SDF-PHX,2653,-2.7884397431054024,13.984168865435356
EUG-PHX,3740,8.844587352625938,13.983957219251336
ELP-HOU,9540,0.8226569895866204,13.983228511530399
SAT-PHX,20666,2.3722564077716943,13.979483209135779
SEA-FCA,2476,2.3162151233319856,13.974151857835219
SMF-MDW,4430,-0.19622984328866683,13.972911963882616
CRP-HOU,11881,0.2977144302943409,13.971887888224895
OKC-BWI,1976,-0.3019827147941027,13.96761133603239
MKE-SEA,5613,-3.865519096288327,13.967575271690718
CMH-DCA,13954,0.24272890484739676,13.967321198222733
PSP-PHX,17558,4.073273649997149,13.96514409386035
SLN-DEN,881,5.100342075256556,13.961407491486947
MSP-TPA,11212,-1.8916405900759947,13.958259008205495
SMF-AUS,2594,1.1691831204026326,13.95528141865844
ATL-FAY,12958,1.9702717349229697,13.952770489273036
MCI-CLT,12779,1.6549102594247198,13.952578449017919
IAD-SAN,10243,-3.1362878713599374,13.950990920628723
LAS-DTW,31358,0.08890805699316337,13.94859366030997
MSP-MCI,18821,-0.263633945198191,13.941873439243398
MSP-FCA,3752,-1.3475234270414993,13.939232409381663
MSP-BIL,6128,-1.080634609093883,13.936031331592687
CHS-MIA,5907,1.6332937383336161,13.932622312510581
VPS-IAH,5455,1.9529867256637168,13.932172318973418
ATL-IAD,34570,2.17698166758377,13.922476135377496
MSP-SAN,12541,-3.9403068563209205,13.922334742046088
DEN-DDC,2119,-1.7578496669838248,13.921661160924964
SLC-ATL,29669,0.9931756756756757,13.920253463210758
CVG-BWI,8714,0.24183156925908883,13.920128528804224
DEN-SHR,2996,3.17570281124498,13.918558077436582
DEN-CYS,1897,4.961355214399153,13.916710595677383
SMF-DEN,31429,0.398978288633461,13.9139011740749
IND-PHL,10153,1.8287968441814595,13.907219541022359
MSY-IAD,5652,2.65356004250797,13.906581740976645
MSP-XNA,3689,-0.9877717391304348,13.906207644348061
DTW-BMI,676,-0.025185185185185185,13.905325443786982
LGB-OGG,2021,-3.5612903225806454,13.904007916872835
PIE-SYR,1187,-0.6126582278481013,13.900589721988204
BOS-HPN,619,3.2755267423014587,13.893376413570275
ATL-STT,6255,0.3282577336111556,13.892885691446843
LNK-MSP,5105,3.8619945033372596,13.888344760039178
RDU-ATL,46412,1.5967947196997476,13.880031026458676
PSP-BLI,843,2.401425178147268,13.87900355871886
GEG-PAE,591,-1.3989813242784381,13.874788494077833
SAN-LIH,2429,-4.071339693073414,13.874022231370933
LAX-RDM,4982,0.09327155519742143,13.869931754315537
ATL-ORF,25937,2.223810259579728,13.868219146393185
SNA-STL,750,-0.1539491298527443,13.866666666666665
OGG-SMF,4840,-2.0660045520380717,13.863636363636363
OAK-MDW,8815,-0.5442518248175182,13.862733976176973
DRO-PHX,7618,1.7945583596214512,13.86190601207666
AZO-DTW,8992,1.4569425901201603,13.856761565836297
RST-MSP,9868,0.32799351110209873,13.852857721929468
OKC-BNA,686,-0.6447368421052632,13.848396501457728
RNO-PHX,19718,3.07108764090586,13.845217567704635
CMH-IAD,5680,2.706805359661495,13.838028169014086
ATL-LEX,22613,2.210878623991489,13.837173307389556
ITH-JFK,1395,1.8084648493543758,13.835125448028673
GEG-SMF,3174,0.023952095808383235,13.831127914303718
PNS-HOU,3825,1.2880733944954128,13.830065359477125
IAH-AEX,5178,0.3190005810575247,13.827732715334108
SNA-ORD,21058,-0.9928609074792775,13.818976161078925
PDX-STS,1368,0.19030124908155768,13.815789473684212
FOD-ORD,1397,-1.2759856630824373,13.815318539727988
RDU-IAD,9332,1.4192753001715266,13.81268752678954
MSP-DLH,13256,2.598621420996819,13.812613156306577
EYW-ATL,15901,4.553210313447927,13.810452172819321
BDL-MDW,7661,-0.7324665090622537,13.810207544706957
BUR-SJC,27845,0.769703283281845,13.808583228586821
IAD-IND,6178,0.3333873319293698,13.807057300097119
ATL-TYS,24496,2.011203336468087,13.806335728282168
BUF-PHL,3761,1.4246137453383059,13.799521403881945
SAV-CLT,18148,1.557622254111933,13.79766365439718
DTW-IMT,2444,1.8596854304635762,13.788870703764323
PHX-ATL,34171,-0.043054618026002994,13.786544145620555
SDF-PHL,3714,1.47638326585695,13.785675821217017
MSP-CID,8982,0.6205934850513164,13.783121799153864
SJC-ORD,6022,1.149774586742361,13.782796413151777
MDT-DTW,7091,3.7979084228377613,13.778028486814273
ATL-CMH,32467,1.1009960835106547,13.770905842855823
MSP-BIS,16052,0.31690712635063395,13.767754796910042
PIE-SWF,770,-2.6248366013071895,13.766233766233766
SEA-MRY,1097,2.7461044912923924,13.764813126709207
ADQ-ANC,6605,0.03981831945495837,13.762301286903861
FAY-DFW,1061,3.9108159392789372,13.760603204524033
LGB-SJC,9798,0.31417194200530935,13.757909777505613
RDU-STL,5001,0.7312237131984779,13.75724855028994
MEM-PHL,3607,1.8349082823790994,13.75103964513446
BTV-CLT,4910,-0.6769041769041769,13.747454175152749
CLE-MDW,14834,-0.14608942320680804,13.745449642712687
ATL-BNA,37693,1.7619249973440987,13.73995171517258
DCA-SEA,6959,-7.840709240305608,13.737605977870384
OKC-IAD,830,0.2762364294330519,13.734939759036143
MCI-MKE,3903,1.448780487804878,13.733025877530105
DCA-DTW,24067,1.0327275751653013,13.728341712718661
BDL-MYR,2251,-0.5568888888888889,13.727232341181697
MCI-SEA,8859,-2.0783071178001586,13.726154193475562
AZA-STC,663,-3.955725190839695,13.725490196078432
SLC-IAD,2376,0.8509473684210527,13.720538720538721
VPS-EWR,620,0.5483870967741935,13.709677419354838
OMA-STL,8024,0.6500311915159077,13.708873379860421
DTW-LEX,8579,1.7436616427152705,13.707891362629676
DTW-BDL,13077,1.1417527745885956,13.703448803242335
ATL-DAB,15039,1.742607884922749,13.697719263248887
PVD-MDW,7414,-0.9899701816210356,13.690315619099003
DTW-STL,15281,0.2583857442348008,13.690203520711997
OMA-PHX,14044,-0.7955226008840725,13.678439191113641
JST-IAD,1411,-10.862508858965272,13.678242381289865
GPT-IAH,5952,1.8046519467385809,13.676075268817204
CHS-MDW,5880,0.28157491051644795,13.673469387755102
ATL-EVV,9560,2.23101133025598,13.671548117154812
ATL-TRI,17368,2.1074456427706325,13.668816213726393
STT-IAD,2056,-0.8851651059635288,13.667315175097276
SEA-BOI,32622,0.8923039170577589,13.662559009257555
LGB-OAK,18285,0.13025876689096777,13.661471151216844
FLL-IAD,6516,0.40448747502689414,13.658686310620013
TPA-MSP,11205,0.6009838998211091,13.654618473895583
PIR-DEN,1560,3.6337395766517,13.653846153846153
IAH-LCH,5508,0.9541734860883797,13.65286855482934
OMA-MSP,15334,0.9689355870260393,13.649406547541412
AZA-RFD,982,-2.6945863125638407,13.64562118126273
SLC-TPA,2303,-2.216804527644754,13.634389926183237
DTW-PDX,3418,-4.0671357373204335,13.6337039204213
GCC-DEN,6926,5.187780512523527,13.62980075079411
CGI-ORD,2025,1.2136836886465048,13.62962962962963
ATL-EGE,1196,-3.062925170068027,13.628762541806019
HNL-EWR,2862,-1.6622097114707952,13.626834381551362
ATL-XNA,16409,0.9046891239224797,13.626668291791091
BNA-DTW,22848,1.4690060016646953,13.624824929971988
ANC-LAX,3878,-5.985005170630817,13.615265600825168
PVD-PHL,9225,-0.058466211085801065,13.615176151761519
MRY-SEA,1095,1.2845379688929552,13.607305936073057
PIE-CID,926,-2.2778378378378377,13.606911447084233
ANC-HNL,2918,-7.757398485891259,13.605209047292666
IAH-TYR,897,-0.4888143176733781,13.600891861761427
MDT-DFW,1868,4.73469387755102,13.597430406852249
SMF-LGB,13917,0.5146804835924007,13.594883954875334
ATL-CAK,8527,0.7222222222222222,13.592119150932334
BOI-PHX,12958,3.2559666331968797,13.590060194474457
CHS-DTW,3429,2.4643483343074224,13.589967920676582
PHF-ATL,5903,3.198063529811449,13.586312044723023
LAX-IAD,28627,-3.015228426395939,13.58158381947113
DCA-MSP,21716,-1.2090254706533776,13.579848959292686
BOI-GEG,6172,2.980544747081712,13.577446532728452
MAF-AUS,1510,2.4764432647644328,13.57615894039735
FWA-CLT,2888,1.632638888888889,13.573407202216067
SJU-MSP,538,-5.552631578947368,13.568773234200743
LAX-RDD,1733,4.452023121387283,13.560300057703403
RHI-MSP,7349,-1.3573569482288828,13.552864335283713
ATL-CAE,24612,1.9760927017686523,13.550300666341622
SNA-SJC,32384,0.41362695740803657,13.54681324110672
DTW-ROC,9753,1.2111909650924024,13.544550394750331
DSM-MDW,879,0.6632302405498282,13.538111490329921
CLT-FSD,687,-1.8651026392961876,13.537117903930133
BMI-MSP,1086,-0.3878116343490305,13.535911602209943
LAX-BLI,798,1.1831869510664994,13.533834586466165
ATL-ILM,14676,2.010853242320819,13.532297628781684
IAD-STL,717,5.862937062937063,13.528591352859134
DTW-BNA,22806,-0.1534273042638212,13.527141980180653
ATL-TLH,20094,1.556768885564697,13.521449188812582
ATL-PDX,12249,-3.2642419288925213,13.511307045473101
DSM-EWR,1045,1.2681992337164751,13.492822966507175
ATL-MKE,27384,0.36420813983252276,13.489628980426527
HRL-MSP,608,5.5493421052631575,13.486842105263158
ABQ-OAK,5903,0.49881396136902745,13.484668812468236
BNA-ISP,653,-1.6625766871165644,13.476263399693721
ECP-IAH,4609,2.8018744551002617,13.473638533304404
SJC-PDX,26265,0.6083892106065224,13.470397867885017
OAK-KOA,3395,-5.5941002949852505,13.460972017673049
EVV-CLT,951,1.3710359408033828,13.459516298633018
BDL-DEN,6360,-3.110427512225903,13.459119496855346
PHX-DTW,24492,-0.7864359635129055,13.457455495672054
BNA-MSP,15405,1.025107324053597,13.456669912366115
SLC-DCA,4266,-0.9547169811320755,13.455227379278012
GSP-IAH,4728,1.8697595233028304,13.451776649746192
XNA-SFO,1524,-1.4539473684210527,13.451443569553806
MSP-SNA,7792,-5.679670400411999,13.449691991786446
PLN-DTW,7476,5.342799732083054,13.443017656500803
PNS-BNA,7270,0.7824590389646152,13.43878954607978
SDF-DTW,8394,2.485567748091603,13.43817012151537
MEM-PHX,4175,3.972875660105617,13.437125748502993
EWN-CLT,6673,0.8472055288461539,13.427244118087817
SMF-ORD,9358,0.6763253917149603,13.421671297285744
HLN-DEN,3868,3.153026760197454,13.417786970010342
PHX-GRR,954,-3.9150052465897165,13.417190775681343
ABE-MYR,820,0.045121951219512194,13.414634146341465
LAX-OKC,3871,-0.40874967641729226,13.407388271764404
BOI-SEA,32409,-0.2610779554098766,13.406769724459256
SLC-SAN,24118,0.4442135881986287,13.38834065842939
SEA-YKM,1338,1.5717488789237668,13.378176382660687
SAN-ORD,27761,-0.13213962741906313,13.371276250855516
SAV-DTW,1915,0.6138147566718996,13.368146214099216
AUS-ATL,35688,1.2155409578350458,13.365837256220578
RSW-IAH,6728,0.032662192393736016,13.36206896551724
BOI-IAH,2561,1.6856357927786498,13.354158531823506
OGG-HNL,96312,2.1541704743706904,13.352437910125426
GEG-SJC,2539,-0.26713947990543735,13.351713272942103
ATL-SAV,30461,1.4326979953992771,13.35149863760218
VLD-ATL,9339,4.977806368607269,13.341899560980833
APN-PLN,1245,13.659166666666666,13.333333333333334
SAV-MIA,3811,2.3759200841219767,13.32983468905799
CHA-ATL,26871,2.513681545735453,13.319191693647426
STL-ATL,35179,0.422589374732944,13.314761647573835
SFO-MSN,706,-4.957325746799431,13.314447592067987
SLC-OAK,21436,-0.5155433159073936,13.314051128941967
DTW-RDU,12531,-0.37022534761067605,13.310988747905196
ATL-PIT,29941,0.7267956816738528,13.30616879863732
SFO-MSP,21850,-3.011419399220362,13.304347826086957
PVD-ATL,9155,-0.3857862461673237,13.304205352266521
TYS-MIA,2150,0.648623425104993,13.30232558139535
DCA-LAS,3354,-6.122308612440191,13.297555158020275
MCI-SNA,519,-1.5452793834296725,13.294797687861271
IAH-BRO,8011,0.9620538509705698,13.294220446885532
PDX-SJC,26371,0.9300781546399575,13.291115240226006
PSP-SEA,12671,-1.2339500316255534,13.290190198090126
TPA-DTW,22011,2.0879530674428124,13.288810140384353
AVP-CLT,7879,0.08089544645128466,13.288488386851125
RDM-SEA,11138,2.1489342566777587,13.2878434189262
MSP-CIU,2575,-0.5579483163664839,13.281553398058252
MHT-PHL,2659,0.714662646061063,13.275667544189545
PDX-KOA,2215,-10.078217371532515,13.27313769751693
ATL-ABQ,8395,-1.7256911344137273,13.269803454437165
ATL-ECP,20879,3.1741260084517866,13.26691891374108
SAT-SFO,3205,-0.684375,13.260530421216849
DTW-DAY,6275,1.2584610472541506,13.258964143426294
MKE-BWI,8314,-1.0098807085190986,13.254751022371902
PDX-SAN,17198,0.9397099085454651,13.251540876846146
SBA-PHX,10071,3.7536030215684324,13.245953728527454
PDX-ABQ,1737,2.0155799192152335,13.241220495106507
DAY-MCO,506,1.003960396039604,13.24110671936759
SEA-GTF,1435,1.5685314685314686,13.240418118466899
LBB-IAH,7204,2.99205796293716,13.228761799000555
ATL-ATW,4787,-0.4624265323257767,13.223313139753499
KTN-SEA,13129,-0.8600487581898522,13.2226369106558
IAD-STT,2095,-1.4801340354236476,13.221957040572793
SAT-CLT,11270,3.8298950738040194,13.220940550133097
PIT-BNA,6211,-1.581774193548387,13.218483336016746
SBA-PDX,2285,2.4027169149868537,13.216630196936544
SFO-DTW,14257,-2.340334363585277,13.21456126814898
ATL-PNS,24907,1.804669887278583,13.209137993335208
ATL-SJC,6364,-4.019034135598552,13.199245757385292
DCA-HHH,894,-3.3431151241534987,13.19910514541387
SNA-SEA,30899,-1.674638667444423,13.197838117738439
RDU-MSP,9678,-0.15479395319942016,13.174209547427154
DAY-DEN,1823,-0.5024903154399557,13.165112452002194
LAX-SDF,1185,-3.638135593220339,13.164556962025317
DLH-MSP,13257,1.9964528301886793,13.162857358376707
IAH-LRD,5472,0.8036270379190328,13.157894736842104
ELM-DTW,7632,1.5398531725222864,13.155136268343814
SEA-CHS,2532,-5.9013470681458005,13.151658767772512
RSW-CLT,17739,3.3252794399909678,13.146175094424715
CRW-DCA,2381,0.783761043331931,13.145737085258293
DTW-EVV,4846,0.5070306038047974,13.144861741642591
PHX-CLT,27321,-1.2208888399574296,13.143735588009223
AMA-DAL,12221,0.5769451504468311,13.141314131413143
MSP-GFK,12886,1.2238399252569292,13.138289616638213
MKE-MSP,19212,-0.5806720500130242,13.132417239225482
PIE-MDT,952,-2.720464135021097,13.130252100840337
CHO-ATL,11595,2.0473884469041854,13.126347563605002
SLC-MCI,8702,0.40073698756333487,13.123419903470468
MLU-IAH,4298,0.4998833683228365,13.122382503489996
GSO-DTW,4611,1.3919652551574375,13.120798091520278
CLE-CLT,16981,1.2630864561817645,13.12054649313939
GEG-PHX,9713,2.2391214683439884,13.116441882013795
BOI-OAK,7055,-0.5758865248226951,13.111268603827073
LGA-HHH,748,-7.8598639455782315,13.101604278074866
BUF-MSP,1832,1.6559080962800876,13.100436681222707
SEA-SNA,30970,-1.1112298080347027,13.090087181143042
MSP-MKE,19171,-0.4003968461176962,13.08747587501956
MSP-CWA,5540,3.4031119956576803,13.086642599277978
CLE-ATL,31155,0.10338509017262995,13.08618199325951
DTW-CLT,32162,-1.3522539642979532,13.074435669423542
HOB-IAH,4230,5.029871977240398,13.073286052009456
SAN-MIA,4040,4.8445273631840795,13.06930693069307
MKE-SAN,574,-4.237347294938918,13.066202090592336
OKC-SFO,1899,-0.5144813059505002,13.059505002632966
TUL-PHX,6716,-0.5558039040381463,13.058368076235855
MSP-ICT,6244,-2.4312780989081566,13.052530429212045
SLC-LGB,18817,0.12990470105946866,13.05202742201201
SEA-EUG,10472,0.9937846624593613,13.044308632543927
ABQ-PDX,1733,-1.5254041570438799,13.040969417195614
ROC-BWI,10154,-0.7000295828813726,13.039196375812487
DRT-DFW,2746,3.009864815491414,13.03714493809177
BDL-BWI,18609,-0.6415926822706484,13.036702670750714
CRP-IAH,11182,-0.17909913136921285,13.02986943301735
TRI-ATL,17361,0.9452899803989392,13.029203386901674
HRL-IAH,7054,2.4327086882453153,13.028069180606746
MIA-EYW,9358,-1.3923982869379015,13.026287668305194
DTW-MYR,5318,0.30346385542168675,13.012410680707031
ANC-DLG,1514,0.4648074369189907,13.011889035667107
STL-CVG,638,2.536891679748823,13.009404388714735
MSP-BZN,7941,-1.1792119222025763,13.008437224530917
SLC-SNA,17423,0.14277496548550392,13.005796935085806
GEG-DEN,16286,-0.5175092478421701,13.005034999385975
SDF-MDW,10672,0.09931474701961888,12.99662668665667
SLC-OKC,6926,1.2086528722326726,12.994513427663875
MAF-IAH,15970,2.382039382917346,12.993112085159675
LEX-MSP,963,-1.334375,12.980269989615783
BRD-MSP,6265,-0.33684546615581096,12.976855546687949
SEA-ALW,2190,1.3914835164835164,12.968036529680365
MYR-IAG,779,0.2785622593068036,12.965340179717586
PHX-RDM,4661,2.0058327932598834,12.958592576700278
ATL-GEG,1621,-4.4647713226205195,12.95496607032696
MKE-DTW,16350,2.0745930730632725,12.954128440366972
FNT-CLT,2324,-1.4294346137246439,12.951807228915662
SAT-IAD,4402,0.9713114754098361,12.948659700136304
RNO-BUR,1259,-1.2798092209856915,12.946783161239079
BUF-ATL,13837,0.04553351672216592,12.94355712943557
PSP-MSP,1824,-1.4100165107319758,12.938596491228072
ATL-OMA,18075,-0.7510808114399734,12.934993084370678
PIB-IAH,2057,1.4335766423357663,12.931453573164802
MSP-ATL,42574,-2.16547745201931,12.925729318363322
FAT-SEA,8534,0.629677571193222,12.92477150222639
ATL-CVG,25551,1.2502153653379278,12.907518296739854
BFL-DEN,5583,2.404680468046805,12.896292315959162
OKC-STL,5816,0.7690586818103596,12.895460797799174
MOB-IAH,9281,1.555795847750865,12.88654239844844
SEA-SLC,38679,-0.1500918665735062,12.885545127847154
MCI-BNA,11230,0.6358123773854111,12.88512911843277
GSP-MIA,2290,1.7914298207258417,12.882096069868995
SEA-MSP,27488,-1.0147540983606558,12.878346915017463
IND-ATL,35850,0.21359738554788973,12.870292887029288
SIT-JNU,6514,-0.7378580323785803,12.864599324531778
CLE-DTW,12485,1.041429601730908,12.863436123348018
GTR-ATL,9570,0.05787545787545788,12.863113897596657
MSP-MOT,12955,0.27262153989299837,12.859899652643767
DFW-SWO,4838,0.8799751243781094,12.856552294336504
DSM-SLC,1719,2.9848573092603377,12.85631180919139
ABR-MSP,7211,4.623230641132389,12.855359866870058
ATW-ATL,4635,1.0510491023145143,12.837108953613807
ATL-CHO,11613,0.7012897083008742,12.830448635150264
SMF-DAL,3726,0.2464940668824164,12.828770799785291
LGB-SMF,13916,-0.10437783049385378,12.819775797643002
YUM-DFW,2412,7.658853076601089,12.810945273631841
ATL-BHM,30272,1.2984457671957672,12.803911205073994
OME-ANC,4749,-1.6729228173766344,12.802695304274584
SLC-SMF,18056,0.4381443298969072,12.799069561364643
OMA-HOU,2604,-2.35741885625966,12.788018433179724
MSP-HRL,610,-8.00164744645799,12.786885245901638
MYR-DTW,5287,0.19037696533434362,12.78607906184982
ORF-DTW,7643,3.0217533743939193,12.782938636660997
SAN-PHL,7364,-1.1483201311117182,12.778381314502987
CLE-BNA,7936,-1.7736968320080777,12.777217741935484
CLT-ERI,916,-0.3432343234323432,12.77292576419214
EWN-ATL,3422,4.271022560796953,12.77030976037405
PDX-BUR,9303,1.3626077586206897,12.770074169622703
MSN-SLC,1504,-1.086436170212766,12.76595744680851
RDM-PHX,4654,4.876939655172414,12.763214439192092
ATL-JAN,24746,-0.11769707275598203,12.76165844985048
LEX-DTW,8575,2.229611480574029,12.758017492711371
OMA-DTW,8029,2.8448490895485157,12.753767592477269
DTW-MHT,1906,0.48765107724645296,12.749213011542498
OAK-SLC,21494,-0.4499394616745832,12.743091095189355
ECP-BNA,8413,0.8283946209687016,12.74218471413289
ATL-MLB,13758,0.3984568350560489,12.74167756941416
ANC-ADQ,6595,-0.36058349794864003,12.736921910538287
SJC-BWI,1210,-1.079668049792531,12.727272727272727
TOL-CLT,1611,1.0914179104477613,12.725015518311608
PIE-OMA,503,-3.0119521912350598,12.72365805168986
SLC-ASE,1832,5.9,12.718340611353712
MSP-LNK,5103,-0.7094302554027505,12.71800901430531
SWO-DFW,4825,2.024278896036522,12.704663212435232
MYR-BDL,2252,-0.8452645620275678,12.699822380106571
MKE-BNA,5011,-1.803239352129574,12.692077429654761
EVV-DTW,4854,0.3243801652892562,12.690564482900701
KTN-JNU,3152,-6.371656050955414,12.690355329949238
SLC-MSY,3397,-1.0206428782070185,12.687665587282899
PDX-ANC,7419,-3.1656102494942684,12.683650087612886
DEN-ALS,954,0.5745798319327731,12.683438155136267
RDU-SLC,2933,-4.046153846153846,12.68325946130242
MSP-RAP,13030,-1.006948733786288,12.678434382194933
SNA-ATL,9474,1.92700807479813,12.676799662233481
SJU-ATL,14644,-0.10134301767849802,12.674132750614586
CMH-DTW,12445,1.1227788051780976,12.67175572519084
CMH-MSP,10291,-1.01323085903298,12.671266154892624
SLC-PIT,616,-2.167207792207792,12.662337662337661
MSP-RHI,7377,0.48943709963200216,12.660973295377525
ATL-OKC,19841,-0.6860042411390488,12.660652184869715
AUS-DTW,10047,1.9330143540669857,12.66049567034936
PDX-SBA,2291,1.3432574430823117,12.658227848101266
MAF-LAS,4053,-0.8487021013597034,12.657290895632864
ANC-OGG,806,-9.554443053817272,12.655086848635236
MHT-MDW,6790,-2.859402720283856,12.650957290132547
WRG-KTN,3558,-1.5039570378745053,12.647554806070826
SJU-IAD,3037,-1.4509415262636274,12.644056634837012
COS-ATL,2564,0.9898318341806804,12.636505460218409
PVD-BWI,20554,-0.6936787766630954,12.635010216989393
MSP-DAY,3795,-1.8382663847780127,12.621870882740449
BDL-PHL,6830,-1.544548651817116,12.620790629575401
ANC-LAS,634,-3.816745655608215,12.618296529968454
LIH-OAK,4280,-3.0189695550351288,12.616822429906541
BDL-RDU,1197,0.7533444816053512,12.614870509607352
FAT-SAN,7182,1.2786770862405805,12.614870509607352
ATL-MYR,14445,1.125155925155925,12.613361024575978
GRR-MSP,13810,0.21743857360295715,12.606806661839249
SEA-EAT,1381,1.3427741466957153,12.599565532223025
ATL-LIT,21551,0.19502903600464577,12.584102825854949
DFW-DRT,2750,-0.6947791164658634,12.581818181818182
LAS-MSP,26423,-1.1744075829383887,12.579949286606364
GEG-BOI,5962,1.597616249790163,12.579671251257968
ATL-BDL,21029,-0.045311756306520706,12.573113319701365
ATL-VPS,21770,1.0259399189089569,12.572347266881028
ATL-GPT,13643,0.9216854180454446,12.570548999486917
MCI-MSP,18835,-0.27998299590839043,12.5670294664189
PWM-DTW,5867,0.9930010242403551,12.561786262144196
LEX-ATL,22594,0.11823620651451362,12.560856864654331
LAX-TUL,2094,-1.6250597800095647,12.559694364851959
MEM-MIA,3396,2.4305555555555554,12.54416961130742
ALB-ATL,9517,-2.3864881956155144,12.535462855941997
MCI-STL,10604,0.10455789374351232,12.533006412674464
SLC-SJC,19130,-1.4326968349463771,12.53005750130685
CMH-HOU,2028,-5.837462834489593,12.52465483234714
LBE-MYR,2308,-1.3706111833550065,12.521663778162912
ATL-BUF,13839,0.42400347247341386,12.515355155719343
ICT-DAL,831,2.033775633293124,12.515042117930205
INL-MSP,5221,1.0425368844606246,12.507182532081975
ACV-PHX,512,6.46078431372549,12.5
DTW-CVG,11076,-0.7488481344294877,12.495485734922354
RNO-OAK,5514,-1.8926174496644295,12.495466086325717
BUF-DTW,11157,-1.0503900295884516,12.49439813569956
GEG-MSP,7650,0.4281786041639387,12.483660130718954
ELP-IAH,10715,2.089274004683841,12.477834811012599
BDL-IAD,7927,2.190752905507832,12.476346663302637
MSP-DTW,25744,-0.5957397185726503,12.45338719701678
ATL-SDF,27940,0.05907429963459196,12.448103078024337
CLE-BWI,10232,-1.1571526485851367,12.43158717748241
ANC-JNU,11957,0.427608860439653,12.427866521702768
ANC-ADK,861,-6.442105263157894,12.427409988385598
RSW-DTW,19049,0.12370592253928214,12.425849125938369
LRD-IAH,5473,1.5168436470157451,12.42463000182715
PSC-SEA,14259,0.10415788734372805,12.420225822287678
XNA-ATL,16403,1.3375297928252765,12.418460037797963
CMH-BNA,6555,-1.479303497785245,12.418001525553013
ATL-CHS,31360,0.35039571100331884,12.417091836734693
GSP-HOU,1080,-5.411710037174721,12.407407407407407
RSW-MSP,11687,-1.7305681720798698,12.40694789081886
PDX-SBP,855,1.0784543325526932,12.397660818713451
LEX-DCA,1549,-1.031027795733678,12.395093608779858
KOA-OAK,3389,-5.027785988767366,12.393036293892004
ONT-SEA,14730,-1.2978853607125858,12.389680923285812
DDC-LBL,662,1.604261796042618,12.386706948640484
DSM-MSP,9850,-1.1980691056910568,12.385786802030458
PIT-CLT,23617,0.4497222104414946,12.385146292924588
LIT-PHX,1850,-1.6147186147186148,12.378378378378379
GSP-IAD,1164,0.08347676419965576,12.371134020618557
DTW-CWA,2684,0.8253373313343328,12.369597615499254
CVG-MSP,12116,-2.037952703820076,12.363816441069659
SYR-ATL,9595,-1.4336153765799644,12.360604481500783
SLC-MSN,1506,-2.141145139813582,12.350597609561753
PIT-IAD,7014,1.3436029097133078,12.34673510122612
FLG-PHX,13305,2.469102390617952,12.341225103344607
GFK-MSP,12870,0.44886849677268836,12.338772338772339
DTW-DSM,7149,-1.513729335948445,12.33738984473353
PBI-ATL,39624,0.6929338895209203,12.335958005249344
MSY-DTW,10202,-0.32731554160125587,12.330915506763379
DTW-TYS,6440,-1.2500778089013382,12.329192546583851
SAT-STL,5095,-0.5319567354965585,12.325809617271835
PDX-GEG,3751,2.4226969292389855,12.316715542521994
HNL-ATL,3329,-2.8338350391330525,12.316010814058275
CMH-RDU,731,-1.4863013698630136,12.311901504787961
PHX-GJT,8896,1.2537750732476898,12.308902877697841
ANC-BET,7762,0.5763171487603306,12.30353001803659
ANC-OME,4447,-1.0891402714932126,12.277940184393973
CLE-STL,5457,-1.2534435261707988,12.277808319589518
OAJ-ATL,10665,2.633245630520579,12.273792780121893
GEG-ORD,1744,-3.1120689655172415,12.270642201834862
SEA-PUW,1948,0.9376930998970134,12.26899383983573
ANC-MSP,5681,0.12815533980582525,12.268966731209293
PHX-FLG,13321,1.9529650812763395,12.266346370392613
XNA-DCA,2022,-2.8201689021361154,12.265084075173096
ATL-GSO,25162,0.04686505410566518,12.260551625466974
RHI-IMT,669,-10.674698795180722,12.25710014947683
MFE-IAH,13601,0.18327074589500036,12.24909933093155
ATL-GRR,14039,-0.373172644940455,12.244461856257569
PIT-MSP,10144,-0.503455766192733,12.243690851735016
ATL-HSV,23486,0.3239892642610659,12.232819552073575
COD-SLC,2919,0.612482853223594,12.23021582733813
BIS-MSP,16042,0.42414029832116334,12.22416157586336
SEA-DTW,20681,-2.2525296538368433,12.223780281417726
MSP-ESC,1113,3.99096657633243,12.219227313566936
DEN-FLG,532,-3.2052730696798495,12.218045112781954
CMH-BWI,11322,-0.6718597857838364,12.21515633280339
BOI-SAN,5724,0.13910761154855644,12.211740041928723
SYR-DTW,9860,-1.009134273825231,12.210953346855984
PHX-YUM,14463,1.8661177610184736,12.210468090990805
MCI-MIA,3810,0.9168421052631579,12.204724409448819
HIB-INL,919,-8.34934497816594,12.18715995647443
BNA-ATL,37696,-0.7063009479302196,12.184316638370118
ONT-HOU,706,-1.586894586894587,12.181303116147308
TUS-MSP,1371,-1.7562225475841875,12.180889861415025
MSP-MQT,1634,2.41871921182266,12.178702570379436
SJC-LGB,9759,-1.1806808859721083,12.173378419920073
OKC-LGA,2426,-0.8976377952755905,12.159934047815334
SLC-CDC,6151,1.8836298351558676,12.144366769630954
ANC-SEA,67588,-2.769700020729071,12.141208498550037
SAT-MIA,3575,1.3101319113106933,12.13986013986014
SMF-SBA,898,-0.9272116461366181,12.138084632516703
MYR-LBE,2316,-1.7644001732351668,12.132987910189982
GEG-OAK,6826,-1.4643014220788741,12.130090829182537
GRB-MSP,10512,-1.9196573060447406,12.128995433789955
SIT-KTN,3191,-1.5935727788279772,12.127859605139454
MSP-MBS,1171,-2.06872852233677,12.126387702818105
SNA-SLC,17427,2.0608775557087067,12.119125494921674
RDU-PIT,3302,-1.015767131594906,12.113870381586917
BFL-PHX,10272,2.294025923399279,12.110591900311526
MSY-SLC,3394,-1.4507665094339623,12.109605185621685
SMF-OGG,4840,-5.304572729153735,12.107438016528924
ISN-MSP,3876,-0.6007761966364813,12.100103199174407
BNA-OKC,686,-1.2529239766081872,12.099125364431487
OMA-MIA,926,-3.2513542795232935,12.095032397408207
MSP-IMT,3553,-0.5371525808281339,12.074303405572756
SAN-IAH,17199,-0.8945740956826138,12.070469213326355
BUF-BWI,16673,-1.24310852201069,12.067414382534638
SAT-ATL,29118,0.3955457643454614,12.064702246033383
DEN-DVL,846,-3.474969474969475,12.056737588652481
OKC-DTW,2290,5.290590809628009,12.05240174672489
MSP-BMI,1087,0.2571428571428571,12.051517939282428
FAT-PDX,4042,0.5888475836431227,12.048490846115783
DAY-DTW,6213,0.4470758820686322,12.039272493159505
SEA-SBP,2235,-3.0761990138951143,12.03579418344519
DTW-MCI,14279,-2.865857934226211,12.031654877792562
MSP-TVC,2452,-0.866067782768477,12.03099510603589
CDV-YAK,3575,-4.542096219931271,12.027972027972028
SEA-MFR,9054,0.6141147795258143,12.027833001988071
OKC-EWR,740,0.2018970189701897,12.027027027027028
MSP-VPS,674,-7.5618479880774965,12.01780415430267
PDX-TUS,1882,0.24534326769558276,12.008501594048884
PDX-PSP,4040,0.8648313492063492,12.004950495049505
PIT-STL,3049,-1.28355759763702,12.003935716628403
PIE-MLI,600,-1.7709030100334449,12.0
SJC-KOA,3384,-5.666272189349113,11.997635933806148
MSP-PDX,14339,-4.684934375872661,11.988283701792314
JAX-DTW,4038,-1.2272388985363434,11.986131748390292
DSM-STL,5482,-1.5745341614906831,11.98467712513681
PDX-BOI,7201,2.0066675927212114,11.984446604638245
GEG-PDX,3739,1.3895131086142323,11.981813319069271
TUL-CLT,5016,-0.13125250100040017,11.98165869218501
ROC-ATL,9542,-0.5648109243697479,11.978620834206666
PHX-DRO,7631,0.9751740443977407,11.977460359061721
GPT-ATL,13636,0.310554903112155,11.975652684071575
ALB-DTW,9754,-0.08135836667692624,11.9643223293008
MCI-IAD,2750,1.4062043795620438,11.963636363636363
ONT-ATL,4307,-0.4433325575983244,11.957278848386348
LAX-XNA,1397,-3.1061692969870873,11.954187544738726
LBB-PHX,2786,2.82183908045977,11.952620244077531
MSN-MSP,14463,-0.7118339100346021,11.947728686994399
JAN-DCA,2034,4.428075396825397,11.946902654867257
BUR-PDX,9326,-1.4297671423972529,11.945099721209521
ATL-TUL,14629,-1.3032523108524479,11.942032948253468
BZN-PDX,1030,-2.433980582524272,11.941747572815533
PDX-MDW,5779,-1.4358484005563283,11.939781969198823
SBA-SEA,4088,-1.63339872486513,11.937377690802348
MSP-ABQ,1643,-2.7905982905982905,11.929397443700548
ATL-FNT,5466,-0.8837123991195891,11.928283937065496
IND-MSP,12963,-0.35637065637065635,11.918537375607498
RIC-ATL,35544,-1.548485275468508,11.917623227548955
KOA-OGG,12035,2.2604937245449257,11.915247195679267
CVG-BDL,512,-2.3339882121807465,11.9140625
MBS-DTW,10492,1.485411899313501,11.913839115516584
SBP-SEA,2250,-1.157613535173642,11.911111111111111
BDL-MSP,9279,-2.308124459809853,11.908610841685526
KOA-SFO,8999,-0.8859629546976121,11.890210023335927
MKE-CLE,3576,-2.8607453068086297,11.884787472035795
PDX-ONT,6631,0.5530211480362538,11.883577137686624
ILM-ATL,14659,1.4906653901388225,11.87666280100962
HNL-DEN,4097,-3.2707669688801766,11.862338296314375
HNL-IAD,1391,-0.08309248554913294,11.86196980589504
SLC-CVG,5826,-0.8045048143053645,11.860624785444559
TUS-IAH,8444,2.24423579748039,11.854571293225959
MSP-LSE,6146,-1.0164790341001795,11.845102505694761
ONT-MDW,3403,-2.410983170947741,11.842491918895092
PSP-PDX,4037,-1.4398710637242746,11.840475600693583
BJI-MSP,7105,2.249331268478108,11.83673469387755
MSP-LAN,2603,-1.0211782826338083,11.832500960430274
MSP-INL,5233,-0.6602650278471288,11.828778903114848
ALW-SEA,2184,2.1631530705774518,11.813186813186812
PHX-SGU,5530,0.8709034944776389,11.808318264014467
SAN-SLC,24101,1.0975873094971138,11.800340234845027
ABE-CLT,6975,-6.1918654785858,11.799283154121863
SRQ-MDT,517,-3.1705426356589146,11.798839458413926
MSP-TUS,1374,-6.594160583941606,11.790393013100436
RNO-SLC,12935,1.2831502398267058,11.789717819868574
PHX-JAC,527,-0.17870722433460076,11.76470588235294
DTW-SLC,15008,-3.106218307979717,11.760394456289978
CWA-DTW,2687,0.13901345291479822,11.760327502791217
ROC-DTW,9747,-1.2482029164099404,11.757463835026162
BDL-ATL,21017,-2.7783765738267836,11.752390921634866
SLC-BOI,18334,-0.2668813799879906,11.74866368495691
OAK-STL,2045,-1.0323370896619304,11.7359413202934
SNA-HNL,504,-3.6878727634194832,11.706349206349206
PAE-GEG,598,0.24247491638795987,11.705685618729097
GRR-DTW,16012,-1.3786231884057971,11.703722208343741
GUM-HNL,3623,-0.7430306375931548,11.703008556444935
RNO-PDX,2684,0.41014168530947054,11.698956780923995
ALB-BWI,16404,-1.7756684165547552,11.698366252133626
MKE-MCI,3814,-1.61892247043364,11.693759832197168
XNA-MIA,744,-2.2409152086137283,11.693548387096774
BRW-FAI,1856,-2.04638619201726,11.691810344827585
DEN-ATY,941,-3.408751334044824,11.689691817215728
SNA-PDX,11407,-1.5302737802737802,11.685806960638205
SLC-OMA,6933,-1.0514376535182777,11.668830232222703
CAK-DCA,2443,-1.0180698151950718,11.665984445354074
DTW-MSP,25750,-2.3993313377133303,11.662135922330098
LIT-STL,5428,-0.11086515403062165,11.643330876934414
CLE-IAD,6248,0.8039090035245113,11.635723431498079
FCA-MSP,3748,0.31009615384615385,11.632870864461047
PIT-BWI,9698,-1.9975214293090984,11.631264178181068
GSP-MDW,860,0.7602339181286549,11.627906976744185
IAH-CLL,4387,-0.23634285714285713,11.625256439480284
YAK-JNU,3510,-7.212234348075818,11.623931623931623
SNA-MSP,7786,-2.1006573011986083,11.623426663241716
LGB-BNA,783,-1.3889602053915275,11.621966794380588
SLC-DSM,1721,-1.7803030303030303,11.621150493898897
LNK-ATL,1551,2.238372093023256,11.60541586073501
PVD-DTW,7583,0.895932382461701,11.604905710141106
SLC-TUL,5361,-0.9062558356676004,11.602313001305726
CVG-ATL,25540,-1.0739956888105036,11.601409553641346
MSP-BJI,7108,0.9669724770642202,11.592571750140687
BTR-DCA,509,-0.45454545454545453,11.591355599214145
ISP-BWI,13881,-0.7604444765134569,11.584179814134428
LSE-DTW,855,-2.815943728018757,11.578947368421053
LIH-HNL,66305,1.1232050199107035,11.5722796169218
PIE-ELM,726,-3.4687065368567453,11.570247933884298
SNA-IAH,13346,-2.22567740961582,11.546530795744044
EAR-DEN,2209,4.324410163339383,11.543684925305568
SGU-PHX,5529,0.12269272529858849,11.539157171278712
SAN-IAD,10274,-3.306060606060606,11.524235935370838
MEM-ATL,32730,-1.2662607844337026,11.509318667888788
ANC-FAI,13225,-0.9289927404718693,11.508506616257089
IAH-MLU,4296,-0.15743985050221912,11.499068901303538
LIT-DCA,2021,-4.437778879524045,11.479465611083622
JAX-ATL,46828,-0.7393441922106794,11.471769027077816
PDX-RNO,2807,-0.7003571428571429,11.471321695760599
SAT-MSP,6072,2.039260969976905,11.462450592885375
PIT-RDU,3298,-2.7206194959003946,11.461491813220134
OMA-PHL,1239,-5.176375404530744,11.46085552865214
MSO-MSP,4957,1.9547291835084883,11.458543473875329
GRB-DTW,9105,-1.0115384615384615,11.433278418451401
MEM-MSP,7990,-0.4318295739348371,11.426783479349186
SLC-GEG,14345,-0.8898819914810419,11.425583827117462
MSP-FNT,1962,-1.710997442455243,11.416921508664627
ICT-PHX,2508,-2.838258785942492,11.403508771929824
CYS-DEN,1896,1.3023746701846965,11.39240506329114
BMI-DTW,676,-1.668639053254438,11.390532544378699
SLC-BZN,12217,0.12080151104541348,11.377588606040764
CAK-ATL,8526,-3.5474538398212396,11.376964578935024
IAH-VCT,2526,-4.987693529178245,11.361836896278701
SEA-ICT,1074,-3.4375,11.359404096834265
SLC-RDU,2934,-3.4383983572895276,11.349693251533742
PIT-DTW,11738,-1.2995823744992756,11.347759413869483
PDX-LGB,3464,0.05754771544245228,11.345265588914549
MHT-BWI,18406,-3.216395582875483,11.316961860262957
SMF-IAH,5841,-1.184273916035788,11.316555384351995
VPS-ATL,21765,-0.1796263918284715,11.31173903055364
OTZ-ANC,4385,-2.9828884325804244,11.311288483466363
TUL-MDW,1822,-3.7963676389653274,11.306256860592754
JNU-GST,832,-3.2382103990326483,11.298076923076923
TLH-ATL,20080,0.2629978565375604,11.274900398406375
XNA-PHX,816,-2.9313725490196076,11.27450980392157
MSP-MSY,4054,-5.517693640188072,11.272816970892945
CMH-ATL,32438,-1.779167052576333,11.258400641223258
RKS-DEN,5783,2.1936210781764602,11.257132975964032
PIA-MSP,1173,3.545299145299145,11.253196930946292
BOI-SJC,4390,-0.8248974008207934,11.252847380410023
YKM-SEA,1333,2.345086271567892,11.252813203300825
ANC-SLC,1022,-2.4442270058708413,11.252446183953033
SAN-ATL,20609,-1.7393697335736205,11.247513222378574
SJC-RNO,3827,-1.3369934640522876,11.235955056179774
IAH-ABI,561,-1.4385026737967914,11.229946524064172
CVG-DTW,11221,-1.5779243937232525,11.228945726762321
YUM-PHX,14455,1.7225297536673125,11.214112763749567
ATW-CLT,1204,-3.453034081463009,11.212624584717608
MSP-ABR,7217,-0.8632442960489705,11.209643896355827
PDX-FAT,4140,-0.3512206913222142,11.183574879227052
SLC-RNO,12943,-1.0201347479284442,11.172062118519662
RAP-MSP,13010,0.1448472254290772,11.168332052267486
HIB-MSP,6054,0.18413223140495869,11.166171126527916
CHA-LGA,609,-0.8434925864909391,11.16584564860427
GSO-MIA,2911,-0.5116999311768754,11.164548265200962
ECP-ATL,20874,-0.1742925659472422,11.157420714764779
TUL-ATL,14621,-1.1148361442479089,11.155187743656384
SLC-BUR,13081,-2.8834214762014256,11.153581530464033
MCI-ATL,33716,-0.9986917999643218,11.143077470637087
BHM-ATL,30264,-1.0171929244503224,11.138646576790908
CLE-MKE,3645,-2.787286736378646,11.138545953360769
SLC-MSP,18235,-1.3470071389346512,11.137921579380313
BOI-MSP,7345,1.2621451965065502,11.136827773995915
ICT-MSP,6233,-1.574505706478058,11.134285255896037
CWA-MSP,5542,-3.523129743404409,11.133164922410682
ICT-SEA,1071,-4.318650421743206,11.11111111111111
VPS-BNA,3242,-2.745364647713226,11.104256631708822
MSP-SLC,18233,-3.0463303507712576,11.089782262929852
SMF-ATL,8414,-0.5073327769166567,11.076776800570478
MFR-PHX,4214,2.3518782691393247,11.058376839107737
IND-IAD,6187,-0.09663321463256717,11.05543882333926
SAT-MCI,1755,-2.532497149372862,11.054131054131053
RAP-SLC,3068,0.49869451697127937,11.04954367666232
RDD-LAX,1738,2.5570276497695854,11.047180667433832
MKE-ATL,27407,-2.249113053655682,11.033677527638924
SLC-PDX,25217,-2.0458985150480427,11.032240155450689
IND-DTW,13712,-0.925658422703728,11.02683780630105
BGR-DTW,690,-1.1652173913043478,11.014492753623188
OMA-ATL,17977,-1.3408609345377496,11.01407353841019
HNL-IAH,3451,-6.094767441860465,11.011301072152998
EUG-SEA,10475,-0.5732721537137941,11.007159904534607
MSN-DTW,13897,-0.666450637286671,10.995178815571705
PDX-SNA,11433,-1.52169339994741,10.994489635266333
SEA-SUN,565,-0.005545286506469501,10.973451327433628
MDT-ATL,9507,-2.441424357353561,10.970863574208478
LGB-SLC,18825,0.20162748643761302,10.96945551128818
TUL-STL,5698,-1.8146847005093976,10.951210951210951
ANC-SCC,5922,-0.6890899778043367,10.94224924012158
DVL-JMS,3172,6.95877616747182,10.939470365699874
ORF-ATL,25924,0.000618190248048837,10.92809751581546
HNL-ORD,3940,-4.920824847250509,10.913705583756345
OAK-SBA,1357,-3.4715447154471546,10.906411201179072
PSP-SJC,1110,-2.571171171171171,10.9009009009009
ITO-LAX,2001,1.0551340414769854,10.89455272363818
HNL-MSP,2177,-5.906998158379374,10.886541111621497
SMF-MSP,5484,0.5724213606437454,10.86797957695113
GRB-ATL,4346,-1.2889760147601477,10.860561435803037
LIH-OGG,12141,2.391049942310862,10.847541388682975
SMF-SLC,18079,0.24260715472366817,10.835776315061674
HSV-DTW,2126,0.40508714083843617,10.818438381937911
BLI-LAS,5364,-0.1261918115535614,10.812826249067859
SLC-ONT,11517,-1.4390646731571628,10.81010679864548
OGG-LGB,2026,-6.034670629024269,10.809476801579466
ATL-DSM,10291,-2.692158007394435,10.805558254785735
HNL-DFW,6583,0.1816519353855532,10.80054686313231
SAV-ATL,30454,-1.1753647955830155,10.790044000788074
DSM-ATL,10294,-1.5515293200857199,10.782980376918594
SLC-COS,7478,-0.6329708685729628,10.778282963359187
GJT-PHX,8895,0.43995498030388297,10.770095559302979
SLC-ABQ,9001,-1.7065628476084538,10.754360626597045
SMF-IAD,2671,-2.5126367408525083,10.745039311119431
BOS-SDF,1612,-7.843478260869565,10.732009925558312
ATL-ICT,10017,-2.1949364555188633,10.731756014774883
HNL-ITO,52690,1.9344576757259795,10.715505788574681
SBA-SMF,896,-0.39285714285714285,10.714285714285714
MSP-HIB,6080,-2.9349727677834627,10.69078947368421
OGG-DFW,5053,-0.4537331215250199,10.686720759944587
LIT-ATL,21559,-2.338132837900604,10.668398348717473
PHX-BIL,647,-6.068322981366459,10.664605873261205
KOA-HNL,68657,0.2848506038488994,10.654412514383091
PDX-IAH,7582,-1.6206120015896146,10.63044051701398
MLB-ATL,13756,-1.5071376547705755,10.628089560918871
RDU-DTW,12572,-0.13224522292993632,10.626789691377665
ANC-PDX,7417,-3.255195681511471,10.610759067008225
SAN-DTW,9083,-3.457492557062521,10.591214356490147
STL-SLC,8846,-2.26714188730482,10.558444494686864
CAE-ATL,24611,-0.38727383614555805,10.556255332981188
RSW-ATL,35171,-1.724294139434172,10.545619970998835
SJC-TUS,1310,-4.836391437308868,10.534351145038167
SGU-LAX,902,2.229744728079911,10.532150776053214
JNU-KTN,3182,-1.8763902129011758,10.527969830295412
PIT-SLC,618,-4.612641815235008,10.517799352750808
ATL-MSN,10191,-2.4351287595832516,10.489647728387794
MSP-BRD,6265,-0.003997441637352095,10.48683160415004
TYR-IAH,897,-3.0423634336677816,10.479375696767
SDF-ATL,27943,-2.6086379928315413,10.47489532262105
HNL-OGG,96331,1.4411410413508068,10.474302145726714
MHT-DTW,1911,-4.278740157480315,10.465724751439037
BRO-IAH,8001,-0.909079524107702,10.46119235095613
ATL-DAY,13037,-1.6325167037861916,10.454859246759224
TUL-DTW,1015,5.760869565217392,10.44334975369458
PIT-ATL,30028,-3.3477622400961184,10.433595311043026
PDX-DTW,3417,-2.8118405627198126,10.418495756511561
MFR-SEA,9033,-0.3906631182080284,10.417358574117126
SMF-STL,2142,-1.879100281162137,10.410830999066294
ICT-STL,5491,-3.639380127620784,10.398834456383172
BDL-DTW,13022,-1.8670253651037663,10.397788358163108
SJC-STL,1578,-0.04007633587786259,10.392902408111533
DAB-ATL,15036,-0.5051299133910726,10.388401170524075
COS-SLC,7477,-0.815454667202357,10.378494048415138
BNA-SLC,5590,-2.842614145031334,10.37567084078712
OGG-ITO,5306,0.7659815198943994,10.365623822088201
ITO-HNL,51913,1.0434682080924855,10.35964016720282
ROW-PHX,2259,1.4707446808510638,10.358565737051793
ANC-OTZ,4779,-0.8983731248679484,10.357815442561206
SLC-WYS,2415,-0.27082461280870657,10.351966873706004
GRR-ATL,14034,-3.0391484497785397,10.346301838392476
LIH-SFO,5405,-1.2302985351381421,10.32377428307123
MEM-DTW,6793,-0.621370670596905,10.319446489032828
BOI-SLC,18339,0.17686221009549796,10.305905447407165
GEG-SLC,14335,-1.1372494237619613,10.28950122078828
OKC-MSP,5054,-1.6458581054300436,10.288880094974278
VCT-IAH,2520,-2.1291219705999205,10.277777777777777
BZN-MSP,7942,-1.3702675416456336,10.274490052883404
OKC-SLC,6918,1.26885768061387,10.24862677074299
JAN-BWI,1181,-6.171186440677966,10.245554614733276
SAT-DTW,6884,-0.27953386744355424,10.241138872748403
BOI-PDX,7224,0.4844918305178621,10.229789590254706
SLC-BIL,10836,-1.7538148524923702,10.225175341454412
DSM-DTW,7102,-3.0705932083979146,10.222472542945649
SJC-SLC,19080,-1.0037246878606652,10.19916142557652
TUS-PDX,1883,-2.852659574468085,10.196494954859267
SLC-PSC,9446,-0.8909766454352441,10.194791446114758
CMI-CLT,697,-1.531700288184438,10.186513629842182
SLC-DTW,15016,-3.2077748883109956,10.169152903569525
LBL-PUB,728,3.5728155339805827,10.164835164835164
SRQ-ATL,22820,-0.13792195250427988,10.153374233128835
OKC-MIA,1026,-4.819159335288368,10.1364522417154
SDF-IAD,2260,-1.4093126385809314,10.132743362831858
TWF-SLC,8791,-2.7109668602664843,10.123990444773064
SLC-FCA,10875,-2.5107521919704663,10.114942528735632
LCH-IAH,5508,-1.9976376521897148,10.112563543936092
SAT-SLC,8402,0.25363874970174183,10.104736967388718
LSE-MSP,6138,-3.7474731007499185,10.084718149234279
TYS-ATL,24485,-3.4185229084072426,10.083724729426178
TPA-SLC,2303,-5.522173913043479,10.073816760746853
FSD-CLT,685,-6.584795321637427,10.072992700729927
JAN-ATL,24743,-3.192458631710968,10.063452289536434
ALB-MSP,1164,-0.18986254295532645,10.051546391752577
CDC-SLC,6149,-2.2342122395833335,10.050414701577493
ELP-ATL,7538,-1.719461835620088,10.042451578668082
HNL-LIH,66409,1.2778087475328823,10.028761161890708
ICT-ATL,10010,-0.9516419703644373,10.01998001998002
SJC-IAH,3953,-5.530591520690531,10.01770806982039
GSP-ATL,32499,-2.362986913010008,9.997230684021046
WYS-SLC,2411,3.116375727348296,9.995852343425964
ACY-MYR,3426,-1.4163253364540667,9.98248686514886
PDX-BZN,1032,-2.853943524829601,9.980620155038759
DAY-MDW,1173,-2.0692307692307694,9.974424552429667
SLC-TUS,10003,-2.721938520076099,9.96700989703089
MCI-SLC,8692,-2.0632342778161714,9.963184537505752
PIE-PBG,663,-4.765151515151516,9.95475113122172
AVP-ATL,1832,-1.4368507381082558,9.934497816593886
OMA-SLC,6941,-1.488888888888889,9.92652355568362
PIE-ALB,746,-1.9690860215053763,9.919571045576408
PDX-MFR,1140,-0.7427312775330397,9.912280701754387
ERI-CLT,916,-2.9934138309549945,9.82532751091703
BZN-SLC,12208,-0.9509755697655353,9.813237221494102
TUL-LGA,785,-2.553708439897698,9.80891719745223
GSP-DTW,5396,-0.49183370452858205,9.785025945144552
SCC-ANC,2927,-6.766757865937072,9.771096686026649
MYR-ATL,14424,-2.2280555555555557,9.768441486411536
SLC-PSP,9293,-2.817044228694714,9.73851285914129
GSO-ATL,25149,-2.934622577692889,9.733985446737444
ATL-MDT,9508,-2.6303477344573234,9.697097181320993
ROC-MSP,1207,-4.43142144638404,9.693454846727423
SAN-MSP,12532,-4.185114045618247,9.679221193744016
MSP-ISN,3885,-5.33298755186722,9.678249678249678
OGG-PHX,6016,-3.8642201834862386,9.674202127659575
ALS-DEN,951,-1.0221052631578946,9.674027339642482
LBB-AUS,2893,-0.8899273104880582,9.643968199101279
SCC-BRW,3757,-4.722871906445472,9.635347351610328
BIL-MSP,6126,-0.8393587436610502,9.61475677440418
ABI-IAH,563,-6.229537366548043,9.591474245115453
MCI-DTW,14284,-1.8459489767311466,9.591150938112573
SMF-BWI,1293,-4.024087024087024,9.590100541376643
IMT-RHI,670,-1.9327217125382263,9.55223880597015
PHX-IAD,4725,-5.450880543178442,9.544973544973544
FNT-MSP,1960,-0.1462915601023018,9.540816326530614
PDX-MCI,2949,-3.1466893039049237,9.528653780942692
BLI-LAX,798,-0.4780426599749059,9.523809523809524
PDX-IAD,2608,-5.67,9.509202453987731
CLE-SLC,580,-4.343696027633851,9.482758620689655
PDX-SLC,25234,-1.0659868264423458,9.455496552270745
SJC-ATL,6363,-3.6118815001575797,9.445230237309445
PDX-ATL,12267,-4.235457743598134,9.439960870628514
FAI-ANC,14569,-3.725887279467289,9.437847484384653
BDL-CLE,975,0.06564102564102564,9.435897435897436
PNS-ATL,24895,-2.283134952549461,9.431612773649327
SLC-TWF,8473,-0.3893690067479579,9.429953971438687
HNL-KOA,68107,0.6582356570018507,9.392573450599793
ONT-PDX,6603,-3.679047907822923,9.389671361502346
HSV-ATL,23478,-3.4219362536219533,9.38325240650822
SUN-SLC,8144,1.0157344806392132,9.3688605108055
OGG-DEN,3179,-3.475798797848782,9.342560553633218
SLC-EUG,6099,-2.4640039447731756,9.329398262010166
SLC-MSO,10986,-3.24625365497076,9.31185144729656
MKE-HOU,1150,-9.43231441048035,9.304347826086957
MSO-SLC,10974,-0.31089217296113847,9.28558410789138
CLL-IAH,4397,-1.8482711555959963,9.279053900386627
DAY-ATL,13033,-4.252016283892772,9.276452083173483
SLC-MFR,6523,-2.2737490377213243,9.27487352445194
BUR-SLC,13086,-2.7319461444308444,9.269448265321719
SLC-FAT,10805,-2.7495366938472943,9.254974548819991
SGU-SLC,13109,-2.0707471571395866,9.237928140971851
ABQ-ATL,8391,-2.590637688082159,9.236086282922178
PHX-ROW,2257,-1.6354767184035477,9.21577315019938
LIT-DTW,1259,-1.5521081941129673,9.213661636219221
SLC-SGU,13113,-1.7449946507718173,9.196980096087852
TUL-SLC,5362,-2.3042016806722687,9.194330473703841
SNA-CLT,567,9.948214285714286,9.171075837742503
SLC-IDA,12957,-2.181417639329056,9.16107123562553
CHS-ATL,31351,-2.661623416004341,9.151223246467417
CVG-SLC,5822,-5.220120378331901,9.13775334936448
INL-HIB,920,0.09821428571428571,9.130434782608695
MSN-ATL,10187,-4.588565243062389,9.12928241876902
FNT-BWI,735,-4.240109140518418,9.115646258503402
TYS-MSP,1235,-6.65668016194332,9.068825910931174
SYR-MSP,1342,-2.4802091112770723,9.01639344262295
MEM-BOS,1304,-4.640276710222905,8.97239263803681
BIL-SLC,10830,-1.713163972286374,8.855032317636196
SLC-GCC,907,-2.9366666666666665,8.820286659316427
ABQ-MSP,1644,-4.919512195121952,8.819951338199514
PIH-SLC,8281,-4.259729272419627,8.815360463712112
SLC-SBA,1159,-1.5940766550522647,8.800690250215704
OKC-ATL,19842,-3.511121221312304,8.749118032456407
SBA-SLC,1157,1.4493506493506494,8.729472774416594
SLC-RAP,3075,-3.7955511939810274,8.715447154471544
FNT-ATL,5466,-6.030803080308031,8.67178924259056
GTF-MSP,3079,-0.0933636955107352,8.671646638519
IAD-SLC,2376,-7.567624683009298,8.627946127946128
TUS-MDW,3304,-5.3881458966565345,8.595641646489103
SLC-SUN,8570,-2.5794820963944987,8.553092182030339
MFR-PDX,1127,-1.2910381543921916,8.518189884649512
GCC-SLC,906,-7.057522123893805,8.49889624724062
SLC-PIH,8278,-2.924975798644724,8.407827977772408
PSC-MSP,3872,-3.6418412205844324,8.367768595041323
MBS-MSP,1166,-0.9810344827586207,8.319039451114923
IDA-SLC,12951,-2.341985322518347,8.254188865724654
MFR-SLC,6510,-2.1147515766805105,8.187403993855606
AMA-AUS,808,-3.7335811648079305,8.16831683168317
FCA-SLC,10862,-3.292707661104453,8.156877186521818
BTM-SLC,6518,-4.689591648756524,8.146670757901196
TUS-ATL,6828,-4.26431718061674,8.055067369654365
FAT-SLC,10798,-2.0709121245828697,8.047786627153176
SJC-MSP,4412,-3.966765308445254,8.00090661831369
LIH-PHX,3508,-1.4589648269945668,7.98175598631699
SLC-RDM,6715,-3.5505685218432075,7.967237527922562
FNT-MCO,555,-8.034234234234233,7.927927927927928
IND-SLC,1479,-4.959322033898305,7.910750507099391
PDX-MSP,14354,-4.528212290502793,7.872370071060332
RDM-SLC,6684,-3.3327836906011092,7.809694793536805
TYS-DTW,6435,-6.087905236907731,7.801087801087801
SPN-GUM,2353,-4.627284317892053,7.777305567360816
MEM-SLC,1646,-4.576642335766423,7.7764277035236935
LIH-LAS,1094,-8.463728191000918,7.769652650822668
PSC-SLC,9449,-2.376112759643917,7.768017779659223
PSP-SLC,9277,-1.9534356093344858,7.761129675541663
HLN-SLC,8548,-4.2762942141016635,7.697707065980346
SLC-COD,2927,-5.26115530958146,7.6870515886573285
HLN-MSP,1657,-0.1599030890369473,7.664453832226917
SLC-BTM,6531,-4.587414755114693,7.65579543714592
ONT-SLC,11506,-2.8819692093589633,7.596036850338954
ITO-OGG,5291,-0.6188764895025535,7.56000756000756
KOA-PHX,3482,-3.175165658311726,7.553130384836301
EKO-SLC,5462,0.5947233418834738,7.543024533138045
MHT-ATL,1714,-5.90233918128655,7.526254375729288
GTF-SLC,9698,-3.554397192402973,7.455145390802227
SLC-EKO,5463,-1.0678807947019868,7.431814021599853
KOA-LAS,1056,-8.355851569933396,7.386363636363637
CPR-SLC,6134,-6.239967373572594,7.319856537332899
HNL-SLC,3617,-6.410348644161594,7.298866463920375
SLC-GJT,6954,-4.4258352534562215,7.132585562266322
TUS-SLC,10001,-5.050575863795694,7.119288071192881
FAI-SCC,562,-3.064981949458484,7.11743772241993
KOA-DEN,2573,-7.328387348691917,7.112320248736884
SLC-LWS,6805,-4.813091016548463,7.06833210874357
ABQ-SLC,9000,-4.397931954636424,7.044444444444445
EUG-SLC,6103,-2.4629265091863517,7.012944453547436
LWS-SLC,6801,-2.9694072657743784,6.984267019555948
DIK-MSP,650,-6.909230769230769,6.923076923076923
SLC-CNY,855,-7.373678025851939,6.783625730994151
SLC-GTF,9702,-5.841632231404959,6.740878169449598
GUM-SPN,2354,-5.133560187154402,6.669498725573492
PDX-STL,2628,-6.2301829268292686,6.659056316590563
OMA-PDX,844,-8.111904761904762,6.6350710900473935
TUS-SJC,1303,-7.973906369915579,6.600153491941672
SLC-HLN,8550,-6.453436547032606,6.573099415204678
SLC-CPR,6137,-5.86078431372549,6.387485742219326
BLI-PSP,842,-7.592592592592593,6.294536817102138
LIH-DEN,2312,-10.717447916666666,6.141868512110726
KOA-LIH,2534,-1.1703557312252963,5.919494869771113
GJT-SLC,6969,-3.5236932797242964,5.883197015353709
BDL-STL,638,-8.506269592476489,5.799373040752351
CNY-SLC,855,-9.432748538011696,5.614035087719298
MSP-DIK,653,-8.879815100154083,5.51301684532925
SAN-OMA,1070,-21.20486435921422,5.14018691588785
OMA-SAN,1038,-26.028929604628736,4.913294797687861
